------------------------------,--------------------
www.electricblue.eu, Portugal
------------------------------,--------------------
pulse version,V2.3
------------------------------,--------------------
device,Pulse_1
rate_Hz,5
utc,0 (logged data is always stored in UTC0)
time_zone_h,1.00
daylight_saving_time,TRUE
local_time,2025-05-21 00:00
------------------------------,--------------------
time,C1
,C2
,C3
,C4
,C5
,H6
,H7
,H8
,H9
,H10
2025-05-20 22:00:00.359,1496,1400,1607,1481,483,1991,1523,1334,1675,1499
2025-05-20 22:00:00.549,1563,1509,1671,1493,1215,2067,1502,1351,1783,1887
2025-05-20 22:00:00.749,1568,1561,1687,1483,1671,1966,1691,1343,1789,1997
2025-05-20 22:00:00.949,1518,1624,1629,1465,1927,1877,1643,1453,1781,1938
2025-05-20 22:00:01.149,1363,1678,1651,1466,2133,1832,1635,1487,1736,1695
2025-05-20 22:00:01.349,1299,1727,1566,1477,2124,1815,1623,1289,1687,1579
2025-05-20 22:00:01.549,1447,1775,1515,1481,2107,1784,1593,1019,1702,1562
2025-05-20 22:00:01.749,1674,1783,1443,1485,1939,1651,1642,958,1449,1557
2025-05-20 22:00:01.949,1631,1790,1485,1491,1831,1567,1557,1192,1306,1589
2025-05-20 22:00:02.149,1492,1813,1513,1485,1817,1529,1565,1495,1267,1621
2025-05-20 22:00:02.349,1487,1711,1608,1493,1941,1482,1577,1705,1321,1650
2025-05-20 22:00:02.549,1520,1659,1677,1487,1961,1443,1759,1849,1406,1621
2025-05-20 22:00:02.749,1549,1693,1671,1489,1663,1477,1613,1875,1515,1625
2025-05-20 22:00:02.949,1575,1629,1684,1493,807,1299,1447,1775,1593,1597
2025-05-20 22:00:03.149,1589,1607,1701,1497,367,1015,1387,1733,1677,1589
2025-05-20 22:00:03.349,1629,1673,1659,1495,91,758,1635,1688,1883,1619
2025-05-20 22:00:03.549,1659,1571,1535,1496,335,735,1501,1655,1823,1623
2025-05-20 22:00:03.749,1568,1598,1571,1491,1157,883,1509,1605,1583,1573
2025-05-20 22:00:03.949,1483,1593,1571,1485,1645,1195,1616,1546,1381,1496
2025-05-20 22:00:04.149,1437,1596,1579,1483,1797,1563,1630,1485,1267,1428
2025-05-20 22:00:04.349,1460,1561,1625,1471,1956,1880,1689,1517,1255,1185
2025-05-20 22:00:04.549,1515,1563,1661,1467,2039,2031,1579,1599,1317,947
2025-05-20 22:00:04.749,1560,1609,1643,1476,2093,2025,1507,1651,1229,951
2025-05-20 22:00:04.949,1511,1543,1645,1481,2003,1975,1641,1750,1059,1175
2025-05-20 22:00:05.149,1365,1562,1683,1487,1951,1941,1672,1707,919,1553
2025-05-20 22:00:05.349,1308,1491,1679,1494,1977,1886,1763,1513,939,1871
2025-05-20 22:00:05.549,1453,1541,1627,1493,2036,1849,1565,1363,1106,2027
2025-05-20 22:00:05.749,1621,1591,1590,1497,1727,1813,1591,1302,1402,1927
2025-05-20 22:00:05.949,1693,1579,1629,1499,1260,1785,1519,1375,1735,1709
2025-05-20 22:00:06.149,1531,1625,1577,1506,539,1717,1365,1435,1993,1532
2025-05-20 22:00:06.349,1478,1583,1591,1499,227,1657,1331,1562,2131,1511
2025-05-20 22:00:06.549,1493,1590,1469,1497,349,1541,1559,1478,2249,1522
2025-05-20 22:00:06.749,1528,1571,1425,1499,793,1493,1621,1175,2313,1565
2025-05-20 22:00:06.949,1554,1593,1437,1497,1517,1464,1469,935,2389,1609
2025-05-20 22:00:07.149,1579,1599,1491,1497,1579,1451,1487,974,1974,1621
2025-05-20 22:00:07.349,1591,1591,1541,1495,1717,1338,1503,1234,1581,1606
2025-05-20 22:00:07.549,1655,1517,1590,1494,1819,1163,1567,1523,1359,1606
2025-05-20 22:00:07.749,1631,1511,1615,1487,1897,793,1463,1722,1335,1579
2025-05-20 22:00:07.949,1531,1545,1641,1478,1749,653,1589,1817,1343,1571
2025-05-20 22:00:08.149,1463,1527,1662,1465,1611,821,1502,1817,1401,1560
2025-05-20 22:00:08.349,1450,1529,1673,1469,1719,1063,1672,1767,1479,1621
2025-05-20 22:00:08.549,1477,1548,1571,1481,1861,1401,1682,1703,1548,1593
2025-05-20 22:00:08.749,1529,1556,1491,1490,1951,1663,1499,1639,1749,1516
2025-05-20 22:00:08.949,1563,1611,1515,1494,2029,1931,1587,1587,1719,1455
2025-05-20 22:00:09.149,1519,1501,1577,1496,2095,2011,1529,1508,1553,1193
2025-05-20 22:00:09.349,1395,1530,1543,1496,1909,1869,1554,1470,1343,911
2025-05-20 22:00:09.549,1278,1509,1560,1501,1327,1874,1492,1508,1243,907
2025-05-20 22:00:09.749,1384,1545,1584,1495,819,1875,1509,1587,1197,1144
2025-05-20 22:00:09.949,1619,1565,1557,1495,541,1839,1483,1645,1251,1482
2025-05-20 22:00:10.149,1623,1553,1624,1485,773,1774,1525,1751,1331,1815
2025-05-20 22:00:10.349,1496,1543,1599,1484,1367,1753,1500,1679,1385,2009
2025-05-20 22:00:10.549,1483,1490,1567,1481,1915,1691,1501,1573,1465,1903
2025-05-20 22:00:10.749,1523,1513,1525,1487,2111,1641,1423,1403,1495,1749
2025-05-20 22:00:10.949,1560,1493,1564,1481,2165,1541,1403,1300,1463,1512
2025-05-20 22:00:11.149,1577,1515,1559,1477,2123,1467,1577,1317,1369,1470
2025-05-20 22:00:11.350,1582,1454,1514,1482,2023,1421,1501,1341,1209,1499
2025-05-20 22:00:11.550,1624,1298,1447,1470,1939,1434,1523,1453,949,1509
2025-05-20 22:00:11.750,1641,1389,1351,1464,1919,1423,1567,1527,789,1556
2025-05-20 22:00:11.950,1560,1383,1391,1463,1961,1245,1427,1443,821,1575
2025-05-20 22:00:12.150,1479,1351,1427,1469,2073,889,1390,1167,1063,1591
2025-05-20 22:00:12.350,1428,1367,1505,1486,1875,599,1573,933,1439,1582
2025-05-20 22:00:12.550,1447,1443,1544,1484,1753,615,1621,1047,1927,1567
2025-05-20 22:00:12.750,1501,1481,1619,1484,1673,915,1465,1273,2402,1567
2025-05-20 22:00:12.950,1549,1529,1597,1485,1604,1223,1483,1573,2537,1531
2025-05-20 22:00:13.150,1554,1597,1575,1487,1467,1519,1459,1723,2527,1559
2025-05-20 22:00:13.350,1477,1641,1554,1487,832,1827,1546,1773,2387,1589
2025-05-20 22:00:13.550,1331,1745,1531,1484,547,2011,1477,1771,2109,1559
2025-05-20 22:00:13.750,1317,1747,1430,1478,787,1965,1545,1711,1836,1487
2025-05-20 22:00:13.950,1471,1691,1481,1478,1159,1863,1461,1679,1579,1335
2025-05-20 22:00:14.150,1659,1692,1486,1477,1417,1845,1379,1607,1422,981
2025-05-20 22:00:14.350,1555,1631,1527,1471,1725,1812,1545,1495,1349,856
2025-05-20 22:00:14.550,1494,1607,1519,1480,1907,1768,1460,1497,1358,989
2025-05-20 22:00:14.750,1527,1587,1608,1480,1963,1741,1449,1487,1305,1311
2025-05-20 22:00:14.950,1555,1541,1575,1479,1902,1723,1435,1525,1209,1673
2025-05-20 22:00:15.150,1576,1531,1621,1463,1839,1655,1470,1573,1161,1939
2025-05-20 22:00:15.350,1592,1519,1545,1459,1956,1607,1499,1647,1127,1971
2025-05-20 22:00:15.550,1595,1526,1563,1459,1907,1487,1523,1756,1144,1789
2025-05-20 22:00:15.750,1623,1583,1577,1469,1708,1418,1611,1661,1213,1613
2025-05-20 22:00:15.950,1563,1547,1567,1483,1621,1395,1542,1492,1295,1493
2025-05-20 22:00:16.150,1501,1485,1483,1491,1571,1385,1453,1309,1359,1471
2025-05-20 22:00:16.350,1459,1529,1437,1484,1439,1320,1555,1263,1427,1471
2025-05-20 22:00:16.550,1452,1503,1355,1485,1226,1141,1471,1299,1478,1512
2025-05-20 22:00:16.750,1492,1465,1357,1490,844,786,1401,1375,1483,1567
2025-05-20 22:00:16.950,1542,1509,1423,1485,651,613,1288,1503,1405,1570
2025-05-20 22:00:17.150,1558,1503,1512,1481,856,756,1399,1548,1144,1574
2025-05-20 22:00:17.350,1549,1531,1598,1483,1081,1063,1437,1429,727,1555
2025-05-20 22:00:17.550,1509,1523,1578,1481,1403,1391,1452,1163,371,1560
2025-05-20 22:00:17.750,1387,1507,1555,1481,1761,1659,1556,985,410,1529
2025-05-20 22:00:17.950,1299,1497,1611,1479,1996,1916,1557,1084,837,1523
2025-05-20 22:00:18.150,1453,1526,1605,1479,2057,2001,1512,1341,1453,1577
2025-05-20 22:00:18.350,1469,1500,1529,1483,2015,1931,1477,1593,2153,1611
2025-05-20 22:00:18.550,1467,1512,1508,1479,2053,1929,1499,1781,2643,1554
2025-05-20 22:00:18.750,1500,1556,1546,1467,1981,1837,1438,1863,2739,1490
2025-05-20 22:00:18.950,1573,1519,1567,1453,1852,1848,1295,1878,2681,1301
2025-05-20 22:00:19.150,1618,1549,1591,1460,1769,1785,1580,1943,2415,968
2025-05-20 22:00:19.350,1638,1528,1527,1469,1547,1771,1466,1828,2147,910
2025-05-20 22:00:19.550,1653,1559,1580,1483,1547,1751,1591,1690,1897,1081
2025-05-20 22:00:19.750,1629,1527,1593,1491,1309,1637,1543,1560,1755,1423
2025-05-20 22:00:19.950,1559,1489,1598,1486,1041,1559,1490,1481,1567,1740
2025-05-20 22:00:20.150,1491,1582,1631,1491,827,1503,1593,1421,1497,1940
2025-05-20 22:00:20.350,1438,1581,1631,1492,709,1399,1526,1407,1525,1941
2025-05-20 22:00:20.550,1463,1508,1627,1495,639,1387,1427,1467,1437,1801
2025-05-20 22:00:20.750,1513,1551,1555,1493,1085,1369,1455,1517,1287,1587
2025-05-20 22:00:20.950,1557,1599,1557,1484,1608,1207,1491,1639,1151,1509
2025-05-20 22:00:21.150,1577,1529,1575,1493,1935,973,1445,1677,1149,1487
2025-05-20 22:00:21.350,1563,1597,1415,1487,2163,661,1533,1559,1286,1503
2025-05-20 22:00:21.550,1547,1591,1395,1483,2169,723,1400,1349,1463,1548
2025-05-20 22:00:21.750,1517,1565,1386,1485,2096,907,1455,1243,1579,1575
2025-05-20 22:00:21.950,1516,1593,1515,1493,2105,1199,1507,1289,1627,1583
2025-05-20 22:00:22.150,1547,1559,1603,1479,2008,1548,1567,1294,1597,1597
2025-05-20 22:00:22.350,1455,1551,1615,1467,1807,1829,1770,1397,1530,1583
2025-05-20 22:00:22.550,1398,1543,1640,1454,1688,2072,1698,1517,1453,1583
2025-05-20 22:00:22.750,1364,1551,1592,1460,1549,1945,1700,1429,1339,1529
2025-05-20 22:00:22.950,1381,1541,1620,1469,1365,1927,1767,1162,1133,1513
2025-05-20 22:00:23.150,1437,1543,1620,1487,1147,1909,1515,985,855,1593
2025-05-20 22:00:23.350,1517,1461,1565,1493,951,1875,1596,1093,585,1589
2025-05-20 22:00:23.550,1579,1383,1519,1493,894,1821,1519,1389,675,1563
2025-05-20 22:00:23.750,1565,1403,1563,1499,601,1819,1627,1628,1195,1507
2025-05-20 22:00:23.950,1491,1389,1583,1502,803,1772,1573,1771,1349,1298
2025-05-20 22:00:24.150,1444,1436,1610,1497,1315,1687,1637,1833,1579,1007
2025-05-20 22:00:24.350,1507,1485,1631,1487,1813,1581,1663,1822,1880,923
2025-05-20 22:00:24.550,1599,1463,1624,1489,2071,1529,1599,1769,2151,1093
2025-05-20 22:00:24.750,1653,1506,1614,1490,2221,1523,1757,1691,2357,1423
2025-05-20 22:00:24.950,1675,1651,1669,1491,2232,1493,1845,1635,2357,1740
2025-05-20 22:00:25.150,1663,1672,1706,1490,2219,1471,1752,1557,2187,1955
2025-05-20 22:00:25.350,1628,1721,1627,1487,2109,1397,1629,1498,1989,1927
2025-05-20 22:00:25.550,1579,1770,1660,1495,1951,1173,1517,1434,1887,1845
2025-05-20 22:00:25.750,1576,1821,1622,1480,1725,792,1319,1461,1813,1655
2025-05-20 22:00:25.950,1580,1771,1583,1463,1597,637,1315,1591,1641,1555
2025-05-20 22:00:26.150,1508,1749,1561,1459,1444,761,1261,1673,1395,1545
2025-05-20 22:00:26.350,1463,1695,1469,1463,1285,1064,1268,1787,1227,1518
2025-05-20 22:00:26.550,1467,1675,1427,1482,1068,1399,1419,1779,1189,1555
2025-05-20 22:00:26.750,1485,1700,1435,1491,1141,1723,1419,1643,1299,1589
2025-05-20 22:00:26.950,1509,1621,1547,1493,847,1943,1501,1421,1381,1611
2025-05-20 22:00:27.150,1533,1603,1563,1495,653,2063,1400,1351,1527,1619
2025-05-20 22:00:27.350,1607,1611,1670,1501,957,1960,1512,1327,1624,1599
2025-05-20 22:00:27.550,1559,1625,1716,1506,1467,1989,1555,1357,1676,1591
2025-05-20 22:00:27.750,1434,1598,1715,1497,1933,1973,1517,1435,1675,1562
2025-05-20 22:00:27.950,1133,1541,1704,1491,2213,1897,1629,1555,1642,1531
2025-05-20 22:00:28.150,907,1625,1599,1497,2276,1843,1618,1492,1587,1593
2025-05-20 22:00:28.350,1087,1597,1625,1492,2311,1816,1509,1241,1545,1609
2025-05-20 22:00:28.550,1487,1532,1587,1492,2188,1758,1581,991,1491,1572
2025-05-20 22:00:28.750,1818,1577,1597,1493,2099,1647,1648,1020,1453,1527
2025-05-20 22:00:28.950,1894,1619,1559,1496,1839,1545,1560,1293,1419,1343
2025-05-20 22:00:29.150,1821,1561,1646,1499,1719,1499,1640,1553,1303,1013
2025-05-20 22:00:29.350,1741,1563,1588,1490,1527,1487,1565,1773,1235,933
2025-05-20 22:00:29.550,1679,1595,1677,1470,1289,1492,1351,1896,1093,1094
2025-05-20 22:00:29.750,1556,1483,1650,1453,1100,1491,1279,1832,873,1377
2025-05-20 22:00:29.950,1509,1563,1647,1465,1115,1339,1173,1767,969,1721
2025-05-20 22:00:30.150,1510,1584,1645,1481,983,955,1151,1739,1215,1941
2025-05-20 22:00:30.350,1532,1553,1672,1495,731,669,1211,1659,1577,1960
2025-05-20 22:00:30.550,1558,1548,1643,1496,794,691,1495,1531,1941,1835
2025-05-20 22:00:30.750,1572,1593,1571,1495,1261,896,1753,1528,2150,1654
2025-05-20 22:00:30.950,1579,1581,1525,1499,1707,1139,1812,1515,2275,1544
2025-05-20 22:00:31.150,1635,1555,1543,1510,2043,1511,2087,1577,2254,1512
2025-05-20 22:00:31.350,1591,1503,1445,1500,2175,1836,2283,1685,2099,1517
2025-05-20 22:00:31.550,1498,1529,1371,1492,2233,2054,2368,1789,1831,1549
2025-05-20 22:00:31.750,1448,1541,1401,1491,2277,1999,2280,1943,1613,1568
2025-05-20 22:00:31.950,1398,1577,1484,1493,2127,1959,1917,1837,1439,1580
2025-05-20 22:00:32.150,1210,1590,1589,1493,1955,1995,1660,1561,1309,1579
2025-05-20 22:00:32.350,1205,1560,1609,1493,1617,1901,1462,1311,1349,1574
2025-05-20 22:00:32.550,1456,1548,1612,1489,1381,1845,1279,1215,1385,1559
2025-05-20 22:00:32.750,1652,1523,1590,1485,1147,1759,1173,1252,1450,1549
2025-05-20 22:00:32.950,1705,1493,1648,1476,1095,1707,1110,1305,1563,1506
2025-05-20 22:00:33.150,1661,1497,1517,1467,1042,1587,1171,1373,1559,1573
2025-05-20 22:00:33.350,1589,1597,1512,1463,998,1557,1019,1465,1567,1584
2025-05-20 22:00:33.550,1528,1575,1514,1465,791,1516,1255,1459,1527,1531
2025-05-20 22:00:33.750,1438,1497,1491,1477,759,1467,1295,1255,1461,1481
2025-05-20 22:00:33.950,1455,1497,1547,1481,1099,1379,1423,983,1423,1305
2025-05-20 22:00:34.150,1502,1493,1580,1487,1530,1429,1273,943,1406,1014
2025-05-20 22:00:34.350,1553,1529,1460,1482,1852,1291,1466,1135,1401,902
2025-05-20 22:00:34.550,1580,1529,1581,1485,2107,1080,1607,1443,1404,1044
2025-05-20 22:00:34.750,1589,1519,1563,1487,2207,703,1501,1651,1391,1352
2025-05-20 22:00:34.950,1607,1512,1550,1485,2184,597,1463,1782,1467,1655
2025-05-20 22:00:35.150,1623,1519,1584,1483,2147,745,1516,1797,1331,1873
2025-05-20 22:00:35.350,1550,1483,1584,1479,1956,1013,1447,1791,1251,1908
2025-05-20 22:00:35.550,1516,1369,1553,1479,1657,1357,1555,1760,1275,1799
2025-05-20 22:00:35.750,1492,1292,1544,1478,1357,1626,1567,1701,1381,1643
2025-05-20 22:00:35.950,1416,1341,1567,1479,1107,1913,1566,1560,1544,1511
2025-05-20 22:00:36.150,1287,1369,1457,1479,991,2006,1500,1469,1611,1477
2025-05-20 22:00:36.350,1352,1356,1365,1480,971,1901,1352,1470,1645,1485
2025-05-20 22:00:36.550,1511,1407,1309,1477,982,1881,1245,1505,1653,1501
2025-05-20 22:00:36.750,1605,1507,1393,1467,724,1911,1123,1523,1599,1519
2025-05-20 22:00:36.950,1619,1517,1519,1455,773,1877,1072,1609,1483,1563
2025-05-20 22:00:37.150,1565,1589,1573,1461,1197,1829,1099,1711,1275,1573
2025-05-20 22:00:37.350,1502,1673,1628,1479,1689,1765,1311,1685,809,1587
2025-05-20 22:00:37.550,1421,1746,1544,1477,1951,1673,1631,1527,347,1583
2025-05-20 22:00:37.750,1435,1723,1564,1485,2088,1639,1959,1344,254,1558
2025-05-20 22:00:37.950,1499,1735,1605,1485,2140,1527,1951,1290,581,1519
2025-05-20 22:00:38.150,1530,1767,1484,1483,2093,1477,2025,1315,1165,1565
2025-05-20 22:00:38.350,1567,1695,1516,1493,2063,1416,2219,1379,1834,1561
2025-05-20 22:00:38.550,1588,1613,1517,1493,2030,1381,2100,1453,2318,1551
2025-05-20 22:00:38.750,1609,1543,1560,1486,1725,1369,1930,1545,2483,1501
2025-05-20 22:00:38.950,1657,1580,1580,1483,1359,1207,1854,1510,2388,1383
2025-05-20 22:00:39.150,1575,1582,1575,1482,1129,839,1705,1260,2267,1048
2025-05-20 22:00:39.350,1511,1563,1591,1481,1035,593,1483,1015,2169,927
2025-05-20 22:00:39.550,1493,1565,1589,1479,891,684,1199,957,2073,1032
2025-05-20 22:00:39.750,1453,1593,1620,1483,927,907,1052,1145,2195,1331
2025-05-20 22:00:39.950,1363,1555,1593,1480,811,1237,1206,1454,2105,1630
2025-05-20 22:00:40.150,1380,1513,1606,1483,1008,1589,1097,1715,1812,1864
2025-05-20 22:00:40.350,1512,1561,1645,1469,1432,1917,1209,1835,1555,1901
2025-05-20 22:00:40.550,1609,1542,1587,1462,1711,2067,1275,1827,1405,1815
2025-05-20 22:00:40.750,1638,1497,1545,1464,2041,2012,1405,1791,1365,1721
2025-05-20 22:00:40.950,1590,1515,1513,1470,2126,1914,1533,1781,1341,1547
2025-05-20 22:00:41.150,1553,1545,1518,1480,2077,1993,1574,1657,1361,1503
2025-05-20 22:00:41.350,1445,1509,1363,1487,2027,1932,1589,1548,1417,1515
2025-05-20 22:00:41.550,1399,1494,1401,1491,2019,1851,1439,1480,1485,1513
2025-05-20 22:00:41.750,1421,1587,1472,1487,2073,1818,1495,1460,1653,1559
2025-05-20 22:00:41.950,1464,1565,1527,1491,1981,1820,1532,1511,1593,1583
2025-05-20 22:00:42.150,1517,1595,1593,1487,1525,1645,1611,1609,1415,1589
2025-05-20 22:00:42.350,1567,1575,1640,1485,1192,1529,1640,1695,1245,1611
2025-05-20 22:00:42.550,1587,1485,1661,1484,921,1510,1609,1735,1195,1583
2025-05-20 22:00:42.750,1629,1557,1656,1481,788,1449,1583,1672,1252,1567
2025-05-20 22:00:42.950,1655,1607,1637,1483,703,1433,1559,1502,1323,1553
2025-05-20 22:00:43.150,1559,1533,1575,1484,935,1433,1459,1317,1423,1583
2025-05-20 22:00:43.350,1500,1527,1551,1487,1294,1352,1358,1305,1391,1631
2025-05-20 22:00:43.550,1479,1567,1567,1487,1562,1033,1541,1343,1196,1575
2025-05-20 22:00:43.750,1402,1567,1573,1493,1877,683,1399,1407,973,1512
2025-05-20 22:00:43.950,1337,1593,1608,1479,2015,586,1339,1498,896,1449
2025-05-20 22:00:44.150,1414,1623,1651,1468,2031,743,1391,1587,1003,1123
2025-05-20 22:00:44.350,1557,1589,1643,1467,2031,1097,1548,1589,1275,943
2025-05-20 22:00:44.550,1635,1594,1631,1477,1971,1464,1661,1375,1611,997
2025-05-20 22:00:44.750,1645,1622,1655,1485,1967,1814,1852,1053,1893,1279
2025-05-20 22:00:44.950,1628,1569,1683,1490,2001,2057,1931,947,2024,1599
2025-05-20 22:00:45.153,1557,1566,1627,1491,2065,2089,1671,1126,2083,1852
2025-05-20 22:00:45.353,1451,1557,1709,1491,1815,2035,1525,1445,2171,1937
2025-05-20 22:00:45.553,1431,1583,1639,1493,1351,2021,1630,1687,2254,1875
2025-05-20 22:00:45.753,1453,1594,1607,1492,1070,1983,1789,1804,2071,1815
2025-05-20 22:00:45.953,1501,1614,1562,1493,751,1912,1817,1829,1861,1613
2025-05-20 22:00:46.153,1527,1591,1491,1487,697,1881,1828,1879,1773,1519
2025-05-20 22:00:46.353,1573,1572,1396,1485,940,1836,1844,1863,1741,1519
2025-05-20 22:00:46.553,1597,1588,1419,1487,1273,1753,1672,1767,1757,1529
2025-05-20 22:00:46.753,1639,1579,1544,1490,1577,1647,1597,1637,1759,1565
2025-05-20 22:00:46.953,1652,1553,1624,1490,1792,1557,1378,1587,1738,1583
2025-05-20 22:00:47.153,1563,1626,1652,1487,1955,1465,1418,1559,1761,1593
2025-05-20 22:00:47.353,1515,1575,1728,1497,2029,1407,1288,1560,1689,1609
2025-05-20 22:00:47.553,1479,1550,1677,1493,2020,1417,1400,1634,1591,1620
2025-05-20 22:00:47.753,1387,1448,1689,1467,1960,1381,1303,1717,1415,1609
2025-05-20 22:00:47.953,1307,1405,1679,1465,1967,1182,1389,1727,1235,1553
2025-05-20 22:00:48.153,1379,1400,1597,1471,1957,875,1443,1610,1157,1575
2025-05-20 22:00:48.353,1524,1434,1550,1487,2025,694,1549,1415,1165,1635
2025-05-20 22:00:48.553,1628,1395,1557,1495,2023,699,1492,1293,1161,1591
2025-05-20 22:00:48.753,1657,1421,1611,1499,1589,959,1531,1299,1005,1543
2025-05-20 22:00:48.953,1642,1480,1619,1495,1131,1304,1581,1367,766,1487
2025-05-20 22:00:49.153,1555,1605,1657,1500,731,1615,1584,1428,485,1170
2025-05-20 22:00:49.353,1455,1661,1627,1506,675,1940,1635,1493,383,949
2025-05-20 22:00:49.553,1445,1694,1669,1496,893,2101,1403,1575,632,991
2025-05-20 22:00:49.753,1472,1740,1623,1493,1269,2039,1583,1501,1125,1207
2025-05-20 22:00:49.953,1512,1753,1654,1497,1477,1988,1691,1245,1637,1526
2025-05-20 22:00:50.153,1554,1715,1673,1499,1755,2001,1790,997,2019,1804
2025-05-20 22:00:50.353,1571,1753,1655,1494,1929,1917,1710,997,2587,1949
2025-05-20 22:00:50.553,1589,1707,1614,1499,2069,1847,1627,1207,2751,1925
2025-05-20 22:00:50.753,1607,1623,1597,1506,2001,1801,1527,1481,2569,1835
2025-05-20 22:00:50.953,1643,1639,1609,1500,1951,1767,1443,1726,2269,1639
2025-05-20 22:00:51.153,1567,1640,1464,1496,1839,1703,1542,1791,2013,1531
2025-05-20 22:00:51.353,1496,1662,1421,1472,1835,1585,1496,1765,1877,1529
2025-05-20 22:00:51.553,1455,1673,1423,1463,1949,1447,1467,1839,1756,1523
2025-05-20 22:00:51.751,1371,1548,1466,1468,1898,1465,1647,1865,1672,1555
2025-05-20 22:00:51.951,1277,1557,1533,1481,1671,1448,1510,1787,1637,1567
2025-05-20 22:00:52.151,1351,1568,1582,1492,1182,1379,1496,1717,1717,1588
2025-05-20 22:00:52.351,1516,1567,1626,1503,859,1261,1501,1621,1735,1589
2025-05-20 22:00:52.551,1642,1554,1645,1497,693,1033,1516,1637,1565,1567
2025-05-20 22:00:52.751,1682,1563,1660,1501,825,683,1479,1771,1357,1591
2025-05-20 22:00:52.951,1657,1564,1653,1501,1191,605,1420,1837,1207,1531
2025-05-20 22:00:53.151,1558,1543,1543,1495,1436,806,1595,1736,1125,1555
2025-05-20 22:00:53.351,1455,1492,1512,1493,1660,1085,1575,1533,1190,1615
2025-05-20 22:00:53.551,1449,1541,1515,1494,1879,1461,1579,1257,1337,1574
2025-05-20 22:00:53.751,1471,1533,1533,1493,1869,1805,1500,1193,1491,1517
2025-05-20 22:00:53.951,1513,1523,1528,1485,1912,2027,1389,1235,1607,1471
2025-05-20 22:00:54.151,1549,1542,1599,1486,1791,1981,1555,1299,1635,1200
2025-05-20 22:00:54.351,1563,1572,1545,1483,1877,1949,1523,1395,1583,944
2025-05-20 22:00:54.551,1591,1511,1579,1487,1847,1947,1597,1517,1331,919
2025-05-20 22:00:54.751,1607,1575,1573,1485,1931,1938,1513,1527,971,1137
2025-05-20 22:00:54.951,1621,1491,1561,1467,1897,1891,1550,1331,634,1423
2025-05-20 22:00:55.151,1557,1485,1607,1455,1735,1802,1567,1065,501,1745
2025-05-20 22:00:55.351,1506,1497,1581,1463,1255,1763,1455,895,649,1901
2025-05-20 22:00:55.551,1449,1465,1563,1469,878,1651,1485,1005,1061,1881
2025-05-20 22:00:55.751,1332,1523,1527,1481,700,1619,1463,1276,1781,1831
2025-05-20 22:00:55.951,1257,1544,1416,1482,658,1515,1615,1515,2099,1627
2025-05-20 22:00:56.151,1368,1591,1351,1481,1079,1373,1455,1741,2195,1532
2025-05-20 22:00:56.351,1529,1533,1373,1485,1359,1374,1501,1797,2223,1499
2025-05-20 22:00:56.551,1645,1516,1333,1485,1625,1359,1405,1791,2157,1511
2025-05-20 22:00:56.751,1673,1564,1464,1484,1726,1397,1553,1811,2029,1523
2025-05-20 22:00:56.951,1631,1547,1573,1479,1836,1157,1655,1782,1884,1547
2025-05-20 22:00:57.151,1542,1540,1595,1471,1861,837,1400,1735,1769,1553
2025-05-20 22:00:57.351,1455,1543,1574,1477,1851,585,1388,1677,1679,1547
2025-05-20 22:00:57.551,1459,1501,1583,1479,1787,645,1532,1672,1656,1543
2025-05-20 22:00:57.751,1490,1509,1588,1481,1799,889,1573,1642,1783,1560
2025-05-20 22:00:57.951,1517,1465,1515,1481,1911,1179,1431,1671,1635,1525
2025-05-20 22:00:58.151,1560,1549,1491,1477,1860,1547,1395,1689,1369,1532
2025-05-20 22:00:58.351,1571,1561,1503,1479,1683,1855,1449,1637,1191,1595
2025-05-20 22:00:58.551,1578,1561,1509,1467,1291,2059,1391,1436,1107,1557
2025-05-20 22:00:58.751,1592,1509,1547,1455,915,2027,1485,1287,1131,1499
2025-05-20 22:00:58.951,1599,1505,1526,1453,697,1925,1503,1272,1221,1449
2025-05-20 22:00:59.152,1544,1555,1545,1463,670,1897,1435,1325,1306,1243
2025-05-20 22:00:59.352,1501,1509,1549,1478,1039,1899,1519,1419,1385,951
2025-05-20 22:00:59.552,1444,1467,1567,1482,1317,1867,1489,1445,1451,894
2025-05-20 22:00:59.752,1319,1544,1584,1483,1579,1783,1433,1423,1507,1068
2025-05-20 22:00:59.952,1269,1575,1617,1491,1773,1727,1572,1276,1605,1386
2025-05-20 22:01:00.151,1383,1467,1637,1491,1865,1636,1476,1017,1628,1700
2025-05-20 22:01:00.355,1543,1305,1567,1487,1861,1548,1517,841,1635,1898
2025-05-20 22:01:00.552,1657,1303,1513,1483,1829,1415,1449,935,1621,1912
2025-05-20 22:01:00.752,1684,1355,1469,1483,1849,1382,1513,1233,1439,1819
2025-05-20 22:01:00.952,1647,1355,1420,1479,1752,1381,1516,1419,1226,1659
2025-05-20 22:01:01.152,1547,1385,1331,1479,1873,1385,1479,1593,967,1544
2025-05-20 22:01:01.352,1461,1429,1407,1477,1959,1335,1338,1771,781,1503
2025-05-20 22:01:01.552,1453,1583,1439,1471,1696,1106,1453,1885,1059,1497
2025-05-20 22:01:01.752,1484,1559,1545,1483,1363,697,1496,1851,1139,1526
2025-05-20 22:01:01.952,1525,1627,1609,1477,996,591,1515,1811,1213,1548
2025-05-20 22:01:02.152,1562,1701,1626,1478,751,759,1467,1707,1483,1567
2025-05-20 22:01:02.352,1573,1707,1596,1464,786,1077,1471,1702,1809,1589
2025-05-20 22:01:02.552,1571,1739,1656,1454,984,1339,1511,1693,2087,1561
2025-05-20 22:01:02.752,1589,1721,1625,1459,1291,1709,1607,1775,2207,1555
2025-05-20 22:01:02.952,1598,1699,1568,1477,1509,2019,1580,1695,2185,1545
2025-05-20 22:01:03.152,1533,1673,1453,1483,1750,2089,1501,1631,2024,1556
2025-05-20 22:01:03.352,1499,1592,1513,1491,1891,1855,1545,1467,1904,1619
2025-05-20 22:01:03.552,1417,1597,1557,1485,1956,1845,1546,1333,1902,1595
2025-05-20 22:01:03.752,1275,1562,1561,1493,1983,1897,1478,1300,1674,1493
2025-05-20 22:01:03.952,1273,1543,1577,1493,1851,1875,1561,1353,1387,1447
2025-05-20 22:01:04.152,1427,1559,1575,1484,1909,1788,1456,1407,1176,1271
2025-05-20 22:01:04.352,1605,1625,1609,1485,1902,1783,1456,1465,1107,958
2025-05-20 22:01:04.552,1670,1555,1619,1481,1819,1757,1503,1560,1161,886
2025-05-20 22:01:04.752,1661,1555,1512,1491,1677,1662,1477,1644,1285,1064
2025-05-20 22:01:04.952,1659,1527,1589,1483,1397,1541,1455,1613,1368,1367
2025-05-20 22:01:05.152,1547,1575,1625,1481,1044,1497,1431,1446,1428,1689
2025-05-20 22:01:05.352,1465,1555,1594,1483,815,1417,1591,1176,1427,1900
2025-05-20 22:01:05.552,1471,1545,1548,1484,889,1380,1479,951,1516,1909
2025-05-20 22:01:05.752,1495,1518,1398,1483,955,1400,1505,975,1541,1831
2025-05-20 22:01:05.952,1531,1517,1315,1467,1239,1311,1561,1259,1561,1725
2025-05-20 22:01:06.152,1563,1495,1379,1455,1571,1049,1574,1419,1565,1565
2025-05-20 22:01:06.352,1577,1533,1459,1453,1749,654,1529,1588,1578,1515
2025-05-20 22:01:06.552,1581,1529,1598,1464,1939,647,1640,1741,1549,1512
2025-05-20 22:01:06.752,1599,1513,1639,1481,2012,859,1485,1855,1593,1565
2025-05-20 22:01:06.952,1599,1559,1643,1492,2013,1100,1564,1827,1629,1563
2025-05-20 22:01:07.152,1527,1509,1701,1493,1917,1451,1691,1727,1668,1579
2025-05-20 22:01:07.352,1479,1525,1669,1495,1989,1789,1405,1657,1705,1603
2025-05-20 22:01:07.552,1369,1573,1589,1499,1884,2067,1549,1645,1771,1581
2025-05-20 22:01:07.752,1257,1543,1565,1497,1743,2073,1495,1659,1737,1565
2025-05-20 22:01:07.952,1287,1579,1525,1492,1604,1939,1554,1693,1511,1579
2025-05-20 22:01:08.152,1453,1581,1565,1490,1353,1941,1447,1749,1325,1587
2025-05-20 22:01:08.352,1620,1561,1583,1487,1135,1942,1553,1675,1181,1624
2025-05-20 22:01:08.552,1679,1597,1591,1491,895,1887,1639,1498,1140,1576
2025-05-20 22:01:08.752,1671,1597,1641,1490,1014,1829,1621,1339,1111,1513
2025-05-20 22:01:08.952,1669,1573,1593,1494,1022,1787,1511,1305,1099,1479
2025-05-20 22:01:09.152,1551,1619,1639,1493,1229,1721,1453,1369,1175,1299
2025-05-20 22:01:09.352,1485,1583,1645,1495,1559,1608,1517,1399,1319,985
2025-05-20 22:01:09.552,1481,1558,1643,1483,1816,1532,1469,1461,1323,907
2025-05-20 22:01:09.752,1510,1581,1654,1463,1958,1485,1559,1573,1369,1091
2025-05-20 22:01:09.952,1541,1583,1703,1463,2003,1427,1607,1653,1207,1375
2025-05-20 22:01:10.152,1556,1533,1659,1464,2056,1455,1391,1661,1099,1720
2025-05-20 22:01:10.352,1572,1615,1515,1479,2006,1481,1544,1575,1355,1931
2025-05-20 22:01:10.552,1583,1593,1363,1491,2043,1253,1561,1377,1865,1927
2025-05-20 22:01:10.752,1619,1611,1340,1495,1965,933,1707,1077,2322,1839
2025-05-20 22:01:10.952,1604,1567,1451,1499,1785,620,1561,927,2473,1771
2025-05-20 22:01:11.152,1518,1613,1557,1503,1629,652,1635,1127,2357,1583
2025-05-20 22:01:11.352,1469,1579,1723,1510,1389,928,1572,1271,2111,1543
2025-05-20 22:01:11.552,1363,1643,1800,1501,1078,1289,1615,1511,1803,1525
2025-05-20 22:01:11.752,1244,1621,1725,1495,891,1595,1575,1628,1636,1544
2025-05-20 22:01:11.952,1284,1589,1653,1499,1117,1879,1511,1753,1594,1575
2025-05-20 22:01:12.152,1465,1579,1671,1497,1039,2147,1704,1811,1563,1593
2025-05-20 22:01:12.352,1624,1571,1606,1496,1143,2073,1704,1782,1567,1629
2025-05-20 22:01:12.552,1691,1527,1606,1495,1446,1990,1609,1755,1599,1607
2025-05-20 22:01:12.752,1673,1519,1563,1495,1819,1925,1549,1751,1625,1583
2025-05-20 22:01:12.952,1657,1399,1541,1497,1983,1959,1464,1724,1657,1573
2025-05-20 22:01:13.152,1551,1397,1557,1503,2101,1843,1464,1751,1773,1591
2025-05-20 22:01:13.352,1485,1415,1625,1481,2108,1823,1485,1733,1763,1664
2025-05-20 22:01:13.552,1485,1453,1663,1464,1982,1823,1625,1631,1563,1597
2025-05-20 22:01:13.752,1511,1495,1628,1459,1959,1692,1584,1391,1458,1531
2025-05-20 22:01:13.952,1544,1548,1628,1471,1789,1605,1599,1301,1437,1480
2025-05-20 22:01:14.152,1559,1583,1677,1487,1637,1557,1495,1349,1436,1311
2025-05-20 22:01:14.352,1564,1611,1653,1507,1575,1469,1573,1383,1491,1003
2025-05-20 22:01:14.552,1579,1634,1645,1501,1277,1454,1485,1443,1533,915
2025-05-20 22:01:14.752,1608,1718,1594,1507,1023,1444,1467,1491,1564,1079
2025-05-20 22:01:14.952,1579,1694,1513,1511,1107,1370,1587,1567,1630,1399
2025-05-20 22:01:15.152,1501,1721,1439,1507,1119,1103,1653,1645,1623,1724
2025-05-20 22:01:15.352,1455,1779,1339,1501,1011,793,1715,1635,1562,1917
2025-05-20 22:01:15.552,1315,1735,1397,1496,1069,589,1549,1575,1453,1916
2025-05-20 22:01:15.752,1240,1607,1543,1497,1371,740,1435,1469,1288,1823
2025-05-20 22:01:15.952,1337,1657,1653,1495,1700,1032,1432,1323,1106,1735
2025-05-20 22:01:16.152,1518,1556,1715,1490,2019,1354,1507,1083,887,1565
2025-05-20 22:01:16.352,1644,1604,1719,1496,2149,1653,1428,1067,717,1507
2025-05-20 22:01:16.552,1688,1637,1624,1486,2101,1932,1465,1125,618,1491
2025-05-20 22:01:16.752,1656,1566,1550,1481,2073,2083,1556,1269,751,1503
2025-05-20 22:01:16.952,1619,1531,1560,1469,1909,1988,1647,1431,1031,1524
2025-05-20 22:01:17.152,1503,1620,1460,1455,1735,1933,1581,1595,1419,1591
2025-05-20 22:01:17.352,1472,1562,1469,1454,1543,1892,1439,1711,1834,1589
2025-05-20 22:01:17.552,1493,1509,1460,1455,1418,1847,1391,1799,2109,1565
2025-05-20 22:01:17.752,1519,1491,1501,1467,1178,1811,1532,1811,2227,1567
2025-05-20 22:01:17.952,1547,1501,1445,1477,979,1780,1381,1763,2217,1549
2025-05-20 22:01:18.152,1557,1451,1484,1481,1130,1724,1317,1791,2116,1561
2025-05-20 22:01:18.352,1563,1514,1559,1483,1097,1599,1485,1769,2009,1617
2025-05-20 22:01:18.552,1580,1518,1557,1487,888,1513,1447,1705,2053,1564
2025-05-20 22:01:18.752,1599,1487,1562,1484,905,1472,1453,1519,1779,1497
2025-05-20 22:01:18.952,1541,1533,1594,1481,1285,1427,1446,1365,1575,1444
2025-05-20 22:01:19.152,1481,1447,1565,1482,1723,1389,1395,1304,1461,1277
2025-05-20 22:01:19.352,1419,1501,1619,1479,1966,1380,1587,1339,1445,971
2025-05-20 22:01:19.552,1288,1503,1531,1471,2130,1275,1502,1397,1455,873
2025-05-20 22:01:19.752,1238,1511,1402,1470,2163,1033,1519,1416,1493,1033
2025-05-20 22:01:19.952,1367,1507,1306,1479,2060,669,1435,1467,1479,1351
2025-05-20 22:01:20.152,1549,1540,1352,1479,1863,562,1507,1567,1560,1674
2025-05-20 22:01:20.352,1655,1557,1500,1483,1613,743,1520,1582,1651,1890
2025-05-20 22:01:20.552,1673,1541,1591,1477,1519,1051,1471,1579,1560,1913
2025-05-20 22:01:20.752,1683,1527,1686,1477,1311,1385,1465,1587,1415,1828
2025-05-20 22:01:20.952,1595,1481,1673,1451,1085,1757,1501,1533,1239,1752
2025-05-20 22:01:21.152,1507,1507,1629,1453,1115,2019,1451,1467,1165,1579
2025-05-20 22:01:21.352,1484,1517,1624,1463,1239,2042,1521,1391,1215,1493
2025-05-20 22:01:21.552,1494,1564,1577,1469,1171,1941,1419,1289,1289,1465
2025-05-20 22:01:21.752,1529,1507,1555,1481,1003,1942,1591,1159,1386,1506
2025-05-20 22:01:21.952,1553,1545,1432,1484,937,1893,1439,1115,1451,1516
2025-05-20 22:01:22.152,1564,1547,1405,1491,1223,1845,1497,1193,1307,1541
2025-05-20 22:01:22.352,1573,1517,1447,1492,1604,1759,1467,1312,1123,1581
2025-05-20 22:01:22.552,1584,1527,1497,1495,1877,1739,1443,1447,943,1575
2025-05-20 22:01:22.752,1591,1573,1517,1484,2181,1704,1645,1613,887,1549
2025-05-20 22:01:22.952,1525,1533,1596,1477,2267,1609,1493,1775,1051,1549
2025-05-20 22:01:23.152,1467,1515,1597,1483,2133,1513,1625,1913,1339,1528
2025-05-20 22:01:23.352,1387,1575,1588,1479,1943,1443,1417,1991,1659,1617
2025-05-20 22:01:23.552,1253,1523,1605,1481,1691,1480,1486,1877,2232,1593
2025-05-20 22:01:23.752,1242,1565,1627,1482,1439,1421,1605,1619,2261,1503
2025-05-20 22:01:23.952,1414,1563,1613,1481,1199,1455,1545,1427,2059,1455
2025-05-20 22:01:24.152,1583,1594,1576,1483,1131,1245,1598,1405,1897,1339
2025-05-20 22:01:24.352,1675,1515,1513,1480,1237,939,1530,1426,1753,998
2025-05-20 22:01:24.552,1679,1589,1389,1459,1243,658,1559,1434,1641,905
2025-05-20 22:01:24.752,1685,1563,1406,1452,1263,631,1407,1500,1587,1053
2025-05-20 22:01:24.952,1579,1571,1427,1460,1111,828,1549,1527,1562,1355
2025-05-20 22:01:25.152,1499,1567,1542,1477,1021,1149,1579,1545,1565,1677
2025-05-20 22:01:25.352,1487,1459,1693,1485,1151,1517,1379,1555,1638,1887
2025-05-20 22:01:25.552,1511,1357,1751,1493,1561,1837,1465,1541,1769,1929
2025-05-20 22:01:25.752,1543,1364,1703,1493,2011,2076,1609,1518,1714,1845
2025-05-20 22:01:25.952,1563,1381,1661,1499,2231,2067,1528,1511,1511,1797
2025-05-20 22:01:26.152,1577,1427,1587,1501,2215,1902,1559,1533,1325,1593
2025-05-20 22:01:26.352,1587,1498,1593,1496,2130,1963,1567,1448,1221,1501
2025-05-20 22:01:26.552,1625,1493,1581,1494,1855,1950,1517,1432,1255,1501
2025-05-20 22:01:26.752,1592,1595,1528,1487,1591,1885,1541,1422,1317,1519
2025-05-20 22:01:26.952,1511,1607,1545,1491,1357,1865,1530,1421,1407,1577
2025-05-20 22:01:27.152,1463,1685,1515,1489,1342,1819,1642,1560,1439,1575
2025-05-20 22:01:27.352,1373,1758,1597,1487,1439,1755,1509,1527,1499,1597
2025-05-20 22:01:27.552,1245,1645,1606,1490,1333,1613,1625,1529,1519,1611
2025-05-20 22:01:27.752,1267,1695,1659,1487,1351,1530,1599,1563,1575,1576
2025-05-20 22:01:27.952,1437,1771,1599,1495,1429,1454,1471,1574,1611,1607
2025-05-20 22:01:28.152,1597,1769,1615,1468,1391,1445,1453,1684,1679,1583
2025-05-20 22:01:28.352,1677,1689,1653,1453,1257,1419,1673,1659,1724,1643
2025-05-20 22:01:28.552,1687,1657,1651,1461,1167,1380,1508,1611,1727,1619
2025-05-20 22:01:28.752,1677,1652,1692,1477,1437,1215,1501,1439,1639,1532
2025-05-20 22:01:28.953,1557,1622,1615,1487,1801,859,1478,1341,1447,1490
2025-05-20 22:01:29.153,1492,1634,1547,1497,1965,633,1579,1364,1195,1367
2025-05-20 22:01:29.353,1497,1609,1401,1497,1897,755,1740,1438,979,1043
2025-05-20 22:01:29.553,1514,1627,1435,1502,1771,995,1574,1455,1112,907
2025-05-20 22:01:29.753,1547,1609,1533,1508,1861,1308,1519,1445,1055,1047
2025-05-20 22:01:29.953,1561,1573,1654,1502,1850,1640,1448,1247,1115,1325
2025-05-20 22:01:30.153,1577,1574,1693,1499,1754,1933,1589,890,1375,1656
2025-05-20 22:01:30.353,1595,1619,1727,1496,1659,2141,1496,793,1725,1877
2025-05-20 22:01:30.553,1647,1579,1755,1496,1413,2055,1597,977,2039,1943
2025-05-20 22:01:30.753,1590,1559,1676,1497,1335,1983,1532,1253,2229,1880
2025-05-20 22:01:30.953,1509,1547,1646,1497,1333,1952,1610,1467,2293,1833
2025-05-20 22:01:31.153,1431,1549,1629,1499,1452,1951,1607,1735,2229,1635
2025-05-20 22:01:31.353,1299,1624,1545,1498,1511,1893,1554,1815,2119,1561
2025-05-20 22:01:31.553,1211,1625,1503,1497,1615,1804,1677,2027,2041,1529
2025-05-20 22:01:31.753,1291,1557,1529,1481,1724,1741,1608,2119,1759,1522
2025-05-20 22:01:31.953,1498,1545,1593,1464,1803,1641,1615,2071,1453,1559
2025-05-20 22:01:32.153,1646,1567,1627,1460,1755,1517,1525,1973,1203,1593
2025-05-20 22:01:32.353,1690,1581,1599,1477,1677,1486,1567,1781,1113,1599
2025-05-20 22:01:32.553,1689,1575,1583,1492,1315,1463,1657,1702,1149,1581
2025-05-20 22:01:32.753,1644,1545,1583,1495,926,1433,1479,1637,1261,1587
2025-05-20 22:01:32.953,1542,1565,1653,1500,584,1443,1394,1599,1363,1572
2025-05-20 22:01:33.153,1493,1524,1635,1507,805,1343,1563,1579,1445,1561
2025-05-20 22:01:33.353,1493,1527,1608,1508,1355,1048,1547,1533,1509,1626
2025-05-20 22:01:33.553,1519,1541,1623,1503,1751,787,1575,1383,1565,1595
2025-05-20 22:01:33.753,1547,1532,1545,1496,2014,636,1515,1307,1599,1519
2025-05-20 22:01:33.953,1561,1575,1418,1487,2095,757,1523,1305,1644,1471
2025-05-20 22:01:34.153,1575,1575,1326,1491,2035,1021,1471,1339,1734,1331
2025-05-20 22:01:34.353,1583,1578,1399,1483,1989,1391,1568,1387,1758,1005
2025-05-20 22:01:34.553,1635,1515,1483,1487,1927,1683,1435,1541,1711,891
2025-05-20 22:01:34.753,1581,1573,1596,1480,1773,1977,1582,1446,1675,1017
2025-05-20 22:01:34.953,1491,1511,1635,1479,1767,2069,1530,1240,1555,1299
2025-05-20 22:01:35.153,1387,1467,1685,1480,1799,1975,1501,979,1458,1635
2025-05-20 22:01:35.353,1227,1512,1618,1467,1775,2002,1567,979,1455,1867
2025-05-20 22:01:35.553,1203,1519,1583,1459,1718,1978,1491,1167,1263,1925
2025-05-20 22:01:35.753,1363,1524,1544,1451,1447,1907,1567,1443,1087,1831
2025-05-20 22:01:35.953,1567,1543,1469,1463,1191,1805,1589,1659,1019,1751
2025-05-20 22:01:36.153,1663,1525,1440,1470,905,1727,1352,1815,1005,1579
2025-05-20 22:01:36.353,1685,1507,1447,1485,851,1641,1461,1817,916,1506
2025-05-20 22:01:36.553,1683,1527,1501,1481,825,1517,1446,1864,997,1491
2025-05-20 22:01:36.753,1593,1549,1500,1481,1006,1407,1397,1823,1113,1497
2025-05-20 22:01:36.953,1500,1493,1518,1487,1149,1401,1405,1773,1323,1545
2025-05-20 22:01:37.153,1462,1530,1497,1484,1419,1401,1621,1689,1545,1565
2025-05-20 22:01:37.353,1483,1493,1557,1485,1715,1367,1499,1661,1669,1561
2025-05-20 22:01:37.553,1519,1485,1583,1483,1831,1267,1568,1655,1765,1575
2025-05-20 22:01:37.753,1556,1531,1554,1477,1965,1017,1439,1677,1719,1555
2025-05-20 22:01:37.953,1565,1532,1584,1472,1951,711,1481,1639,1609,1532
2025-05-20 22:01:38.153,1575,1403,1636,1477,1926,541,1390,1599,1699,1547
2025-05-20 22:01:38.353,1583,1379,1609,1481,1933,637,1437,1429,1930,1635
2025-05-20 22:01:38.553,1595,1257,1460,1477,1926,879,1449,1255,2033,1575
2025-05-20 22:01:38.753,1543,1423,1309,1478,1823,1245,1485,1245,2015,1479
2025-05-20 22:01:38.953,1467,1455,1309,1471,1555,1679,1455,1335,1933,1444
2025-05-20 22:01:39.153,1295,1461,1355,1456,1179,1971,1530,1481,1831,1239
2025-05-20 22:01:39.353,1196,1455,1549,1449,989,2103,1423,1635,1747,943
2025-05-20 22:01:39.553,1289,1525,1639,1461,808,2040,1573,1653,1655,875
2025-05-20 22:01:39.753,1517,1644,1647,1471,837,2069,1485,1435,1559,1061
2025-05-20 22:01:39.953,1663,1659,1629,1484,1053,2027,1519,1159,1480,1374
2025-05-20 22:01:40.153,1703,1689,1629,1484,1209,1951,1549,927,1415,1677
2025-05-20 22:01:40.353,1653,1676,1645,1485,1459,1879,1388,957,1380,1900
2025-05-20 22:01:40.553,1637,1626,1525,1493,1749,1797,1512,1239,1339,1915
2025-05-20 22:01:40.753,1520,1657,1483,1495,1931,1705,1464,1387,1406,1831
2025-05-20 22:01:40.953,1461,1711,1443,1491,2013,1565,1479,1513,1421,1720
2025-05-20 22:01:41.153,1465,1643,1499,1483,1957,1479,1531,1661,1261,1561
2025-05-20 22:01:41.353,1499,1629,1509,1485,1930,1453,1563,1781,1213,1533
2025-05-20 22:01:41.553,1543,1637,1534,1482,1881,1449,1615,1767,1261,1517
2025-05-20 22:01:41.753,1561,1549,1579,1482,1835,1367,1469,1701,1363,1525
2025-05-20 22:01:41.953,1575,1561,1613,1485,1788,1263,1403,1643,1491,1561
2025-05-20 22:01:42.153,1591,1608,1655,1481,1621,1080,1417,1637,1580,1579
2025-05-20 22:01:42.353,1605,1587,1591,1489,1227,866,1406,1663,1655,1471
2025-05-20 22:01:42.553,1583,1559,1581,1471,891,715,1593,1711,1719,1357
2025-05-20 22:01:42.753,1506,1519,1659,1463,808,667,1524,1717,1781,1406
2025-05-20 22:01:42.953,1385,1592,1657,1453,913,883,1515,1655,1647,1503
2025-05-20 22:01:43.153,1207,1545,1605,1463,1005,1225,1499,1490,1414,1675
2025-05-20 22:01:43.353,1224,1580,1383,1479,1325,1615,1641,1355,995,1733
2025-05-20 22:01:43.553,1429,1525,1319,1485,1592,1959,1655,1301,571,1636
2025-05-20 22:01:43.753,1621,1526,1372,1491,1811,2139,1405,1364,373,1545
2025-05-20 22:01:43.953,1707,1548,1499,1495,1949,2086,1497,1401,461,1493
2025-05-20 22:01:44.153,1684,1560,1619,1499,1995,2065,1477,1450,851,1178
2025-05-20 22:01:44.353,1655,1553,1672,1502,2020,2057,1451,1509,1391,903
2025-05-20 22:01:44.553,1605,1515,1736,1494,1835,2030,1656,1545,1971,901
2025-05-20 22:01:44.753,1493,1543,1703,1491,1955,1927,1609,1624,2397,1147
2025-05-20 22:01:44.953,1455,1589,1607,1490,1889,1815,1587,1577,2467,1483
2025-05-20 22:01:45.153,1483,1605,1605,1492,1907,1679,1547,1429,2395,1783
2025-05-20 22:01:45.355,1517,1565,1532,1495,1661,1563,1489,1227,2269,1947
2025-05-20 22:01:45.555,1563,1623,1566,1487,1368,1455,1533,1071,2149,1950
2025-05-20 22:01:45.755,1566,1563,1526,1481,1003,1447,1495,1127,2213,1853
2025-05-20 22:01:45.955,1583,1503,1574,1487,809,1455,1497,1289,1965,1705
2025-05-20 22:01:46.155,1589,1561,1583,1487,821,1464,1592,1491,1653,1565
2025-05-20 22:01:46.355,1615,1579,1609,1463,1041,1267,1673,1683,1479,1499
2025-05-20 22:01:46.555,1565,1572,1639,1455,1301,1067,1471,1813,1383,1495
2025-05-20 22:01:46.755,1464,1581,1631,1463,1627,941,1469,1801,1355,1509
2025-05-20 22:01:46.955,1275,1623,1608,1479,1916,699,1626,1742,1417,1573
2025-05-20 22:01:47.155,1179,1555,1688,1491,2013,711,1496,1739,1461,1609
2025-05-20 22:01:47.355,1300,1603,1661,1493,1981,883,1715,1711,1507,1639
2025-05-20 22:01:47.555,1533,1563,1707,1492,1947,1215,1531,1755,1659,1607
2025-05-20 22:01:47.755,1702,1608,1627,1503,1952,1619,1540,1781,1801,1619
2025-05-20 22:01:47.955,1717,1575,1591,1502,1933,1991,1525,1659,1660,1615
2025-05-20 22:01:48.155,1675,1619,1423,1501,1915,2147,1517,1553,1438,1691
2025-05-20 22:01:48.355,1670,1591,1356,1498,1791,2127,1532,1384,1288,1656
2025-05-20 22:01:48.555,1567,1579,1401,1495,1703,2156,1573,1323,1241,1551
2025-05-20 22:01:48.755,1486,1567,1563,1495,1495,2109,1579,1363,1295,1496
2025-05-20 22:01:48.955,1464,1597,1637,1492,1055,2012,1579,1419,1384,1385
2025-05-20 22:01:49.155,1495,1579,1694,1491,809,1929,1566,1464,1465,1045
2025-05-20 22:01:49.355,1528,1581,1739,1493,885,1803,1604,1485,1464,873
2025-05-20 22:01:49.555,1557,1577,1709,1495,1105,1695,1545,1549,1289,1011
2025-05-20 22:01:49.756,1574,1620,1703,1492,1352,1565,1626,1607,985,1291
2025-05-20 22:01:49.956,1584,1631,1641,1469,1598,1517,1524,1629,741,1659
2025-05-20 22:01:50.156,1599,1621,1606,1453,1882,1414,1627,1575,783,1885
2025-05-20 22:01:50.356,1613,1575,1561,1467,1971,1455,1579,1551,1067,1963
2025-05-20 22:01:50.556,1529,1583,1549,1480,2031,1375,1495,1495,1462,1899
2025-05-20 22:01:50.756,1408,1568,1582,1495,2021,1166,1629,1451,1865,1829
2025-05-20 22:01:50.956,1204,1529,1593,1496,1955,1075,1491,1325,2063,1654
2025-05-20 22:01:51.156,1198,1471,1635,1497,1973,987,1555,1143,2311,1547
2025-05-20 22:01:51.356,1399,1414,1623,1505,1892,739,1447,1115,2779,1523
2025-05-20 22:01:51.556,1621,1432,1663,1507,1803,745,1627,1175,2611,1546
2025-05-20 22:01:51.756,1701,1456,1683,1501,1691,925,1549,1365,2275,1575
2025-05-20 22:01:51.954,1690,1465,1690,1499,1499,1257,1541,1555,1965,1597
2025-05-20 22:01:52.154,1653,1529,1661,1495,1159,1689,1613,1764,1709,1599
2025-05-20 22:01:52.354,1647,1605,1673,1496,871,2022,1463,1956,1513,1619
2025-05-20 22:01:52.554,1545,1628,1681,1499,813,2135,1513,1963,1438,1588
2025-05-20 22:01:52.754,1479,1619,1555,1497,1074,2207,1629,1917,1421,1583
2025-05-20 22:01:52.954,1477,1701,1327,1499,1209,2227,1673,1806,1414,1583
2025-05-20 22:01:53.154,1501,1655,1357,1503,1565,2163,1619,1591,1554,1659
2025-05-20 22:01:53.354,1533,1750,1450,1494,1835,2066,1396,1415,1561,1637
2025-05-20 22:01:53.554,1559,1703,1608,1477,1932,1959,1573,1379,1427,1549
2025-05-20 22:01:53.754,1567,1685,1663,1461,1999,1801,1599,1383,1305,1478
2025-05-20 22:01:53.954,1588,1679,1685,1465,1947,1627,1541,1397,1211,1277
2025-05-20 22:01:54.154,1607,1679,1691,1481,1949,1493,1669,1436,1241,928
2025-05-20 22:01:54.354,1589,1618,1727,1496,1919,1423,1566,1481,1307,885
2025-05-20 22:01:54.554,1483,1571,1644,1497,1891,1383,1477,1517,1407,1064
2025-05-20 22:01:54.754,1323,1635,1583,1499,1767,1375,1341,1545,1453,1401
2025-05-20 22:01:54.954,1167,1653,1546,1509,1675,1251,1513,1541,1391,1745
2025-05-20 22:01:55.154,1251,1627,1516,1507,1323,1059,1545,1553,1131,1903
2025-05-20 22:01:55.354,1491,1571,1509,1498,826,1019,1578,1523,773,1933
2025-05-20 22:01:55.554,1655,1507,1519,1495,569,865,1559,1503,485,1848
2025-05-20 22:01:55.754,1695,1499,1528,1495,595,733,1549,1525,548,1790
2025-05-20 22:01:55.955,1671,1517,1596,1499,931,751,1614,1479,947,1583
2025-05-20 22:01:56.155,1659,1575,1611,1495,934,893,1581,1387,1471,1527
2025-05-20 22:01:56.355,1608,1568,1626,1492,1119,1315,1645,1349,1915,1529
2025-05-20 22:01:56.555,1512,1540,1627,1493,1431,1741,1613,1379,2149,1531
2025-05-20 22:01:56.755,1471,1563,1587,1487,1737,2077,1683,1497,2638,1545
2025-05-20 22:01:56.955,1492,1524,1635,1496,1767,2156,1499,1557,2763,1579
2025-05-20 22:01:57.155,1527,1543,1629,1478,1886,2201,1385,1612,2475,1576
2025-05-20 22:01:57.355,1531,1518,1556,1461,1813,2191,1400,1683,2141,1575
2025-05-20 22:01:57.555,1565,1559,1429,1461,1748,2137,1355,1645,1920,1561
2025-05-20 22:01:57.755,1556,1527,1309,1481,1843,2005,1341,1587,1759,1531
2025-05-20 22:01:57.955,1542,1527,1318,1483,1658,1876,1445,1463,1639,1557
2025-05-20 22:01:58.155,1558,1515,1432,1491,1724,1695,1357,1307,1547,1634
2025-05-20 22:01:58.355,1507,1495,1575,1488,1519,1527,1515,1259,1507,1587
2025-05-20 22:01:58.555,1405,1543,1650,1495,1127,1464,1595,1193,1575,1497
2025-05-20 22:01:58.755,1223,1532,1647,1495,666,1363,1591,1127,1533,1446
2025-05-20 22:01:58.955,1205,1575,1623,1491,713,1380,1485,1093,1367,1231
2025-05-20 22:01:59.156,1387,1545,1639,1487,869,1333,1498,1079,1231,885
2025-05-20 22:01:59.356,1607,1501,1561,1483,1102,1129,1468,1229,1122,869
2025-05-20 22:01:59.556,1708,1544,1484,1480,1404,983,1451,1428,1115,1079
2025-05-20 22:01:59.756,1706,1525,1511,1482,1641,975,1350,1624,1224,1403
2025-05-20 22:01:59.956,1695,1530,1471,1479,1966,763,1497,1828,1419,1717
2025-05-20 22:02:00.155,1661,1495,1447,1471,2101,661,1477,1811,1581,1895
2025-05-20 22:02:00.358,1528,1573,1517,1496,2088,739,1447,1854,1715,1913
2025-05-20 22:02:00.556,1491,1477,1519,1478,2094,1048,1374,1739,1687,1818
2025-05-20 22:02:00.756,1499,1547,1559,1469,2117,1449,1159,1736,1548,1753
2025-05-20 22:02:00.956,1517,1481,1583,1453,1983,1869,1019,1749,1317,1585
2025-05-20 22:02:01.156,1540,1523,1591,1452,1555,2069,1031,1721,979,1513
2025-05-20 22:02:01.356,1549,1527,1589,1465,1372,2110,1189,1677,676,1511
2025-05-20 22:02:01.556,1571,1515,1598,1477,1395,2200,1671,1619,549,1511
2025-05-20 22:02:01.756,1567,1519,1525,1485,1519,2226,2142,1625,869,1544
2025-05-20 22:02:01.956,1579,1545,1545,1483,1587,2104,2123,1560,1229,1561
2025-05-20 22:02:02.156,1572,1507,1448,1482,1541,1935,1865,1631,1378,1541
2025-05-20 22:02:02.356,1459,1511,1339,1487,1541,1791,1715,1635,1606,1545
2025-05-20 22:02:02.556,1320,1457,1263,1485,1465,1626,1443,1485,1881,1557
2025-05-20 22:02:02.756,1173,1591,1403,1486,1575,1503,1496,1279,2111,1509
2025-05-20 22:02:02.956,1263,1496,1507,1477,1461,1401,1517,1239,2195,1533
2025-05-20 22:02:03.156,1491,1559,1611,1479,927,1316,1607,1250,2136,1619
2025-05-20 22:02:03.356,1663,1559,1651,1479,811,1336,1549,1357,1976,1545
2025-05-20 22:02:03.556,1693,1513,1653,1481,1067,1229,1485,1427,1838,1487
2025-05-20 22:02:03.756,1663,1515,1593,1480,1555,1022,1497,1499,1848,1429
2025-05-20 22:02:03.956,1619,1439,1562,1480,1971,1001,1519,1529,1764,1161
2025-05-20 22:02:04.156,1483,1401,1549,1481,1945,941,1527,1563,1523,877
2025-05-20 22:02:04.356,1429,1335,1511,1477,2041,747,1696,1657,1331,891
2025-05-20 22:02:04.556,1451,1403,1463,1459,1963,635,1741,1679,1164,1129
2025-05-20 22:02:04.756,1492,1405,1487,1453,1924,773,1752,1612,1165,1469
2025-05-20 22:02:04.956,1485,1389,1461,1463,1771,1151,1798,1529,1237,1773
2025-05-20 22:02:05.156,1455,1449,1519,1471,1739,1605,1637,1369,1349,1915
2025-05-20 22:02:05.356,1463,1541,1576,1483,1676,1955,1491,1204,1444,1891
2025-05-20 22:02:05.556,1497,1575,1607,1485,1636,2091,1276,934,1545,1829
2025-05-20 22:02:05.756,1544,1622,1499,1482,1633,2151,1053,877,1639,1669
2025-05-20 22:02:05.956,1575,1639,1571,1491,1677,2168,1091,999,1663,1541
2025-05-20 22:02:06.156,1532,1679,1578,1492,1339,2169,1211,1211,1639,1513
2025-05-20 22:02:06.356,1389,1684,1677,1486,1391,2039,1208,1471,1597,1524
2025-05-20 22:02:06.556,1327,1653,1613,1483,1427,1977,1293,1749,1517,1549
2025-05-20 22:02:06.756,1263,1715,1572,1481,1551,1725,1433,1971,1447,1565
2025-05-20 22:02:06.956,1422,1710,1440,1484,1635,1560,1391,2092,1395,1599
2025-05-20 22:02:07.156,1622,1633,1325,1481,1607,1462,1517,2120,1337,1579
2025-05-20 22:02:07.356,1671,1563,1319,1481,1541,1511,1491,1911,1323,1545
2025-05-20 22:02:07.556,1631,1554,1452,1487,1336,1383,1494,1624,1318,1529
2025-05-20 22:02:07.756,1589,1619,1527,1486,1059,1357,1358,1405,1069,1543
2025-05-20 22:02:07.956,1593,1607,1622,1481,1013,1161,1397,1334,863,1592
2025-05-20 22:02:08.156,1549,1594,1677,1467,1328,980,1205,1356,871,1604
2025-05-20 22:02:08.356,1419,1573,1687,1455,1587,1011,1373,1389,1093,1553
2025-05-20 22:02:08.556,1407,1529,1685,1459,1819,1003,1324,1423,1365,1463
2025-05-20 22:02:08.756,1471,1561,1643,1469,1961,837,1270,1471,1672,1367
2025-05-20 22:02:08.956,1543,1529,1555,1483,1849,677,1541,1449,1955,1017
2025-05-20 22:02:09.156,1584,1517,1495,1489,1714,878,1752,1469,2135,858
2025-05-20 22:02:09.356,1611,1541,1487,1491,1645,1254,1982,1515,2196,987
2025-05-20 22:02:09.556,1631,1551,1487,1492,1739,1724,2083,1507,2091,1275
2025-05-20 22:02:09.756,1627,1509,1561,1492,1721,2067,1899,1561,1897,1603
2025-05-20 22:02:09.956,1633,1525,1587,1496,1662,2173,1737,1587,1735,1851
2025-05-20 22:02:10.156,1629,1512,1591,1493,1554,2251,1673,1617,1523,1941
2025-05-20 22:02:10.356,1507,1567,1609,1493,1531,2169,1709,1580,1431,1912
2025-05-20 22:02:10.556,1431,1531,1643,1485,1609,2127,1693,1471,1433,1837
2025-05-20 22:02:10.756,1404,1560,1629,1489,1483,2057,1845,1403,1492,1626
2025-05-20 22:02:10.956,1301,1560,1623,1487,1497,1897,1845,1365,1580,1575
2025-05-20 22:02:11.156,1273,1499,1641,1487,1575,1775,1767,1295,1637,1567
2025-05-20 22:02:11.356,1422,1556,1635,1487,1545,1587,1683,1291,1641,1524
2025-05-20 22:02:11.556,1629,1543,1493,1491,1481,1507,1513,1237,1636,1560
2025-05-20 22:02:11.756,1735,1583,1378,1483,1368,1395,1421,1255,1559,1589
2025-05-20 22:02:11.956,1733,1543,1326,1456,1044,1401,1305,1332,1502,1574
2025-05-20 22:02:12.156,1669,1598,1420,1459,1041,1394,1192,1407,1435,1587
2025-05-20 22:02:12.356,1621,1561,1562,1466,1383,1205,1173,1449,1419,1555
2025-05-20 22:02:12.556,1469,1571,1641,1481,1785,1085,1268,1435,1378,1527
2025-05-20 22:02:12.756,1401,1583,1747,1493,2020,1102,1229,1471,1431,1561
2025-05-20 22:02:12.956,1419,1598,1717,1493,2086,1037,1223,1565,1497,1625
2025-05-20 22:02:13.156,1477,1565,1735,1491,1968,757,1453,1725,1455,1619
2025-05-20 22:02:13.356,1529,1621,1657,1501,1876,671,1557,1853,1340,1529
2025-05-20 22:02:13.556,1584,1572,1645,1500,1727,826,1508,1887,1321,1487
2025-05-20 22:02:13.756,1629,1613,1576,1496,1583,1310,1587,1831,1397,1209
2025-05-20 22:02:13.956,1685,1599,1519,1499,1541,1733,1527,1765,1519,930
2025-05-20 22:02:14.156,1700,1591,1605,1496,1506,2075,1525,1701,1639,907
2025-05-20 22:02:14.356,1587,1615,1548,1490,1494,2185,1336,1678,1719,1135
2025-05-20 22:02:14.556,1490,1621,1599,1495,1543,2217,1401,1628,1711,1437
2025-05-20 22:02:14.756,1439,1587,1629,1496,1419,2221,1379,1583,1743,1755
2025-05-20 22:02:14.956,1395,1598,1635,1497,1260,2147,1320,1545,1691,1958
2025-05-20 22:02:15.156,1320,1628,1683,1497,1370,2029,1559,1444,1455,1957
2025-05-20 22:02:15.356,1350,1529,1688,1493,1533,1933,1695,1451,1035,1853
2025-05-20 22:02:15.556,1515,1639,1658,1479,1720,1813,1803,1429,457,1711
2025-05-20 22:02:15.756,1656,1575,1688,1459,1647,1639,1749,1353,135,1577
2025-05-20 22:02:15.956,1693,1579,1716,1462,1337,1529,1739,1341,330,1554
2025-05-20 22:02:16.156,1659,1621,1619,1477,1048,1451,1782,1406,935,1567
2025-05-20 22:02:16.356,1597,1595,1490,1484,1081,1395,1832,1495,1689,1579
2025-05-20 22:02:16.556,1451,1573,1404,1500,1368,1421,1669,1567,2316,1608
2025-05-20 22:02:16.756,1407,1591,1371,1498,1771,1245,1747,1671,2710,1599
2025-05-20 22:02:16.956,1432,1557,1445,1501,1974,1095,1791,1659,2671,1599
2025-05-20 22:02:17.156,1477,1547,1511,1507,2131,1165,1947,1587,2537,1592
2025-05-20 22:02:17.356,1514,1437,1661,1509,2100,1064,1653,1419,2351,1597
2025-05-20 22:02:17.556,1576,1365,1723,1506,1805,859,1721,1366,2125,1565
2025-05-20 22:02:17.756,1608,1423,1739,1503,1583,669,1727,1397,2203,1609
2025-05-20 22:02:17.957,1695,1508,1735,1503,1513,869,1675,1435,2017,1651
2025-05-20 22:02:18.157,1671,1549,1637,1500,1579,1264,1597,1491,1687,1565
2025-05-20 22:02:18.357,1560,1555,1600,1495,1615,1703,1317,1493,1332,1491
2025-05-20 22:02:18.557,1483,1613,1523,1501,1669,2035,1237,1452,1304,1391
2025-05-20 22:02:18.757,1432,1629,1519,1503,1605,2135,1292,1125,1379,1019
2025-05-20 22:02:18.957,1381,1661,1581,1508,1575,2167,1097,921,1435,887
2025-05-20 22:02:19.157,1324,1692,1643,1495,1559,2173,1419,1035,1482,1013
2025-05-20 22:02:19.357,1373,1677,1607,1477,1543,2152,1407,1321,1543,1291
2025-05-20 22:02:19.557,1513,1717,1623,1463,1444,2091,1498,1581,1723,1624
2025-05-20 22:02:19.757,1636,1761,1593,1469,1531,1962,1461,1749,1855,1889
2025-05-20 22:02:19.957,1658,1748,1639,1483,1541,1776,1493,1847,1663,1971
2025-05-20 22:02:20.157,1643,1675,1644,1496,1241,1614,1573,1775,1443,1886
2025-05-20 22:02:20.357,1562,1634,1607,1500,990,1587,1449,1818,1257,1814
2025-05-20 22:02:20.557,1459,1582,1645,1507,1048,1447,1391,1844,1191,1580
2025-05-20 22:02:20.757,1435,1593,1629,1507,1311,1373,1493,1801,1192,1516
2025-05-20 22:02:20.957,1455,1605,1482,1503,1447,1379,1433,1791,1307,1513
2025-05-20 22:02:21.157,1500,1547,1449,1499,1756,1240,1305,1715,1395,1529
2025-05-20 22:02:21.357,1541,1555,1337,1494,2013,1083,1434,1663,1319,1557
2025-05-20 22:02:21.557,1577,1549,1357,1490,2072,1107,1724,1635,1095,1583
2025-05-20 22:02:21.757,1619,1605,1461,1485,2021,995,2011,1691,871,1593
2025-05-20 22:02:21.957,1671,1567,1555,1481,1817,779,2123,1627,787,1543
2025-05-20 22:02:22.157,1607,1533,1641,1483,1705,715,1952,1464,887,1557
2025-05-20 22:02:22.357,1506,1479,1641,1486,1541,828,1853,1262,1191,1555
2025-05-20 22:02:22.557,1447,1489,1687,1483,1423,1164,1770,1237,1594,1547
2025-05-20 22:02:22.757,1445,1507,1661,1478,1428,1567,1639,1299,1891,1627
2025-05-20 22:02:22.957,1455,1481,1613,1469,1484,1919,1563,1331,2021,1597
2025-05-20 22:02:23.157,1397,1523,1497,1449,1459,2085,1737,1399,2023,1495
2025-05-20 22:02:23.357,1367,1479,1485,1450,1383,2075,1576,1495,2157,1437
2025-05-20 22:02:23.557,1431,1507,1439,1463,1448,2013,1293,1556,2377,1119
2025-05-20 22:02:23.757,1556,1520,1478,1471,1244,2039,1317,1497,2171,883
2025-05-20 22:02:23.957,1630,1509,1543,1481,1149,1943,1111,1389,1903,905
2025-05-20 22:02:24.157,1638,1541,1542,1479,1150,1894,1204,1225,1765,1119
2025-05-20 22:02:24.357,1567,1499,1524,1487,1189,1814,1239,1063,1603,1445
2025-05-20 22:02:24.557,1471,1525,1550,1491,1239,1657,1166,1083,1501,1763
2025-05-20 22:02:24.757,1459,1523,1587,1485,1307,1528,1258,1269,1434,1951
2025-05-20 22:02:24.957,1465,1533,1595,1483,1407,1426,1177,1547,1389,1912
2025-05-20 22:02:25.157,1506,1477,1577,1484,1541,1427,1327,1657,1391,1769
2025-05-20 22:02:25.357,1530,1515,1579,1480,1597,1414,1389,1769,1479,1641
2025-05-20 22:02:25.557,1579,1491,1558,1479,1816,1355,1465,1855,1450,1518
2025-05-20 22:02:25.757,1613,1531,1450,1477,1913,1193,1406,1807,1307,1483
2025-05-20 22:02:25.957,1663,1511,1356,1469,1896,1097,1363,1715,1211,1497
2025-05-20 22:02:26.157,1577,1546,1293,1471,1813,1039,1507,1688,1171,1540
2025-05-20 22:02:26.357,1497,1519,1312,1469,1705,797,1301,1627,1165,1557
2025-05-20 22:02:26.557,1448,1557,1481,1466,1447,679,1189,1656,1209,1589
2025-05-20 22:02:26.757,1434,1549,1599,1455,1263,713,1000,1679,1255,1579
2025-05-20 22:02:26.957,1453,1579,1691,1449,1266,980,918,1609,1211,1549
2025-05-20 22:02:27.157,1465,1543,1670,1455,1413,1396,1039,1461,1016,1556
2025-05-20 22:02:27.357,1405,1543,1645,1471,1503,1772,1445,1276,751,1547
2025-05-20 22:02:27.557,1385,1517,1605,1480,1687,2059,1743,1291,599,1591
2025-05-20 22:02:27.757,1461,1497,1594,1489,1637,2063,2061,1327,712,1613
2025-05-20 22:02:27.957,1565,1545,1518,1487,1615,2043,2223,1400,1077,1527
2025-05-20 22:02:28.157,1621,1597,1499,1494,1501,2053,2091,1517,1579,1485
2025-05-20 22:02:28.357,1611,1501,1555,1496,1495,2037,1821,1647,1983,1260
2025-05-20 22:02:28.557,1532,1579,1509,1487,1507,1957,1757,1705,2173,947
2025-05-20 22:02:28.757,1495,1575,1548,1484,1491,1893,1691,1603,2227,875
2025-05-20 22:02:28.957,1501,1513,1573,1484,1405,1716,1581,1479,2275,1045
2025-05-20 22:02:29.157,1515,1531,1545,1481,1051,1619,1528,1305,2477,1335
2025-05-20 22:02:29.357,1543,1555,1557,1487,947,1449,1634,1138,2267,1693
2025-05-20 22:02:29.557,1559,1561,1575,1480,1215,1479,1875,1099,1886,1917
2025-05-20 22:02:29.757,1587,1595,1625,1481,1365,1413,2031,1139,1671,1960
2025-05-20 22:02:29.957,1643,1593,1637,1487,1615,1373,1831,1307,1572,1839
2025-05-20 22:02:30.157,1588,1605,1683,1484,1843,1293,1817,1472,1565,1753
2025-05-20 22:02:30.357,1511,1471,1662,1471,2057,1125,1531,1579,1567,1562
2025-05-20 22:02:30.557,1468,1407,1491,1461,2027,1117,1437,1657,1565,1513
2025-05-20 22:02:30.757,1461,1355,1327,1451,1926,909,1361,1673,1593,1507
2025-05-20 22:02:30.957,1466,1399,1304,1465,1864,717,1263,1639,1661,1527
2025-05-20 22:02:31.157,1492,1445,1440,1480,1759,739,1271,1669,1575,1565
2025-05-20 22:02:31.357,1502,1495,1549,1493,1575,964,1271,1737,1403,1599
2025-05-20 22:02:31.557,1459,1467,1707,1493,1471,1331,1245,1772,1301,1607
2025-05-20 22:02:31.757,1402,1592,1707,1496,1436,1674,1427,1711,1206,1589
2025-05-20 22:02:31.957,1418,1575,1678,1507,1421,2027,1428,1541,1247,1587
2025-05-20 22:02:32.157,1495,1662,1686,1500,1507,2133,1446,1402,1382,1565
2025-05-20 22:02:32.357,1605,1689,1662,1497,1565,2103,1423,1379,1571,1577
2025-05-20 22:02:32.557,1566,1711,1613,1494,1433,2118,1489,1405,1669,1653
2025-05-20 22:02:32.757,1533,1739,1508,1495,1525,2045,1259,1445,1685,1613
2025-05-20 22:02:32.957,1549,1711,1531,1487,1327,1939,1041,1497,1629,1519
2025-05-20 22:02:33.157,1563,1739,1543,1497,1023,1884,957,1540,1485,1397
2025-05-20 22:02:33.357,1575,1727,1533,1497,939,1827,1055,1583,1231,1041
2025-05-20 22:02:33.557,1583,1669,1631,1490,1100,1659,1066,1613,941,885
2025-05-20 22:02:33.757,1599,1625,1615,1495,1567,1545,1451,1575,714,989
2025-05-20 22:02:33.957,1635,1652,1639,1485,1935,1511,1796,1571,676,1243
2025-05-20 22:02:34.157,1580,1593,1595,1469,2147,1476,2039,1595,879,1581
2025-05-20 22:02:34.357,1507,1623,1688,1460,2115,1401,2237,1599,1567,1867
2025-05-20 22:02:34.557,1479,1623,1721,1462,2032,1427,2111,1577,2075,1973
2025-05-20 22:02:34.757,1462,1613,1675,1477,1873,1315,1963,1461,2059,1929
2025-05-20 22:02:34.957,1480,1595,1683,1494,1755,1187,1767,1325,2043,1855
2025-05-20 22:02:35.157,1496,1576,1595,1497,1659,1044,1757,1288,2067,1636
2025-05-20 22:02:35.357,1507,1543,1465,1501,1576,749,1711,1277,2011,1553
2025-05-20 22:02:35.557,1525,1565,1356,1510,1561,692,1615,1327,1965,1546
2025-05-20 22:02:35.757,1531,1563,1384,1511,1465,847,1645,1467,1865,1566
2025-05-20 22:02:35.957,1523,1604,1517,1515,1279,1099,1635,1661,1802,1572
2025-05-20 22:02:36.157,1487,1587,1629,1500,1240,1545,1612,1759,1775,1589
2025-05-20 22:02:36.357,1507,1545,1706,1509,1327,1883,1701,1791,1753,1589
2025-05-20 22:02:36.557,1439,1567,1768,1507,1448,2187,1711,1837,1651,1604
2025-05-20 22:02:36.757,1403,1554,1712,1501,1611,2131,1597,1733,1491,1611
2025-05-20 22:02:36.957,1445,1531,1711,1509,1737,2095,1549,1563,1406,1568
2025-05-20 22:02:37.157,1493,1599,1643,1503,1759,2067,1478,1415,1311,1565
2025-05-20 22:02:37.357,1561,1565,1579,1505,1669,2021,1389,1401,1291,1641
2025-05-20 22:02:37.557,1625,1583,1508,1505,1519,1967,1311,1407,1357,1629
2025-05-20 22:02:37.757,1673,1581,1526,1491,1351,1821,1342,1469,1427,1527
2025-05-20 22:02:37.957,1615,1582,1568,1466,1255,1679,1382,1499,1465,1461
2025-05-20 22:02:38.157,1579,1532,1527,1459,1331,1588,1437,1515,1532,1160
2025-05-20 22:02:38.357,1527,1527,1577,1469,1497,1499,1459,1545,1555,879
2025-05-20 22:02:38.557,1501,1556,1589,1487,1678,1451,1416,1491,1597,931
2025-05-20 22:02:38.757,1515,1593,1611,1494,1775,1407,1485,1491,1656,1139
2025-05-20 22:02:38.957,1529,1567,1582,1499,1875,1397,1559,1463,1701,1481
2025-05-20 22:02:39.157,1529,1525,1579,1495,1561,1357,1501,1461,1691,1785
2025-05-20 22:02:39.357,1531,1530,1610,1506,1451,1172,1581,1449,1652,1955
2025-05-20 22:02:39.557,1517,1559,1620,1499,1455,1035,1507,1428,1583,1909
2025-05-20 22:02:39.757,1519,1511,1621,1493,1553,839,1619,1383,1494,1823
2025-05-20 22:02:39.957,1542,1519,1513,1487,1639,639,1422,1343,1415,1638
2025-05-20 22:02:40.157,1555,1549,1399,1481,1660,743,1452,1333,1419,1531
2025-05-20 22:02:40.357,1467,1511,1241,1478,1738,995,1485,1325,1435,1516
2025-05-20 22:02:40.557,1437,1515,1289,1481,1605,1362,1451,1389,1273,1507
2025-05-20 22:02:40.757,1461,1555,1467,1477,1557,1709,1541,1511,1135,1533
2025-05-20 22:02:40.957,1501,1515,1651,1471,1477,2005,1599,1581,1113,1549
2025-05-20 22:02:41.157,1531,1510,1656,1471,1419,2107,1669,1654,1132,1576
2025-05-20 22:02:41.357,1580,1507,1653,1469,1435,2063,1748,1701,1197,1571
2025-05-20 22:02:41.557,1556,1499,1618,1455,1567,1990,1835,1693,1277,1554
2025-05-20 22:02:41.757,1471,1575,1635,1442,1455,1960,1622,1561,1319,1547
2025-05-20 22:02:41.957,1365,1470,1545,1444,1467,1909,1587,1443,1379,1513
2025-05-20 22:02:42.157,1268,1511,1464,1460,1352,1823,1388,1383,1371,1593
2025-05-20 22:02:42.357,1295,1541,1429,1470,1207,1734,1359,1395,1343,1629
2025-05-20 22:02:42.557,1433,1561,1437,1481,1126,1645,1319,1437,1339,1527
2025-05-20 22:02:42.757,1593,1527,1467,1481,1109,1463,1405,1496,1225,1449
2025-05-20 22:02:42.957,1671,1507,1513,1484,1279,1389,1363,1507,1389,1205
2025-05-20 22:02:43.157,1679,1497,1550,1488,1477,1395,1399,1527,1740,908
2025-05-20 22:02:43.357,1645,1489,1572,1492,1685,1379,1428,1525,2013,855
2025-05-20 22:02:43.557,1621,1472,1590,1482,1725,1371,1561,1525,2100,1048
2025-05-20 22:02:43.757,1580,1449,1596,1479,1716,1255,1545,1547,2043,1358
2025-05-20 22:02:43.957,1505,1371,1551,1471,1656,1128,1507,1499,1949,1691
2025-05-20 22:02:44.157,1480,1369,1597,1478,1756,909,1554,1276,1811,1889
2025-05-20 22:02:44.357,1506,1405,1637,1471,1799,676,1516,1014,1787,1925
2025-05-20 22:02:44.557,1528,1430,1563,1468,1780,647,1415,869,1828,1867
2025-05-20 22:02:44.757,1560,1453,1426,1477,1627,891,1382,1094,1893,1673
2025-05-20 22:02:44.958,1592,1576,1339,1469,1468,1235,1271,1198,1899,1553
2025-05-20 22:02:45.158,1640,1565,1273,1478,1367,1575,1437,1451,1748,1519
2025-05-20 22:02:45.358,1566,1637,1369,1455,1227,1849,1383,1767,1591,1517
2025-05-20 22:02:45.560,1513,1646,1491,1450,1285,2107,1397,1996,1379,1549
2025-05-20 22:02:45.760,1485,1631,1657,1448,1341,2031,1403,2105,1254,1566
2025-05-20 22:02:45.960,1471,1622,1659,1466,1471,2023,1636,2053,1339,1575
2025-05-20 22:02:46.160,1479,1719,1657,1481,1571,1979,1513,1914,1247,1591
2025-05-20 22:02:46.360,1493,1715,1637,1487,1651,1944,1495,1833,1101,1581
2025-05-20 22:02:46.560,1469,1692,1629,1484,1651,1898,1487,1747,1051,1553
2025-05-20 22:02:46.760,1341,1605,1557,1492,1635,1789,1698,1619,1087,1530
2025-05-20 22:02:46.960,1287,1589,1507,1496,1661,1703,1561,1403,1231,1611
2025-05-20 22:02:47.160,1419,1567,1501,1492,1355,1591,1381,1235,1383,1637
2025-05-20 22:02:47.360,1561,1544,1526,1487,1067,1460,1423,1243,1527,1541
2025-05-20 22:02:47.560,1523,1596,1486,1481,1070,1403,1499,1335,1647,1483
2025-05-20 22:02:47.760,1512,1557,1581,1481,1191,1383,1575,1405,1815,1305
2025-05-20 22:02:47.960,1555,1583,1599,1485,1627,1405,1631,1459,1811,971
2025-05-20 22:02:48.160,1594,1553,1591,1492,1686,1371,1516,1509,1617,867
2025-05-20 22:02:48.360,1613,1593,1589,1483,1676,1143,1492,1556,1368,987
2025-05-20 22:02:48.560,1629,1566,1615,1485,1836,1039,1545,1567,985,1293
2025-05-20 22:02:48.760,1637,1573,1636,1487,1835,760,1414,1582,650,1647
2025-05-20 22:02:48.960,1640,1543,1629,1479,1789,623,1607,1545,456,1877
2025-05-20 22:02:49.160,1559,1511,1642,1450,1709,775,1335,1435,495,1939
2025-05-20 22:02:49.360,1509,1512,1587,1445,1657,1066,1518,1323,812,1869
2025-05-20 22:02:49.560,1463,1528,1415,1455,1635,1429,1517,1165,1321,1725
2025-05-20 22:02:49.760,1467,1507,1331,1477,1747,1755,1563,1095,1897,1572
2025-05-20 22:02:49.961,1495,1542,1335,1485,1688,2095,1587,1116,2291,1516
2025-05-20 22:02:50.161,1529,1501,1432,1486,1560,2133,1507,1258,2520,1542
2025-05-20 22:02:50.361,1567,1547,1595,1486,1479,2057,1690,1523,2645,1567
2025-05-20 22:02:50.561,1553,1595,1655,1498,1451,2020,1439,1721,2521,1591
2025-05-20 22:02:50.761,1485,1578,1715,1501,1481,1983,1546,1849,2233,1609
2025-05-20 22:02:50.961,1397,1606,1708,1498,1311,1947,1625,1932,1975,1615
2025-05-20 22:02:51.161,1438,1548,1669,1497,1195,1893,1621,1929,1749,1592
2025-05-20 22:02:51.361,1415,1587,1635,1491,1061,1785,1627,1913,1715,1583
2025-05-20 22:02:51.561,1399,1532,1575,1487,1013,1656,1609,1847,1663,1567
2025-05-20 22:02:51.761,1433,1548,1515,1495,1159,1499,1693,1703,1446,1623
2025-05-20 22:02:51.961,1497,1561,1499,1488,1531,1435,1525,1429,1328,1657
2025-05-20 22:02:52.159,1549,1525,1547,1493,1821,1419,1759,1319,1261,1583
2025-05-20 22:02:52.359,1590,1575,1587,1491,1973,1427,1703,1322,1255,1475
2025-05-20 22:02:52.559,1627,1539,1583,1497,2075,1433,1518,1321,1319,1363
2025-05-20 22:02:52.759,1641,1615,1627,1483,2019,1317,1564,1392,1394,1007
2025-05-20 22:02:52.959,1692,1583,1654,1461,1995,1135,1549,1432,1513,860
2025-05-20 22:02:53.159,1625,1565,1659,1449,1791,952,1500,1481,1635,983
2025-05-20 22:02:53.359,1524,1577,1615,1460,1723,724,1492,1651,1889,1253
2025-05-20 22:02:53.559,1452,1591,1685,1481,1657,677,1516,1716,1804,1611
2025-05-20 22:02:53.759,1440,1597,1671,1495,1597,907,1323,1741,1587,1875
2025-05-20 22:02:53.959,1494,1607,1624,1495,1492,1257,1495,1641,1369,1975
2025-05-20 22:02:54.159,1549,1579,1555,1495,1469,1653,1418,1500,1255,1909
2025-05-20 22:02:54.359,1573,1566,1422,1509,1453,2005,1383,1415,1257,1810
2025-05-20 22:02:54.559,1575,1591,1358,1513,1317,2191,1531,1365,1303,1627
2025-05-20 22:02:54.759,1557,1575,1453,1509,1083,2111,1596,1213,1320,1567
2025-05-20 22:02:54.959,1517,1586,1555,1503,760,1998,1555,995,1222,1533
2025-05-20 22:02:55.159,1503,1580,1653,1501,925,2055,1629,933,973,1575
2025-05-20 22:02:55.359,1419,1517,1770,1502,1384,2045,1556,1012,719,1603
2025-05-20 22:02:55.559,1312,1597,1717,1500,1850,1971,1549,1229,624,1613
2025-05-20 22:02:55.759,1303,1617,1707,1501,2027,1832,1739,1493,889,1615
2025-05-20 22:02:55.959,1355,1563,1695,1495,2211,1766,1620,1686,1317,1607
2025-05-20 22:02:56.159,1466,1577,1660,1501,2261,1593,1579,1910,1819,1593
2025-05-20 22:02:56.359,1558,1614,1565,1513,2057,1495,1659,2088,2189,1579
2025-05-20 22:02:56.559,1627,1623,1515,1487,1863,1423,1629,2086,2264,1611
2025-05-20 22:02:56.759,1685,1611,1514,1463,1727,1445,1555,1934,2301,1675
2025-05-20 22:02:56.959,1720,1546,1533,1455,1633,1431,1492,1653,2667,1576
2025-05-20 22:02:57.159,1676,1461,1620,1468,1553,1341,1575,1471,2709,1513
2025-05-20 22:02:57.359,1610,1431,1621,1493,1540,1193,1573,1423,2387,1389
2025-05-20 22:02:57.559,1502,1419,1651,1505,1543,1109,1583,1421,2078,1063
2025-05-20 22:02:57.759,1493,1429,1639,1507,1553,821,1446,1471,1737,871
2025-05-20 22:02:57.959,1545,1437,1642,1509,1333,628,1518,1509,1464,987
2025-05-20 22:02:58.159,1587,1470,1688,1523,1189,761,1429,1519,1337,1260
2025-05-20 22:02:58.359,1593,1542,1645,1513,1117,1128,1483,1555,1324,1611
2025-05-20 22:02:58.559,1581,1619,1625,1511,903,1431,1547,1568,1286,1861
2025-05-20 22:02:58.759,1573,1562,1645,1505,875,1800,1646,1583,1395,1960
2025-05-20 22:02:58.959,1525,1653,1478,1499,1117,2065,1565,1622,1581,1899
2025-05-20 22:02:59.160,1573,1687,1391,1496,1637,2118,1599,1621,1527,1800
2025-05-20 22:02:59.360,1513,1687,1335,1501,1983,2038,1567,1579,1388,1617
2025-05-20 22:02:59.560,1447,1759,1395,1487,2142,2025,1417,1527,1271,1527
2025-05-20 22:02:59.760,1381,1747,1547,1495,2168,2013,1559,1381,1193,1511
2025-05-20 22:02:59.960,1331,1757,1653,1493,2167,2003,1561,1261,1226,1546
2025-05-20 22:03:00.159,1274,1627,1630,1485,2040,1839,1657,1213,1299,1561
2025-05-20 22:03:00.362,1327,1674,1753,1491,1930,1683,1590,1259,1391,1612
2025-05-20 22:03:00.560,1418,1572,1672,1461,1679,1572,1544,1309,1227,1599
2025-05-20 22:03:00.760,1531,1522,1696,1459,1651,1543,1533,1395,859,1583
2025-05-20 22:03:00.960,1597,1625,1541,1467,1383,1447,1456,1542,453,1547
2025-05-20 22:03:01.160,1575,1635,1494,1483,1032,1452,1463,1637,341,1555
2025-05-20 22:03:01.360,1461,1610,1494,1497,1051,1387,1651,1656,657,1604
2025-05-20 22:03:01.560,1423,1529,1461,1492,1225,1363,1495,1611,1205,1639
2025-05-20 22:03:01.760,1513,1501,1494,1493,1435,1378,1519,1467,1765,1557
2025-05-20 22:03:01.960,1678,1496,1560,1495,1593,1103,1485,1215,2129,1483
2025-05-20 22:03:02.160,1781,1517,1567,1497,1675,911,1435,1063,2174,1349
2025-05-20 22:03:02.360,1781,1541,1619,1484,1595,661,1485,1135,2491,1005
2025-05-20 22:03:02.560,1707,1483,1531,1484,1413,661,1426,1307,2776,853
2025-05-20 22:03:02.760,1615,1463,1582,1479,1095,863,1531,1500,2553,975
2025-05-20 22:03:02.960,1583,1507,1588,1481,863,1169,1489,1715,2223,1227
2025-05-20 22:03:03.160,1493,1507,1595,1471,1116,1615,1584,1910,1935,1559
2025-05-20 22:03:03.360,1416,1512,1592,1467,1485,1881,1419,2009,1743,1838
2025-05-20 22:03:03.560,1404,1515,1545,1467,1848,2103,1518,1961,1657,1931
2025-05-20 22:03:03.760,1420,1499,1405,1465,1903,2060,1452,1835,1623,1870
2025-05-20 22:03:03.960,1445,1479,1299,1466,1736,1984,1581,1709,1685,1749
2025-05-20 22:03:04.160,1477,1491,1303,1451,1717,1999,1382,1579,1759,1571
2025-05-20 22:03:04.360,1487,1496,1449,1439,1719,1973,1501,1429,1804,1511
2025-05-20 22:03:04.560,1493,1463,1528,1446,1604,1903,1379,1323,1638,1511
2025-05-20 22:03:04.760,1547,1456,1659,1453,1515,1791,1527,1311,1421,1527
2025-05-20 22:03:04.960,1445,1560,1659,1476,1531,1631,1493,1331,1105,1549
2025-05-20 22:03:05.160,1273,1516,1607,1483,1621,1511,1479,1323,991,1573
2025-05-20 22:03:05.360,1111,1551,1637,1483,1555,1442,1439,1337,967,1578
2025-05-20 22:03:05.560,1331,1589,1597,1491,1469,1447,1594,1437,904,1579
2025-05-20 22:03:05.760,1707,1574,1493,1495,1489,1384,1556,1525,635,1563
2025-05-20 22:03:05.960,1871,1499,1430,1492,1527,1384,1439,1630,265,1544
2025-05-20 22:03:06.160,1736,1496,1448,1483,1428,1351,1439,1705,77,1589
2025-05-20 22:03:06.360,1580,1499,1509,1478,1111,1161,1509,1687,280,1613
2025-05-20 22:03:06.560,1549,1533,1512,1479,867,1002,1416,1573,825,1545
2025-05-20 22:03:06.760,1556,1567,1525,1483,1087,804,1532,1373,1459,1471
2025-05-20 22:03:06.960,1523,1595,1581,1482,1397,596,1547,1307,1893,1323
2025-05-20 22:03:07.160,1495,1591,1624,1479,1449,749,1389,1331,2379,975
2025-05-20 22:03:07.360,1485,1573,1627,1483,1563,1045,1595,1389,2551,841
2025-05-20 22:03:07.560,1499,1469,1606,1480,1767,1380,1534,1469,2525,973
2025-05-20 22:03:07.760,1519,1579,1583,1477,1897,1799,1477,1465,2361,1269
2025-05-20 22:03:07.960,1543,1531,1533,1463,1881,2071,1414,1493,2135,1592
2025-05-20 22:03:08.160,1559,1507,1604,1448,1847,2163,1461,1531,1915,1843
2025-05-20 22:03:08.360,1581,1542,1469,1452,1847,2045,1471,1533,1803,1962
2025-05-20 22:03:08.560,1597,1493,1372,1465,1821,2040,1611,1594,1735,1892
2025-05-20 22:03:08.760,1663,1543,1325,1483,1837,2023,1571,1663,1671,1723
2025-05-20 22:03:08.960,1643,1573,1439,1486,1687,1941,1375,1675,1656,1583
2025-05-20 22:03:09.160,1479,1567,1479,1491,1515,1839,1543,1559,1799,1547
2025-05-20 22:03:09.360,1208,1559,1683,1495,1499,1708,1446,1293,1737,1530
2025-05-20 22:03:09.560,1063,1613,1723,1501,1499,1617,1465,1080,1491,1559
2025-05-20 22:03:09.760,1354,1558,1727,1503,1257,1449,1514,1060,1305,1574
2025-05-20 22:03:09.960,1750,1567,1663,1498,955,1430,1583,1123,1200,1593
2025-05-20 22:03:10.160,1881,1543,1676,1495,893,1435,1455,1319,1267,1599
2025-05-20 22:03:10.360,1739,1557,1547,1491,955,1407,1575,1581,1427,1608
2025-05-20 22:03:10.560,1549,1481,1491,1496,1079,1383,1559,1787,1526,1583
2025-05-20 22:03:10.760,1451,1443,1500,1491,1433,1235,1573,1980,1502,1565
2025-05-20 22:03:10.960,1386,1351,1595,1486,1850,1055,1507,1975,1194,1638
2025-05-20 22:03:11.160,1368,1381,1597,1489,2129,990,1503,1931,661,1653
2025-05-20 22:03:11.360,1403,1449,1607,1493,2136,813,1493,1845,227,1593
2025-05-20 22:03:11.560,1467,1501,1608,1493,2133,695,1464,1719,186,1494
2025-05-20 22:03:11.760,1531,1497,1579,1467,2093,903,1619,1357,623,1271
2025-05-20 22:03:11.960,1580,1583,1625,1451,1955,1183,1565,1241,1311,989
2025-05-20 22:03:12.160,1597,1663,1661,1449,1728,1621,1513,1199,2205,873
2025-05-20 22:03:12.360,1615,1691,1615,1468,1559,1951,1613,1150,2423,1019
2025-05-20 22:03:12.560,1630,1691,1662,1485,1529,2163,1662,1251,2401,1327
2025-05-20 22:03:12.760,1671,1743,1681,1495,1555,2140,1481,1358,2427,1691
2025-05-20 22:03:12.960,1611,1727,1531,1497,1391,2108,1615,1493,2357,1913
2025-05-20 22:03:13.160,1379,1785,1451,1509,1150,2085,1593,1495,2156,1961
2025-05-20 22:03:13.360,1162,1761,1399,1516,1207,2039,1671,1583,2008,1875
2025-05-20 22:03:13.560,1277,1705,1415,1515,937,1965,1547,1628,1869,1737
2025-05-20 22:03:13.760,1647,1669,1571,1515,857,1831,1489,1627,1765,1599
2025-05-20 22:03:13.960,1863,1595,1641,1514,1105,1653,1562,1606,1743,1547
2025-05-20 22:03:14.160,1806,1597,1693,1513,1547,1565,1639,1571,1869,1531
2025-05-20 22:03:14.360,1595,1615,1716,1496,2069,1496,1527,1567,1875,1559
2025-05-20 22:03:14.560,1477,1583,1776,1498,2219,1471,1625,1493,1643,1599
2025-05-20 22:03:14.760,1464,1609,1705,1503,2365,1421,1492,1437,1373,1622
2025-05-20 22:03:14.960,1383,1593,1623,1509,2232,1480,1455,1317,1227,1614
2025-05-20 22:03:15.160,1355,1579,1545,1500,2065,1309,1581,1238,1111,1589
2025-05-20 22:03:15.360,1390,1623,1489,1495,1787,1119,1498,1236,1193,1591
2025-05-20 22:03:15.560,1459,1583,1522,1478,1619,1056,1639,1383,1349,1577
2025-05-20 22:03:15.760,1531,1551,1613,1461,1540,841,1520,1593,1519,1628
2025-05-20 22:03:15.960,1578,1573,1573,1463,1447,679,1639,1784,1655,1675
2025-05-20 22:03:16.160,1595,1586,1608,1483,1287,741,1614,1879,1677,1587
2025-05-20 22:03:16.360,1619,1573,1598,1495,1284,1060,1620,1835,1503,1493
2025-05-20 22:03:16.560,1622,1551,1611,1501,1105,1483,1485,1676,1123,1273
2025-05-20 22:03:16.760,1634,1573,1661,1503,1081,1893,1501,1606,619,953
2025-05-20 22:03:16.960,1491,1503,1679,1507,1141,2132,1517,1519,329,863
2025-05-20 22:03:17.160,1315,1525,1647,1506,1147,2171,1435,1481,407,1023
2025-05-20 22:03:17.360,1204,1509,1639,1509,1130,2027,1468,1485,1063,1333
2025-05-20 22:03:17.560,1403,1573,1565,1496,1336,2065,1529,1497,1811,1669
2025-05-20 22:03:17.760,1694,1551,1435,1496,1771,1979,1517,1525,1931,1899
2025-05-20 22:03:17.961,1839,1475,1332,1493,2103,1917,1519,1607,2045,1940
2025-05-20 22:03:18.161,1763,1547,1331,1491,2093,1823,1481,1627,2211,1848
2025-05-20 22:03:18.361,1581,1528,1400,1486,2084,1715,1443,1654,2271,1710
2025-05-20 22:03:18.561,1491,1543,1557,1481,2007,1635,1655,1625,2189,1555
2025-05-20 22:03:18.761,1469,1479,1617,1479,1833,1507,1414,1561,2019,1513
2025-05-20 22:03:18.961,1387,1523,1711,1481,1627,1416,1465,1517,1908,1513
2025-05-20 22:03:19.161,1363,1517,1663,1466,1487,1435,1682,1478,1799,1523
2025-05-20 22:03:19.361,1403,1543,1656,1459,1317,1379,1721,1416,1721,1559
2025-05-20 22:03:19.561,1464,1559,1576,1443,1074,1341,1372,1445,1883,1595
2025-05-20 22:03:19.761,1525,1553,1458,1449,1175,1161,1497,1445,1738,1576
2025-05-20 22:03:19.961,1566,1541,1507,1464,1164,1023,1530,1270,1386,1561
2025-05-20 22:03:20.161,1583,1531,1487,1479,1381,891,1483,1247,1148,1565
2025-05-20 22:03:20.361,1595,1508,1515,1477,1495,663,1545,1303,1061,1565
2025-05-20 22:03:20.561,1612,1559,1467,1478,1603,649,1422,1375,1071,1625
2025-05-20 22:03:20.761,1609,1517,1508,1485,1691,908,1415,1507,1147,1623
2025-05-20 22:03:20.961,1418,1507,1575,1490,1541,1187,1514,1589,1277,1545
2025-05-20 22:03:21.161,1253,1515,1546,1489,1139,1581,1395,1635,1447,1465
2025-05-20 22:03:21.361,1215,1463,1463,1480,1059,1957,1549,1630,1563,1267
2025-05-20 22:03:21.561,1440,1553,1595,1481,1180,2120,1683,1644,1651,941
2025-05-20 22:03:21.761,1710,1579,1518,1466,1319,2024,1423,1512,1675,841
2025-05-20 22:03:21.961,1817,1512,1635,1467,1459,1998,1443,1391,1613,1012
2025-05-20 22:03:22.161,1709,1524,1543,1465,1747,2005,1506,1380,1423,1291
2025-05-20 22:03:22.361,1579,1575,1519,1465,1716,1969,1436,1333,1061,1640
2025-05-20 22:03:22.561,1543,1469,1369,1471,1672,1895,1507,1292,633,1867
2025-05-20 22:03:22.761,1466,1549,1336,1468,1681,1771,1555,1250,405,1910
2025-05-20 22:03:22.961,1391,1524,1391,1465,1647,1654,1459,1277,905,1843
2025-05-20 22:03:23.161,1391,1508,1479,1448,1645,1571,1493,1367,1207,1724
2025-05-20 22:03:23.361,1444,1545,1636,1437,1625,1423,1479,1461,1383,1553
2025-05-20 22:03:23.561,1507,1545,1674,1448,1660,1389,1525,1595,1635,1509
2025-05-20 22:03:23.761,1557,1547,1673,1467,1701,1386,1645,1700,1918,1511
2025-05-20 22:03:23.961,1580,1555,1685,1483,1789,1407,1492,1747,2215,1527
2025-05-20 22:03:24.161,1583,1485,1607,1483,1707,1343,1341,1799,2377,1551
2025-05-20 22:03:24.361,1593,1357,1519,1484,1672,1161,1551,1765,2299,1563
2025-05-20 22:03:24.561,1637,1291,1493,1497,1595,1011,1465,1711,2134,1591
2025-05-20 22:03:24.761,1555,1363,1491,1497,1542,840,1449,1650,1943,1579
2025-05-20 22:03:24.961,1334,1433,1527,1497,1315,653,1484,1607,1915,1589
2025-05-20 22:03:25.161,1177,1465,1527,1493,871,748,1461,1599,1867,1575
2025-05-20 22:03:25.361,1251,1491,1555,1485,694,1017,1588,1577,1581,1620
2025-05-20 22:03:25.561,1527,1575,1529,1493,847,1388,1577,1559,1303,1673
2025-05-20 22:03:25.761,1747,1581,1617,1484,1048,1769,1501,1545,1084,1568
2025-05-20 22:03:25.961,1785,1613,1658,1483,1379,2116,1427,1545,1055,1494
2025-05-20 22:03:26.161,1669,1657,1614,1493,1790,2133,1353,1511,1146,1311
2025-05-20 22:03:26.361,1578,1709,1609,1489,2084,1981,1397,1440,1261,959
2025-05-20 22:03:26.561,1549,1727,1595,1479,2200,1993,1544,1333,1387,843
2025-05-20 22:03:26.761,1459,1719,1579,1481,2117,1971,1711,1212,1515,1001
2025-05-20 22:03:26.961,1420,1717,1559,1448,2056,1943,1563,1209,1629,1339
2025-05-20 22:03:27.161,1435,1657,1439,1444,1965,1867,1492,1288,1725,1659
2025-05-20 22:03:27.361,1487,1637,1351,1453,1863,1747,1546,1363,1779,1878
2025-05-20 22:03:27.561,1531,1637,1357,1481,1623,1587,1683,1460,1721,1903
2025-05-20 22:03:27.761,1560,1598,1495,1491,1568,1507,1455,1491,1646,1861
2025-05-20 22:03:27.961,1581,1625,1603,1495,1479,1479,1453,1531,1531,1769
2025-05-20 22:03:28.161,1583,1595,1721,1507,1236,1450,1562,1549,1350,1591
2025-05-20 22:03:28.361,1623,1573,1756,1510,1239,1464,1563,1571,1085,1525
2025-05-20 22:03:28.561,1620,1596,1717,1507,1239,1461,1549,1571,1031,1541
2025-05-20 22:03:28.761,1449,1613,1704,1503,895,1339,1548,1559,767,1559
2025-05-20 22:03:28.961,1252,1607,1670,1497,806,1113,1631,1530,692,1580
2025-05-20 22:03:29.161,1175,1571,1562,1495,953,1007,1599,1509,925,1610
2025-05-20 22:03:29.361,1365,1520,1511,1497,1547,751,1564,1428,1239,1611
2025-05-20 22:03:29.561,1637,1559,1564,1501,1891,696,1461,1463,1613,1604
2025-05-20 22:03:29.761,1789,1622,1591,1495,2185,875,1589,1401,2005,1590
2025-05-20 22:03:29.961,1753,1621,1604,1507,2201,1227,1527,1321,2283,1583
2025-05-20 22:03:30.161,1634,1561,1607,1502,2280,1641,1525,1258,2379,1644
2025-05-20 22:03:30.361,1595,1587,1597,1505,2117,1941,1571,1321,2407,1679
2025-05-20 22:03:30.561,1509,1541,1615,1492,1989,2173,1695,1431,2281,1589
2025-05-20 22:03:30.761,1431,1499,1671,1465,1736,2141,1653,1612,2015,1494
2025-05-20 22:03:30.961,1432,1511,1613,1461,1620,2039,1547,1817,1763,1337
2025-05-20 22:03:31.161,1469,1620,1675,1471,1384,2031,1623,1951,1485,1004
2025-05-20 22:03:31.361,1519,1607,1751,1483,1247,1961,1446,1917,1287,869
2025-05-20 22:03:31.561,1555,1595,1596,1509,1327,1915,1567,1752,1247,1032
2025-05-20 22:03:31.761,1565,1591,1396,1511,1193,1817,1545,1629,1355,1371
2025-05-20 22:03:31.961,1578,1609,1375,1523,1093,1709,1499,1683,1419,1671
2025-05-20 22:03:32.161,1603,1593,1436,1526,1081,1561,1523,1725,1557,1886
2025-05-20 22:03:32.361,1656,1560,1533,1519,1047,1511,1563,1651,1638,1947
2025-05-20 22:03:32.561,1549,1639,1607,1509,1271,1448,1615,1581,1715,1870
2025-05-20 22:03:32.761,1337,1589,1741,1501,1647,1483,1535,1485,1723,1813
2025-05-20 22:03:32.961,1187,1560,1739,1503,2035,1439,1523,1427,1663,1609
2025-05-20 22:03:33.161,1247,1563,1659,1497,2281,1428,1517,1403,1584,1522
2025-05-20 22:03:33.361,1502,1529,1614,1492,2182,1223,1487,1372,1470,1500
2025-05-20 22:03:33.561,1725,1517,1623,1495,2089,1096,1544,1368,1400,1517
2025-05-20 22:03:33.761,1785,1529,1499,1491,1937,922,1566,1349,1366,1567
2025-05-20 22:03:33.961,1675,1531,1511,1487,1781,741,1496,1355,1403,1566
2025-05-20 22:03:34.161,1593,1565,1555,1461,1511,719,1497,1367,1307,1591
2025-05-20 22:03:34.361,1567,1519,1517,1448,1343,937,1534,1421,1161,1581
2025-05-20 22:03:34.561,1465,1565,1513,1444,1299,1256,1517,1493,1143,1577
2025-05-20 22:03:34.761,1415,1571,1594,1462,1071,1671,1533,1525,1046,1559
2025-05-20 22:03:34.961,1437,1485,1507,1481,1017,1947,1507,1591,969,1619
2025-05-20 22:03:35.161,1471,1517,1589,1484,1115,2076,1553,1677,998,1641
2025-05-20 22:03:35.361,1519,1501,1575,1491,1317,2010,1428,1629,1109,1579
2025-05-20 22:03:35.561,1547,1528,1578,1490,1367,2007,1495,1496,1295,1483
2025-05-20 22:03:35.761,1564,1577,1587,1493,1255,2007,1435,1381,1531,1327
2025-05-20 22:03:35.961,1581,1415,1498,1486,1237,1933,1493,1317,1635,973
2025-05-20 22:03:36.161,1629,1081,1501,1481,1417,1863,1429,1395,1783,851
2025-05-20 22:03:36.361,1619,1069,1403,1479,1567,1709,1448,1179,1835,972
2025-05-20 22:03:36.561,1435,1183,1319,1461,1677,1560,1516,815,1661,1268
2025-05-20 22:03:36.761,1230,1369,1343,1467,1635,1507,1496,799,1669,1617
2025-05-20 22:03:36.961,1177,1559,1461,1462,1587,1449,1550,1101,1877,1833
2025-05-20 22:03:37.161,1370,1703,1553,1465,1577,1389,1443,1449,2069,1897
2025-05-20 22:03:37.361,1627,1737,1646,1464,1573,1375,1357,1677,2067,1821
2025-05-20 22:03:37.561,1767,1791,1659,1468,1577,1372,1465,1903,1915,1763
2025-05-20 22:03:37.761,1723,1689,1591,1464,1375,1263,1582,1959,1791,1583
2025-05-20 22:03:37.961,1613,1553,1629,1443,1298,1067,1446,2023,1661,1506
2025-05-20 22:03:38.161,1596,1575,1508,1433,1255,957,1439,1991,1573,1484
2025-05-20 22:03:38.361,1499,1593,1503,1447,1391,775,1549,1870,1498,1479
2025-05-20 22:03:38.561,1423,1627,1502,1469,1588,676,1463,1683,1416,1477
2025-05-20 22:03:38.761,1421,1581,1513,1487,1671,867,1430,1529,1395,1526
2025-05-20 22:03:38.961,1467,1563,1545,1491,1781,1116,1533,1493,1470,1576
2025-05-20 22:03:39.161,1510,1527,1551,1487,1780,1489,1471,1487,1341,1565
2025-05-20 22:03:39.361,1547,1563,1531,1496,1699,1871,1531,1477,1263,1479
2025-05-20 22:03:39.561,1563,1574,1543,1500,1611,2125,1565,1477,1235,1523
2025-05-20 22:03:39.761,1579,1589,1581,1489,1623,2077,1479,1596,1278,1590
2025-05-20 22:03:39.961,1597,1621,1596,1491,1655,2020,1644,1651,1384,1703
2025-05-20 22:03:40.161,1647,1725,1595,1479,1527,1979,1438,1493,1481,1631
2025-05-20 22:03:40.361,1555,1619,1640,1477,1191,1929,1389,1351,1595,1544
2025-05-20 22:03:40.561,1338,1637,1618,1477,925,1886,1501,1263,1659,1445
2025-05-20 22:03:40.761,1165,1659,1468,1483,933,1789,1548,1158,1813,1099
2025-05-20 22:03:40.961,1230,1606,1337,1471,1011,1683,1500,857,1865,863
2025-05-20 22:03:41.161,1501,1599,1295,1479,1268,1583,1507,691,1674,955
2025-05-20 22:03:41.361,1740,1547,1382,1485,1653,1517,1421,995,1460,1215
2025-05-20 22:03:41.561,1785,1591,1520,1451,2063,1457,1615,1383,1306,1515
2025-05-20 22:03:41.761,1663,1609,1644,1433,2157,1445,1555,1627,1146,1807
2025-05-20 22:03:41.961,1575,1576,1684,1437,2019,1404,1404,1781,855,1908
2025-05-20 22:03:42.161,1555,1515,1655,1459,1973,1383,1510,1887,487,1883
2025-05-20 22:03:42.361,1453,1524,1673,1483,1747,1211,1455,1959,365,1788
2025-05-20 22:03:42.561,1423,1541,1671,1493,1599,1067,1570,1989,622,1685
2025-05-20 22:03:42.761,1435,1519,1554,1497,1611,851,1551,1883,1191,1483
2025-05-20 22:03:42.961,1486,1501,1517,1507,1661,691,1405,1752,1773,1449
2025-05-20 22:03:43.161,1527,1547,1515,1513,1548,795,1523,1625,2116,1481
2025-05-20 22:03:43.361,1564,1561,1555,1512,1529,1005,1595,1561,2251,1549
2025-05-20 22:03:43.561,1571,1595,1562,1500,1499,1351,1561,1508,2441,1599
2025-05-20 22:03:43.761,1578,1560,1497,1497,1511,1743,1654,1523,2815,1621
2025-05-20 22:03:43.961,1609,1593,1609,1492,1391,2029,1516,1553,2364,1627
2025-05-20 22:03:44.161,1623,1597,1575,1487,1258,2109,1635,1609,1902,1615
2025-05-20 22:03:44.361,1478,1624,1636,1490,1323,2065,1495,1669,1612,1625
2025-05-20 22:03:44.561,1272,1591,1661,1498,1158,1972,1595,1671,1462,1612
2025-05-20 22:03:44.761,1187,1373,1661,1497,991,1976,1439,1526,1405,1645
2025-05-20 22:03:44.961,1350,1247,1695,1507,1238,1931,1624,1307,1447,1623
2025-05-20 22:03:45.161,1621,1268,1635,1484,1573,1885,1643,1013,1485,1549
2025-05-20 22:03:45.361,1783,1371,1549,1448,1773,1800,1447,605,1563,1465
2025-05-20 22:03:45.561,1743,1500,1407,1436,1949,1699,1556,595,1715,1192
2025-05-20 22:03:45.763,1621,1611,1389,1459,2093,1599,1597,1019,1876,925
2025-05-20 22:03:45.963,1579,1673,1448,1496,2095,1516,1529,1451,1717,905
2025-05-20 22:03:46.163,1512,1770,1579,1505,1963,1490,1574,1693,1469,1131
2025-05-20 22:03:46.363,1435,1761,1692,1511,1965,1443,1639,1899,1303,1479
2025-05-20 22:03:46.563,1421,1737,1707,1515,1735,1463,1711,2013,1203,1784
2025-05-20 22:03:46.763,1463,1683,1715,1533,1611,1365,1647,2147,1221,1949
2025-05-20 22:03:46.963,1513,1700,1749,1533,1309,1251,1684,2055,1319,1939
2025-05-20 22:03:47.163,1549,1679,1663,1525,1287,1076,1509,1917,1451,1826
2025-05-20 22:03:47.363,1575,1630,1557,1516,1325,807,1581,1803,1501,1753
2025-05-20 22:03:47.563,1591,1659,1523,1517,1303,665,1467,1691,1271,1573
2025-05-20 22:03:47.763,1600,1607,1564,1509,1507,822,1575,1566,845,1507
2025-05-20 22:03:47.963,1635,1624,1583,1512,1715,1130,1517,1495,538,1487
2025-05-20 22:03:48.163,1583,1605,1614,1513,1686,1492,1545,1485,609,1512
2025-05-20 22:03:48.363,1380,1513,1606,1511,1715,1836,1511,1515,1059,1571
2025-05-20 22:03:48.563,1189,1565,1623,1518,1451,2101,1641,1549,1640,1607
2025-05-20 22:03:48.763,1199,1575,1639,1509,1128,2119,1543,1593,2013,1625
2025-05-20 22:03:48.963,1450,1549,1627,1461,1055,2073,1433,1634,2449,1607
2025-05-20 22:03:49.163,1712,1594,1657,1443,1239,1979,1627,1630,2835,1599
2025-05-20 22:03:49.363,1817,1511,1663,1456,1594,2008,1659,1437,2511,1611
2025-05-20 22:03:49.563,1705,1571,1641,1485,1930,1901,1339,1161,2085,1642
2025-05-20 22:03:49.763,1591,1566,1636,1500,1773,1799,1449,724,1781,1662
2025-05-20 22:03:49.963,1573,1561,1497,1503,1814,1727,1471,487,1609,1576
2025-05-20 22:03:50.164,1472,1575,1337,1510,1733,1629,1557,807,1543,1491
2025-05-20 22:03:50.364,1421,1573,1338,1519,1763,1557,1468,1277,1512,1343
2025-05-20 22:03:50.564,1444,1544,1446,1513,1779,1497,1549,1577,1513,991
2025-05-20 22:03:50.764,1485,1515,1551,1500,1769,1433,1563,1769,1527,885
2025-05-20 22:03:50.964,1524,1495,1662,1483,1685,1435,1639,1885,1721,1021
2025-05-20 22:03:51.164,1554,1391,1673,1479,1655,1401,1439,2019,1767,1303
2025-05-20 22:03:51.364,1567,1396,1683,1467,1518,1325,1511,1997,1575,1655
2025-05-20 22:03:51.564,1578,1421,1643,1469,1502,1113,1449,1885,1341,1881
2025-05-20 22:03:51.764,1581,1449,1613,1470,1467,981,1511,1785,1175,1903
2025-05-20 22:03:51.964,1630,1465,1482,1477,1527,751,1467,1695,1129,1835
2025-05-20 22:03:52.164,1543,1469,1464,1479,1452,709,1519,1603,1193,1723
2025-05-20 22:03:52.362,1335,1515,1481,1471,1453,799,1495,1527,1271,1653
2025-05-20 22:03:52.562,1167,1566,1465,1447,1275,1144,1355,1487,1357,1486
2025-05-20 22:03:52.762,1243,1612,1527,1438,1175,1551,1501,1497,1447,1457
2025-05-20 22:03:52.962,1515,1595,1562,1446,861,1852,1507,1556,1389,1481
2025-05-20 22:03:53.162,1752,1613,1567,1461,1051,2099,1577,1604,1113,1523
2025-05-20 22:03:53.362,1779,1623,1549,1477,1399,2071,1420,1639,711,1547
2025-05-20 22:03:53.562,1653,1655,1553,1484,1640,1941,1471,1587,471,1548
2025-05-20 22:03:53.762,1580,1709,1526,1479,1886,1893,1469,1509,603,1545
2025-05-20 22:03:53.962,1549,1689,1547,1484,2039,1899,1396,1287,1051,1575
2025-05-20 22:03:54.162,1459,1643,1620,1483,1935,1901,1499,903,1557,1553
2025-05-20 22:03:54.362,1429,1560,1581,1481,1781,1815,1582,521,1901,1587
2025-05-20 22:03:54.562,1435,1559,1471,1478,1691,1703,1481,621,2431,1637
2025-05-20 22:03:54.762,1491,1515,1322,1477,1503,1554,1516,1066,2765,1611
2025-05-20 22:03:54.962,1529,1587,1272,1471,1511,1447,1439,1391,2717,1511
2025-05-20 22:03:55.162,1555,1559,1382,1478,1432,1433,1463,1661,2495,1431
2025-05-20 22:03:55.362,1559,1553,1485,1476,1433,1401,1526,1839,2251,1167
2025-05-20 22:03:55.562,1573,1479,1595,1480,1459,1405,1327,1981,1925,909
2025-05-20 22:03:55.762,1595,1491,1637,1481,1391,1421,1525,1983,1621,893
2025-05-20 22:03:55.963,1623,1547,1597,1477,1259,1341,1479,1949,1416,1115
2025-05-20 22:03:56.163,1488,1470,1593,1463,1279,1109,1515,1851,1304,1487
2025-05-20 22:03:56.363,1299,1492,1634,1437,1453,895,1407,1710,1305,1751
2025-05-20 22:03:56.563,1171,1371,1543,1438,1519,670,1525,1631,1427,1875
2025-05-20 22:03:56.763,1302,983,1487,1451,1571,659,1321,1527,1365,1877
2025-05-20 22:03:56.963,1583,549,1483,1467,1461,924,1423,1499,1261,1763
2025-05-20 22:03:57.163,1762,279,1512,1483,1033,1234,1528,1555,1187,1702
2025-05-20 22:03:57.363,1739,315,1542,1486,920,1593,1528,1591,1127,1578
2025-05-20 22:03:57.563,1618,796,1525,1493,1087,1877,1477,1629,1163,1465
2025-05-20 22:03:57.763,1589,1499,1541,1486,1500,2105,1432,1661,1263,1464
2025-05-20 22:03:57.963,1523,2091,1561,1487,1829,2037,1508,1615,1317,1481
2025-05-20 22:03:58.163,1439,2477,1597,1485,2199,1955,1515,1511,1145,1515
2025-05-20 22:03:58.363,1439,2553,1577,1483,2147,1901,1591,1339,701,1563
2025-05-20 22:03:58.563,1467,2340,1619,1482,1763,1891,1433,1242,243,1563
2025-05-20 22:03:58.763,1501,2125,1639,1478,1637,1835,1469,887,155,1574
2025-05-20 22:03:58.963,1542,1999,1583,1481,1545,1773,1659,588,543,1562
2025-05-20 22:03:59.164,1560,1901,1463,1484,1528,1637,1519,755,1187,1575
2025-05-20 22:03:59.364,1573,1907,1315,1483,1553,1599,1464,1164,1764,1625
2025-05-20 22:03:59.564,1573,1871,1254,1483,1543,1528,1515,1440,2088,1657
2025-05-20 22:03:59.764,1597,1756,1349,1459,1553,1405,1403,1658,2473,1581
2025-05-20 22:03:59.964,1533,1661,1547,1438,1500,1391,1507,1848,3038,1517
2025-05-20 22:04:00.163,1379,1555,1596,1436,1495,1395,1517,1893,2833,1365
2025-05-20 22:04:00.367,1214,1567,1683,1451,1551,1407,1487,1939,2427,997
2025-05-20 22:04:00.564,1225,1547,1695,1477,1479,1372,1463,1925,2104,889
2025-05-20 22:04:00.764,1461,1427,1711,1493,1447,1156,1485,1799,1899,989
2025-05-20 22:04:00.964,1701,1399,1676,1491,1372,948,1449,1701,1769,1257
2025-05-20 22:04:01.164,1780,1524,1568,1501,1280,679,1467,1595,1651,1593
2025-05-20 22:04:01.364,1674,1593,1483,1501,1159,723,1497,1548,1551,1829
2025-05-20 22:04:01.564,1591,1303,1478,1499,1213,908,1572,1561,1513,1903
2025-05-20 22:04:01.764,1564,1062,1481,1487,1367,1237,1563,1610,1614,1845
2025-05-20 22:04:01.964,1465,1109,1554,1492,1639,1621,1544,1624,1532,1767
2025-05-20 22:04:02.164,1435,1169,1563,1487,1828,1941,1611,1658,1383,1721
2025-05-20 22:04:02.364,1463,1243,1576,1491,1913,2138,1509,1631,1263,1529
2025-05-20 22:04:02.564,1500,1395,1633,1491,1895,2119,1460,1503,1225,1467
2025-05-20 22:04:02.764,1531,1511,1566,1491,1865,1997,1531,1339,1339,1477
2025-05-20 22:04:02.964,1555,1551,1610,1493,1803,1939,1543,1287,1500,1531
2025-05-20 22:04:03.164,1570,1678,1634,1499,1647,1935,1545,1327,1561,1561
2025-05-20 22:04:03.364,1571,1727,1699,1451,1566,1783,1544,1111,1487,1573
2025-05-20 22:04:03.564,1583,1767,1629,1437,1445,1721,1435,791,1177,1575
2025-05-20 22:04:03.764,1556,1784,1589,1438,1451,1704,1487,832,749,1579
2025-05-20 22:04:03.964,1391,1867,1450,1463,1431,1629,1575,1187,379,1576
2025-05-20 22:04:04.164,1257,1913,1353,1489,1428,1495,1624,1472,327,1606
2025-05-20 22:04:04.364,1203,1862,1362,1498,1483,1450,1455,1722,661,1663
2025-05-20 22:04:04.564,1397,1797,1487,1500,1506,1479,1525,1863,1497,1659
2025-05-20 22:04:04.764,1659,1742,1618,1511,1297,1487,1606,1893,1873,1573
2025-05-20 22:04:04.964,1792,1738,1740,1524,1043,1477,1460,1951,1994,1477
2025-05-20 22:04:05.164,1715,1676,1727,1519,1157,1309,1531,1949,2110,1237
2025-05-20 22:04:05.364,1613,1597,1728,1511,1485,1077,1628,1845,2289,952
2025-05-20 22:04:05.564,1593,1544,1683,1506,1803,905,1562,1707,2269,915
2025-05-20 22:04:05.764,1490,1575,1693,1507,2059,723,1465,1611,2125,1099
2025-05-20 22:04:05.964,1432,1592,1611,1506,2027,735,1451,1544,1991,1423
2025-05-20 22:04:06.164,1440,1469,1567,1506,1929,973,1629,1575,1893,1736
2025-05-20 22:04:06.364,1486,1466,1523,1505,1821,1339,1596,1619,1791,1903
2025-05-20 22:04:06.564,1531,1331,1544,1506,1719,1717,1515,1657,1837,1909
2025-05-20 22:04:06.764,1555,1267,1577,1517,1621,2031,1577,1597,1849,1830
2025-05-20 22:04:06.964,1563,1228,1615,1468,1545,2180,1545,1577,1663,1757
2025-05-20 22:04:07.164,1557,1177,1588,1449,1485,2120,1610,1379,1447,1629
2025-05-20 22:04:07.364,1584,1039,1655,1447,1495,1996,1463,1269,1267,1517
2025-05-20 22:04:07.564,1575,867,1636,1466,1333,2009,1477,1307,1203,1509
2025-05-20 22:04:07.764,1435,901,1618,1497,1363,1965,1516,1395,1261,1557
2025-05-20 22:04:07.964,1256,1193,1647,1508,1461,1865,1596,1195,1451,1545
2025-05-20 22:04:08.164,1183,1547,1675,1512,1532,1799,1581,856,1619,1578
2025-05-20 22:04:08.364,1369,2037,1652,1524,1605,1675,1645,879,1736,1609
2025-05-20 22:04:08.564,1612,2332,1596,1531,1653,1609,1568,1223,1717,1608
2025-05-20 22:04:08.764,1775,2343,1531,1529,1631,1555,1686,1496,1702,1604
2025-05-20 22:04:08.964,1722,2152,1383,1525,1439,1421,1609,1701,1562,1596
2025-05-20 22:04:09.164,1623,2031,1383,1515,1287,1439,1499,1801,1293,1627
2025-05-20 22:04:09.364,1636,1935,1429,1511,1333,1428,1499,1907,867,1689
2025-05-20 22:04:09.564,1549,1833,1571,1516,1493,1365,1437,2037,409,1629
2025-05-20 22:04:09.764,1466,1830,1703,1511,1703,1190,1453,1945,279,1523
2025-05-20 22:04:09.964,1453,1865,1815,1507,1805,1006,1588,1789,980,1387
2025-05-20 22:04:10.164,1497,1785,1816,1511,1824,885,1517,1687,1405,1055
2025-05-20 22:04:10.364,1530,1748,1681,1507,1799,712,1576,1611,1621,883
2025-05-20 22:04:10.564,1567,1607,1639,1467,1557,791,1567,1559,1855,984
2025-05-20 22:04:10.764,1581,1489,1563,1447,1503,1051,1647,1561,2157,1242
2025-05-20 22:04:10.964,1593,1417,1519,1449,1581,1428,1495,1566,2415,1609
2025-05-20 22:04:11.164,1622,1392,1463,1469,1619,1801,1559,1618,2458,1839
2025-05-20 22:04:11.364,1631,1443,1461,1493,1639,2100,1475,1587,2287,1909
2025-05-20 22:04:11.564,1517,1357,1481,1501,1641,2251,1516,1444,2075,1865
2025-05-20 22:04:11.764,1302,1497,1471,1507,1640,2041,1503,1295,1892,1767
2025-05-20 22:04:11.964,1161,1683,1555,1514,1595,1933,1530,1271,1899,1703
2025-05-20 22:04:12.164,1280,1547,1623,1516,1556,1967,1525,1371,1851,1515
2025-05-20 22:04:12.364,1531,925,1653,1499,1531,1928,1482,1176,1555,1509
2025-05-20 22:04:12.564,1755,743,1607,1496,1492,1837,1576,875,1277,1498
2025-05-20 22:04:12.764,1779,965,1625,1491,1483,1709,1439,790,1107,1513
2025-05-20 22:04:12.964,1671,1161,1656,1481,1526,1625,1683,1064,1069,1549
2025-05-20 22:04:13.164,1611,1382,1698,1483,1511,1499,1423,1429,1179,1567
2025-05-20 22:04:13.364,1544,1541,1575,1471,1510,1461,1455,1671,1373,1587
2025-05-20 22:04:13.564,1443,1595,1525,1470,1463,1403,1399,1823,1528,1561
2025-05-20 22:04:13.764,1437,1693,1399,1471,1240,1378,1484,1929,1668,1567
2025-05-20 22:04:13.964,1483,1821,1330,1465,1003,1399,1451,2021,1651,1583
2025-05-20 22:04:14.164,1517,1867,1317,1436,957,1309,1403,1976,1595,1635
2025-05-20 22:04:14.364,1553,1854,1389,1425,1067,1111,1467,1847,1501,1619
2025-05-20 22:04:14.564,1562,1827,1534,1427,1525,979,1471,1669,1400,1511
2025-05-20 22:04:14.764,1573,1741,1684,1446,1835,775,1439,1571,1270,1433
2025-05-20 22:04:14.964,1597,1721,1705,1467,1911,635,1533,1517,1031,1131
2025-05-20 22:04:15.164,1606,1699,1659,1479,1900,793,1460,1517,679,869
2025-05-20 22:04:15.364,1486,1677,1633,1479,1909,1083,1598,1529,729,887
2025-05-20 22:04:15.564,1271,1630,1607,1487,1786,1468,1581,1595,765,1123
2025-05-20 22:04:15.764,1144,1557,1561,1485,1721,1775,1447,1623,915,1483
2025-05-20 22:04:15.964,1277,1371,1519,1483,1605,2096,1422,1508,1208,1738
2025-05-20 22:04:16.164,1553,1415,1395,1471,1527,2168,1388,1305,1525,1883
2025-05-20 22:04:16.364,1742,1449,1415,1469,1432,2001,1493,1211,1903,1874
2025-05-20 22:04:16.564,1755,1413,1399,1468,1341,1919,1455,1274,2201,1791
2025-05-20 22:04:16.764,1651,1269,1482,1469,1235,1915,1369,1183,2387,1733
2025-05-20 22:04:16.964,1625,1229,1515,1465,1357,1864,1593,827,2391,1525
2025-05-20 22:04:17.164,1520,1151,1559,1463,1459,1844,1369,677,2181,1481
2025-05-20 22:04:17.364,1447,1060,1583,1465,1471,1719,1655,968,2067,1471
2025-05-20 22:04:17.564,1450,2683,1591,1463,1585,1611,1669,1387,1903,1503
2025-05-20 22:04:17.764,1500,1499,1597,1417,1565,1490,1493,1630,1565,1525
2025-05-20 22:04:17.964,1546,1036,1644,1417,1587,1425,1483,1773,1321,1562
2025-05-20 22:04:18.165,1559,1095,1635,1432,1553,1386,1461,1843,1117,1567
2025-05-20 22:04:18.365,1565,1423,1519,1455,1433,1355,1572,1983,1109,1549
2025-05-20 22:04:18.565,1573,1839,1534,1470,1147,1331,1497,2019,1235,1563
2025-05-20 22:04:18.765,1593,1915,1447,1479,861,1237,1466,1906,1383,1575
2025-05-20 22:04:18.965,1587,2013,1333,1486,933,1097,1383,1749,1561,1630
2025-05-20 22:04:19.165,1444,2027,1337,1491,1311,921,1456,1614,1643,1635
2025-05-20 22:04:19.365,1215,2025,1365,1487,1459,787,1437,1555,1678,1555
2025-05-20 22:04:19.565,1133,2020,1514,1483,1656,665,1606,1562,1614,1467
2025-05-20 22:04:19.765,1309,1881,1677,1471,1880,837,1475,1565,1525,1235
2025-05-20 22:04:19.965,1567,1726,1735,1471,2025,1143,1533,1608,1415,911
2025-05-20 22:04:20.165,1757,1499,1675,1471,1957,1471,1444,1607,1352,861
2025-05-20 22:04:20.365,1741,1427,1645,1467,1889,1837,1525,1541,1325,1079
2025-05-20 22:04:20.565,1643,1369,1531,1477,1759,2155,1512,1335,1320,1399
2025-05-20 22:04:20.765,1631,1363,1553,1478,1560,2101,1427,1128,1315,1711
2025-05-20 22:04:20.965,1531,1315,1573,1479,1509,1990,1499,1237,1005,1864
2025-05-20 22:04:21.165,1461,1389,1429,1460,1465,1992,1401,1327,687,1870
2025-05-20 22:04:21.365,1461,1361,1401,1421,1449,1940,1526,1083,617,1783
2025-05-20 22:04:21.565,1503,1395,1453,1416,1469,1895,1418,791,799,1741
2025-05-20 22:04:21.765,1544,1428,1498,1437,1471,1813,1443,851,1128,1560
2025-05-20 22:04:21.965,1567,1425,1551,1461,1421,1686,1531,1249,1513,1493
2025-05-20 22:04:22.165,1561,1429,1514,1481,1381,1529,1563,1553,1909,1480
2025-05-20 22:04:22.365,1559,1429,1635,1487,1443,1503,1455,1735,2213,1517
2025-05-20 22:04:22.565,1578,1463,1612,1489,1097,1387,1637,1821,2373,1563
2025-05-20 22:04:22.765,1566,1436,1583,1507,887,1397,1551,1885,2248,1584
2025-05-20 22:04:22.965,1451,1557,1611,1509,1107,1403,1519,1977,2089,1595
2025-05-20 22:04:23.165,1240,1469,1627,1495,1465,1363,1577,1897,1928,1577
2025-05-20 22:04:23.365,1143,1086,1592,1477,1845,1225,1461,1797,1736,1567
2025-05-20 22:04:23.565,1303,587,1587,1479,2067,1075,1484,1668,1547,1557
2025-05-20 22:04:23.765,1557,793,1507,1471,2106,943,1623,1635,1497,1617
2025-05-20 22:04:23.965,1751,1149,1366,1471,1956,716,1482,1583,1549,1641
2025-05-20 22:04:24.165,1755,1529,1273,1482,1803,727,1319,1599,1613,1589
2025-05-20 22:04:24.365,1647,1701,1363,1485,1689,916,1321,1611,1639,1491
2025-05-20 22:04:24.565,1631,1791,1471,1497,1514,1235,1671,1637,1651,1287
2025-05-20 22:04:24.765,1565,1911,1625,1477,1485,1631,1547,1639,1561,935
2025-05-20 22:04:24.965,1479,1901,1693,1430,1512,1938,1545,1500,1487,855
2025-05-20 22:04:25.165,1461,1885,1738,1417,1397,2167,1544,1295,1400,1043
2025-05-20 22:04:25.365,1497,1927,1723,1438,1215,2101,1368,1235,1315,1381
2025-05-20 22:04:25.565,1545,1855,1626,1467,1243,1959,1517,1325,1293,1705
2025-05-20 22:04:25.765,1561,1811,1595,1485,1299,1993,1519,1261,1311,1877
2025-05-20 22:04:25.965,1554,1739,1598,1493,1529,1932,1541,1013,1379,1895
2025-05-20 22:04:26.165,1561,1771,1524,1503,1573,1887,1501,775,1293,1823
2025-05-20 22:04:26.365,1579,1689,1433,1508,1631,1772,1577,927,1203,1785
2025-05-20 22:04:26.565,1609,1659,1509,1515,1580,1749,1452,1257,1239,1559
2025-05-20 22:04:26.765,1520,1577,1497,1499,1225,1563,1595,1591,1335,1508
2025-05-20 22:04:26.965,1322,1623,1515,1500,1151,1454,1549,1749,1391,1499
2025-05-20 22:04:27.165,1163,1559,1581,1496,1309,1407,1433,1853,1418,1519
2025-05-20 22:04:27.365,1231,1420,1559,1484,1507,1422,1517,1993,1378,1557
2025-05-20 22:04:27.565,1443,1323,1595,1493,1657,1447,1516,2067,1291,1567
2025-05-20 22:04:27.765,1657,1163,1643,1501,1803,1419,1451,1949,1176,1581
2025-05-20 22:04:27.965,1749,1080,1656,1493,1895,1204,1527,1831,1009,1581
2025-05-20 22:04:28.165,1689,1055,1673,1509,1619,973,1545,1723,955,1576
2025-05-20 22:04:28.365,1621,1019,1628,1498,1541,859,1516,1605,733,1591
2025-05-20 22:04:28.565,1609,969,1566,1431,1609,733,1372,1549,859,1597
2025-05-20 22:04:28.765,1493,1209,1527,1416,1657,787,1560,1579,1407,1643
2025-05-20 22:04:28.965,1466,1495,1415,1436,1613,1015,1613,1627,2069,1605
2025-05-20 22:04:29.165,1496,1873,1339,1465,1675,1355,1542,1682,2547,1531
2025-05-20 22:04:29.365,1531,2174,1356,1497,1747,1693,1747,1579,2719,1351
2025-05-20 22:04:29.565,1563,2229,1452,1503,1642,2055,1490,1437,2603,965
2025-05-20 22:04:29.765,1575,2239,1622,1510,1627,2193,1575,1205,2378,863
2025-05-20 22:04:29.965,1575,2253,1662,1515,1582,2109,1546,1183,2125,1054
2025-05-20 22:04:30.165,1582,2283,1765,1527,1560,1967,1496,1337,1885,1380
2025-05-20 22:04:30.365,1589,2247,1717,1519,1451,1947,1509,1293,1723,1701
2025-05-20 22:04:30.565,1544,2031,1708,1511,1543,1956,1564,1066,1791,1882
2025-05-20 22:04:30.765,1427,1818,1636,1501,1553,1919,1564,845,1612,1911
2025-05-20 22:04:30.965,1231,1587,1638,1506,1627,1819,1459,939,1450,1846
2025-05-20 22:04:31.165,1206,1387,1607,1507,1508,1704,1563,1273,1361,1757
2025-05-20 22:04:31.365,1363,1353,1565,1503,1291,1579,1509,1559,1356,1580
2025-05-20 22:04:31.565,1592,1349,1531,1511,906,1483,1576,1703,1341,1501
2025-05-20 22:04:31.765,1723,1353,1527,1525,895,1439,1607,1769,1431,1494
2025-05-20 22:04:31.965,1702,1397,1591,1517,1224,1451,1581,1851,1496,1529
2025-05-20 22:04:32.165,1633,1429,1607,1452,1629,1431,1564,1939,1547,1565
2025-05-20 22:04:32.365,1637,1435,1595,1429,2092,1349,1477,1898,1695,1595
2025-05-20 22:04:32.565,1513,1513,1652,1439,2168,1181,1439,1803,1940,1613
2025-05-20 22:04:32.765,1471,1508,1687,1462,2028,1022,1560,1688,1804,1611
2025-05-20 22:04:32.965,1481,1469,1661,1499,1939,871,1529,1583,1517,1593
2025-05-20 22:04:33.165,1525,1503,1682,1507,1900,712,1655,1567,1293,1583
2025-05-20 22:04:33.365,1560,1523,1705,1515,1820,861,1560,1612,1200,1620
2025-05-20 22:04:33.565,1571,1467,1645,1533,1720,1103,1498,1651,1163,1663
2025-05-20 22:04:33.765,1578,1453,1623,1545,1595,1429,1669,1695,1000,1625
2025-05-20 22:04:33.965,1592,1501,1465,1529,1614,1815,1673,1654,719,1551
2025-05-20 22:04:34.165,1615,1541,1369,1527,1357,2122,1531,1456,615,1333
2025-05-20 22:04:34.365,1561,1125,1349,1518,1311,2203,1519,1300,747,967
2025-05-20 22:04:34.565,1479,658,1400,1516,1352,2053,1543,1276,1127,883
2025-05-20 22:04:34.765,1311,827,1523,1509,1507,1999,1571,1391,1674,1069
2025-05-20 22:04:34.965,1211,1227,1715,1519,1583,2023,1561,1492,2036,1453
2025-05-20 22:04:35.165,1291,1576,1772,1528,1696,1919,1635,1293,2232,1767
2025-05-20 22:04:35.365,1479,1757,1788,1520,1652,1861,1624,981,2336,1885
2025-05-20 22:04:35.565,1653,1881,1736,1532,1577,1751,1461,919,2613,1915
2025-05-20 22:04:35.765,1721,1956,1691,1479,1526,1658,1553,1182,2440,1839
2025-05-20 22:04:35.965,1653,1968,1647,1445,1259,1580,1581,1433,1951,1714
2025-05-20 22:04:36.165,1658,1947,1592,1439,1063,1507,1628,1645,1591,1547
2025-05-20 22:04:36.365,1559,1897,1549,1467,1079,1431,1656,1753,1440,1518
2025-05-20 22:04:36.565,1487,1797,1525,1497,1373,1415,1546,1787,1373,1549
2025-05-20 22:04:36.765,1481,1799,1576,1515,1781,1429,1511,1839,1387,1553
2025-05-20 22:04:36.965,1517,1805,1589,1515,1745,1383,1549,1892,1445,1579
2025-05-20 22:04:37.165,1557,1765,1627,1523,1893,1125,1515,1833,1529,1596
2025-05-20 22:04:37.365,1577,1807,1595,1531,2025,987,1613,1800,1609,1599
2025-05-20 22:04:37.565,1574,1701,1594,1528,1955,781,1639,1751,1864,1587
2025-05-20 22:04:37.765,1589,1635,1619,1513,1811,739,1639,1679,1869,1581
2025-05-20 22:04:37.965,1636,1623,1625,1511,1757,858,1770,1583,1621,1561
2025-05-20 22:04:38.165,1584,1527,1705,1502,1781,1179,1532,1571,1365,1583
2025-05-20 22:04:38.365,1479,1484,1627,1507,1643,1555,1542,1681,1211,1654
2025-05-20 22:04:38.565,1371,1307,1621,1501,1591,1891,1430,1689,1170,1603
2025-05-20 22:04:38.765,1257,1129,1544,1493,1567,2149,1579,1503,1260,1519
2025-05-20 22:04:38.965,1237,1126,1433,1491,1515,2131,1408,1315,1359,1239
2025-05-20 22:04:39.165,1355,1055,1296,1518,1463,2039,1405,1255,1295,921
2025-05-20 22:04:39.365,1532,1079,1260,1461,1405,1966,1498,1273,981,887
2025-05-20 22:04:39.565,1675,1133,1397,1427,1332,1995,1549,1399,555,1103
2025-05-20 22:04:39.765,1683,1241,1596,1426,1417,1896,1477,1481,348,1469
2025-05-20 22:04:39.965,1663,1365,1687,1447,1236,1775,1518,1369,663,1757
2025-05-20 22:04:40.166,1613,1641,1739,1481,1075,1725,1567,1075,1299,1889
2025-05-20 22:04:40.366,1517,1975,1737,1500,1098,1591,1596,927,1886,1884
2025-05-20 22:04:40.566,1483,2195,1719,1502,1367,1494,1489,1095,2155,1824
2025-05-20 22:04:40.766,1503,2223,1641,1509,1595,1435,1513,1357,2618,1629
2025-05-20 22:04:40.966,1543,2236,1598,1519,1909,1430,1559,1523,3060,1545
2025-05-20 22:04:41.166,1567,2333,1529,1511,2075,1415,1547,1651,2627,1525
2025-05-20 22:04:41.366,1573,2303,1503,1501,2011,1405,1512,1739,2117,1529
2025-05-20 22:04:41.566,1576,2041,1547,1487,1903,1279,1499,1832,1736,1562
2025-05-20 22:04:41.766,1606,1809,1574,1481,1733,1066,1581,1833,1557,1567
2025-05-20 22:04:41.966,1610,1546,1519,1479,1484,923,1463,1759,1439,1591
2025-05-20 22:04:42.166,1527,1397,1531,1477,1467,685,1495,1673,1408,1578
2025-05-20 22:04:42.366,1431,1349,1561,1477,1464,721,1534,1573,1397,1575
2025-05-20 22:04:42.566,1334,1335,1614,1491,1435,885,1309,1510,1447,1565
2025-05-20 22:04:42.766,1258,1353,1605,1495,1498,1211,1335,1543,1657,1531
2025-05-20 22:04:42.966,1278,1312,1577,1459,1491,1626,1324,1588,1719,1561
2025-05-20 22:04:43.166,1415,1293,1567,1401,1253,1903,1352,1676,1529,1635
2025-05-20 22:04:43.366,1579,1332,1581,1404,1229,2120,1481,1673,1325,1567
2025-05-20 22:04:43.566,1671,1368,1543,1417,1401,2083,1501,1459,1138,1487
2025-05-20 22:04:43.766,1656,1367,1520,1446,1387,1992,1670,1209,1102,1111
2025-05-20 22:04:43.966,1685,1397,1403,1469,1289,1957,1733,1185,1181,847
2025-05-20 22:04:44.166,1571,1445,1260,1479,1159,1933,1525,1291,1259,893
2025-05-20 22:04:44.366,1493,1494,1258,1484,1213,1834,1588,1423,1383,1159
2025-05-20 22:04:44.566,1500,1447,1404,1485,1269,1709,1661,1523,1456,1527
2025-05-20 22:04:44.766,1519,1507,1509,1491,1529,1659,1679,1472,1326,1800
2025-05-20 22:04:44.966,1557,1464,1629,1483,1780,1523,1595,1242,981,1849
2025-05-20 22:04:45.166,1565,1449,1683,1478,1941,1459,1420,1039,636,1864
2025-05-20 22:04:45.366,1565,1391,1675,1467,1961,1465,1524,1075,595,1743
2025-05-20 22:04:45.566,1571,1462,1611,1460,1839,1385,1464,1277,822,1605
2025-05-20 22:04:45.766,1610,1335,1676,1461,1638,1387,1486,1525,1255,1560
2025-05-20 22:04:45.968,1582,767,1583,1480,1402,1335,1436,1653,1707,1529
2025-05-20 22:04:46.168,1502,562,1454,1483,1373,1173,1562,1707,2004,1532
2025-05-20 22:04:46.368,1421,951,1431,1494,1461,989,1499,1773,2601,1545
2025-05-20 22:04:46.568,1336,1383,1500,1531,1529,811,1469,1819,2745,1573
2025-05-20 22:04:46.768,1267,1786,1524,1372,1532,653,1325,1689,2546,1559
2025-05-20 22:04:46.968,1277,1895,1527,1371,1553,767,1426,1619,2259,1567
2025-05-20 22:04:47.168,1403,1901,1582,1396,1523,997,1572,1571,1943,1574
2025-05-20 22:04:47.368,1575,1929,1597,1437,1502,1359,1526,1605,1626,1531
2025-05-20 22:04:47.568,1661,1890,1579,1469,1509,1659,1597,1595,1452,1529
2025-05-20 22:04:47.768,1687,1849,1607,1481,1449,1947,1613,1639,1373,1579
2025-05-20 22:04:47.968,1657,1791,1575,1480,1563,2131,1676,1679,1337,1593
2025-05-20 22:04:48.168,1553,1759,1550,1501,1484,2029,1671,1674,1414,1559
2025-05-20 22:04:48.368,1502,1695,1528,1500,1389,1903,1583,1555,1467,1378
2025-05-20 22:04:48.568,1515,1743,1515,1485,1255,1943,1465,1367,1384,918
2025-05-20 22:04:48.768,1547,1653,1365,1498,1052,1929,1417,1306,1323,789
2025-05-20 22:04:48.968,1567,1619,1247,1469,1000,1849,1225,1416,1197,959
2025-05-20 22:04:49.168,1573,1593,1311,1467,1183,1719,1295,1493,1161,1303
2025-05-20 22:04:49.368,1567,1591,1467,1495,1527,1643,1253,1493,1224,1652
2025-05-20 22:04:49.568,1579,1525,1571,1494,1851,1515,1357,1481,1323,1823
2025-05-20 22:04:49.768,1638,1417,1756,1462,2059,1479,1373,1443,1337,1925
2025-05-20 22:04:49.968,1577,1337,1746,1493,2065,1369,1379,1278,1097,1875
2025-05-20 22:04:50.168,1468,1147,1643,1524,1899,1355,1414,1064,655,1709
2025-05-20 22:04:50.368,1385,1080,1623,1398,1677,1417,1456,1107,237,1613
2025-05-20 22:04:50.568,1320,1083,1641,1379,1591,1355,1423,1301,248,1579
2025-05-20 22:04:50.768,1243,1068,1513,1398,1523,1198,1485,1543,731,1563
2025-05-20 22:04:50.968,1271,1071,1502,1435,1477,1012,1431,1661,1317,1591
2025-05-20 22:04:51.168,1405,1213,1516,1461,1403,826,1355,1751,1834,1571
2025-05-20 22:04:51.368,1577,1471,1517,1480,1436,719,1407,1827,2091,1589
2025-05-20 22:04:51.568,1673,1781,1556,1491,1483,805,1197,1821,2631,1579
2025-05-20 22:04:51.768,1727,2056,1545,1502,1523,1099,1207,1769,2984,1563
2025-05-20 22:04:51.968,1655,2148,1588,1507,1461,1399,1188,1621,2679,1527
2025-05-20 22:04:52.168,1547,2195,1581,1500,1327,1752,1337,1487,2285,1492
2025-05-20 22:04:52.368,1516,2281,1583,1495,1407,2045,1543,1445,2011,1533
2025-05-20 22:04:52.566,1520,2298,1579,1492,1387,2089,1886,1480,1822,1580
2025-05-20 22:04:52.766,1543,2222,1619,1487,1319,2007,1964,1557,1687,1591
2025-05-20 22:04:52.966,1547,2041,1639,1492,1181,1931,1999,1669,1617,1548
2025-05-20 22:04:53.166,1557,1753,1591,1494,1205,1959,1801,1652,1531,1045
2025-05-20 22:04:53.366,1565,1529,1449,1496,1333,1901,1627,1490,1553,816
2025-05-20 22:04:53.566,1580,1337,1317,1500,1619,1848,1493,1301,1595,903
2025-05-20 22:04:53.766,1605,1331,1279,1497,1854,1789,1619,1230,1490,1199
2025-05-20 22:04:53.966,1568,1321,1381,1482,1977,1631,1399,1260,1369,1541
2025-05-20 22:04:54.166,1485,1289,1561,1417,1983,1512,1587,1331,1269,1789
2025-05-20 22:04:54.366,1423,1340,1659,1413,1945,1496,1605,1483,1320,1930
2025-05-20 22:04:54.566,1321,1399,1752,1434,1651,1395,1672,1483,1453,1958
2025-05-20 22:04:54.766,1241,1390,1726,1467,1439,1395,1687,1326,1527,1767
2025-05-20 22:04:54.966,1289,1465,1699,1493,1493,1413,1701,1091,1529,1653
2025-05-20 22:04:55.166,1437,1438,1705,1509,1507,1349,1721,979,1497,1613
2025-05-20 22:04:55.366,1597,1495,1592,1499,1581,1203,1775,1127,1271,1577
2025-05-20 22:04:55.566,1673,1500,1493,1517,1643,1015,1711,1391,872,1589
2025-05-20 22:04:55.766,1709,1501,1477,1514,1615,805,1575,1630,483,1572
2025-05-20 22:04:55.967,1627,1586,1529,1501,1567,699,1472,1720,351,1583
2025-05-20 22:04:56.167,1526,1559,1565,1507,1478,837,1273,1831,603,1568
2025-05-20 22:04:56.367,1510,1544,1573,1493,1447,1143,1301,1881,1372,1571
2025-05-20 22:04:56.567,1543,1461,1567,1508,1542,1481,1289,1915,1703,1563
2025-05-20 22:04:56.767,1561,1487,1545,1509,1517,1817,1307,1801,1839,1515
2025-05-20 22:04:56.967,1563,1567,1587,1503,1529,2109,1449,1712,2004,1507
2025-05-20 22:04:57.167,1572,1408,1621,1503,1469,2167,1387,1628,2188,1563
2025-05-20 22:04:57.367,1568,911,1639,1497,1357,2007,1438,1607,2251,1611
2025-05-20 22:04:57.567,1572,560,1639,1517,1208,1949,1426,1591,2167,1615
2025-05-20 22:04:57.767,1592,925,1661,1462,1042,1963,1619,1580,2003,1257
2025-05-20 22:04:57.967,1554,1291,1511,1423,1093,1962,1493,1683,1903,874
2025-05-20 22:04:58.167,1494,1671,1388,1423,1509,1782,1443,1687,1843,815
2025-05-20 22:04:58.367,1420,1853,1301,1453,1823,1799,1405,1467,1828,1065
2025-05-20 22:04:58.567,1307,1957,1365,1479,2101,1694,1438,1310,1785,1429
2025-05-20 22:04:58.767,1255,1929,1500,1500,2157,1495,1318,1323,1599,1711
2025-05-20 22:04:58.967,1331,2019,1685,1497,2043,1463,1485,1355,1395,1901
2025-05-20 22:04:59.168,1507,1927,1763,1515,1790,1452,1549,1419,1240,2027
2025-05-20 22:04:59.368,1651,1894,1735,1529,1671,1377,1623,1500,1223,1851
2025-05-20 22:04:59.568,1693,1849,1741,1533,1593,1445,1753,1561,1359,1689
2025-05-20 22:04:59.768,1709,1779,1708,1519,1545,1381,2023,1435,1527,1636
2025-05-20 22:04:59.968,1609,1781,1671,1512,1621,1189,1798,1195,1647,1609
2025-05-20 22:05:00.167,1519,1800,1588,1519,1546,978,1588,933,1695,1619
2025-05-20 22:05:00.370,1511,1739,1509,1500,1527,755,1415,1019,1645,1581
2025-05-20 22:05:00.568,1544,1645,1559,1513,1613,695,1447,1315,1621,1613
2025-05-20 22:05:00.768,1557,1573,1587,1514,1477,917,1416,1579,1533,1603
2025-05-20 22:05:00.968,1560,1603,1638,1517,1403,1191,1541,1737,1399,1592
2025-05-20 22:05:01.168,1574,1503,1654,1567,1458,1555,1693,1791,1159,1578
2025-05-20 22:05:01.368,1573,1394,1642,1519,1476,1897,1735,1829,806,1545
2025-05-20 22:05:01.568,1582,1235,1615,1453,1560,2079,1543,1881,453,1519
2025-05-20 22:05:01.768,1565,1178,1608,1421,1577,2125,1591,1839,604,1583
2025-05-20 22:05:01.968,1524,1147,1637,1437,1237,2045,1651,1759,1119,1599
2025-05-20 22:05:02.168,1447,1117,1710,1465,1035,2041,1606,1647,1365,1583
2025-05-20 22:05:02.368,1307,1099,1687,1499,1039,1995,1736,1606,1625,1486
2025-05-20 22:05:02.568,1241,1215,1610,1511,1303,1941,1623,1636,1938,1007
2025-05-20 22:05:02.768,1323,1467,1466,1514,1773,1889,1589,1690,2251,792
2025-05-20 22:05:02.968,1491,1686,1351,1525,2013,1757,1769,1700,2483,933
2025-05-20 22:05:03.168,1645,2012,1335,1548,2162,1615,1627,1685,2479,1299
2025-05-20 22:05:03.368,1687,2207,1502,1533,2075,1581,1439,1599,2297,1663
2025-05-20 22:05:03.568,1662,2282,1605,1523,1845,1471,1450,1361,2063,1843
2025-05-20 22:05:03.768,1644,2267,1725,1519,1835,1460,1338,1327,1947,1981
2025-05-20 22:05:03.968,1548,2389,1775,1520,1725,1435,1420,1333,1911,1913
2025-05-20 22:05:04.168,1503,2281,1723,1523,1593,1447,1461,1388,1647,1763
2025-05-20 22:05:04.368,1515,2067,1707,1520,1587,1361,1359,1555,1363,1677
2025-05-20 22:05:04.568,1543,1771,1639,1523,1647,1147,1499,1579,1189,1620
2025-05-20 22:05:04.768,1555,1545,1590,1525,1575,927,1481,1417,1179,1619
2025-05-20 22:05:04.968,1561,1427,1613,1527,1555,745,1563,1243,1289,1607
2025-05-20 22:05:05.168,1565,1377,1588,1509,1566,703,1480,1035,1471,1599
2025-05-20 22:05:05.368,1582,1391,1591,1453,1525,956,1598,1055,1636,1618
2025-05-20 22:05:05.568,1613,1309,1598,1439,1451,1243,1435,1226,1700,1599
2025-05-20 22:05:05.768,1599,1337,1617,1455,1301,1591,1465,1469,1691,1579
2025-05-20 22:05:05.968,1495,1369,1593,1485,1173,1972,1545,1625,1606,1563
2025-05-20 22:05:06.168,1336,1453,1619,1512,1103,2185,1451,1727,1480,1517
2025-05-20 22:05:06.368,1215,1485,1639,1507,1189,2155,1309,1851,1421,1579
2025-05-20 22:05:06.568,1243,1444,1651,1519,1316,1957,1301,1916,1389,1617
2025-05-20 22:05:06.768,1391,1512,1721,1527,1567,1998,1363,1877,1356,1571
2025-05-20 22:05:06.969,1594,1513,1679,1528,1993,1955,1581,1709,1230,1571
2025-05-20 22:05:07.169,1695,1501,1555,1542,2150,1947,1822,1575,1160,1149
2025-05-20 22:05:07.369,1657,1513,1398,1527,2070,1845,1956,1502,977,819
2025-05-20 22:05:07.569,1691,1605,1288,1519,1959,1703,1829,1507,717,852
2025-05-20 22:05:07.769,1605,1563,1354,1523,1767,1615,1816,1526,854,1159
2025-05-20 22:05:07.969,1513,1545,1513,1513,1656,1582,1661,1627,1132,1523
2025-05-20 22:05:08.169,1497,1511,1691,1511,1584,1499,1618,1655,1509,1819
2025-05-20 22:05:08.369,1512,1559,1769,1499,1576,1401,1686,1477,1902,1937
2025-05-20 22:05:08.569,1523,1490,1772,1508,1545,1435,1599,1304,2196,1943
2025-05-20 22:05:08.769,1557,1499,1733,1507,1531,1415,1735,1211,2351,1773
2025-05-20 22:05:08.969,1573,1397,1629,1489,1439,1351,1577,1253,2381,1671
2025-05-20 22:05:09.169,1579,953,1528,1445,1431,1087,1599,1385,2235,1605
2025-05-20 22:05:09.369,1589,584,1528,1436,1203,943,1656,1499,1991,1605
2025-05-20 22:05:09.569,1595,893,1559,1443,1195,703,1531,1481,1735,1604
2025-05-20 22:05:09.769,1531,1263,1548,1470,1059,695,1662,1293,1507,1611
2025-05-20 22:05:09.969,1396,1575,1549,1495,1112,951,1690,1087,1363,1597
2025-05-20 22:05:10.169,1225,1774,1575,1501,1319,1199,1631,1021,1337,1587
2025-05-20 22:05:10.369,1204,1887,1583,1505,1627,1621,1598,1157,1403,1565
2025-05-20 22:05:10.569,1366,1989,1583,1506,1960,1928,1639,1379,1519,1567
2025-05-20 22:05:10.769,1571,2012,1619,1507,1959,2139,1639,1647,1643,1524
2025-05-20 22:05:10.969,1709,1995,1627,1502,1881,2089,1714,1773,1657,1547
2025-05-20 22:05:11.169,1688,1835,1652,1500,1797,1945,1623,1831,1626,1578
2025-05-20 22:05:11.369,1637,1785,1676,1491,1724,1943,1526,1839,1580,1575
2025-05-20 22:05:11.569,1647,1741,1627,1487,1675,1912,1484,1853,1481,1526
2025-05-20 22:05:11.769,1531,1707,1470,1487,1657,1927,1461,1843,1400,1321
2025-05-20 22:05:11.969,1480,1699,1287,1476,1641,1787,1423,1741,1341,901
2025-05-20 22:05:12.169,1497,1661,1208,1479,1468,1675,1331,1607,1321,777
2025-05-20 22:05:12.369,1516,1567,1339,1485,1321,1587,1208,1507,1368,995
2025-05-20 22:05:12.569,1545,1495,1455,1463,1315,1505,1159,1513,1418,1353
2025-05-20 22:05:12.769,1559,1515,1641,1447,1365,1437,1131,1567,1263,1745
2025-05-20 22:05:12.969,1565,1399,1715,1417,1415,1375,1196,1685,1195,1883
2025-05-20 22:05:13.169,1574,1239,1735,1405,1482,1340,1369,1724,1199,1961
2025-05-20 22:05:13.369,1581,1133,1709,1427,1531,1382,1361,1604,1225,1783
2025-05-20 22:05:13.569,1565,1041,1581,1449,1404,1302,1449,1363,1189,1659
2025-05-20 22:05:13.769,1452,1030,1499,1467,1263,1043,1177,1267,1161,1627
2025-05-20 22:05:13.969,1301,1007,1493,1465,1052,869,1043,1276,1147,1574
2025-05-20 22:05:14.169,1178,1133,1455,1469,1007,667,984,1417,1167,1557
2025-05-20 22:05:14.369,1263,1349,1543,1487,1225,699,854,1512,1249,1577
2025-05-20 22:05:14.569,1488,1624,1534,1480,1531,924,1166,1447,1307,1563
2025-05-20 22:05:14.769,1663,1983,1509,1480,1756,1284,1273,1255,1446,1563
2025-05-20 22:05:14.969,1718,2173,1509,1465,1903,1606,1801,1033,1245,1561
2025-05-20 22:05:15.169,1655,2171,1549,1463,1891,1907,2238,999,1317,1543
2025-05-20 22:05:15.369,1661,2188,1563,1466,1851,2117,2347,1193,1672,1494
2025-05-20 22:05:15.569,1589,2261,1575,1460,1757,2022,2040,1436,2101,1531
2025-05-20 22:05:15.769,1496,2203,1624,1465,1621,1919,1695,1655,2405,1605
2025-05-20 22:05:15.969,1482,2057,1593,1472,1485,1907,1639,1813,2363,1567
2025-05-20 22:05:16.169,1492,1717,1429,1507,1477,1883,1575,1848,2175,1511
2025-05-20 22:05:16.369,1513,1555,1311,1451,1485,1791,1449,1851,1961,1447
2025-05-20 22:05:16.569,1543,1353,1211,1417,1395,1809,1421,1846,1775,1039
2025-05-20 22:05:16.769,1561,1279,1294,1395,1415,1676,1519,1773,1647,788
2025-05-20 22:05:16.969,1576,1342,1484,1415,1368,1565,1519,1643,1573,891
2025-05-20 22:05:17.169,1581,1309,1671,1431,1322,1513,1517,1563,1543,1207
2025-05-20 22:05:17.369,1577,1323,1737,1455,1333,1430,1565,1483,1548,1598
2025-05-20 22:05:17.569,1471,1339,1708,1477,1243,1383,1468,1479,1385,1831
2025-05-20 22:05:17.769,1333,1433,1692,1480,1181,1353,1471,1465,1275,1911
2025-05-20 22:05:17.969,1188,1464,1573,1489,1241,1385,1561,1495,1269,1835
2025-05-20 22:05:18.169,1240,1459,1493,1496,1309,1302,1449,1553,1255,1683
2025-05-20 22:05:18.369,1439,1427,1485,1484,1629,1128,1548,1465,1327,1607
2025-05-20 22:05:18.569,1647,1453,1508,1486,1887,886,1524,1293,1425,1571
2025-05-20 22:05:18.769,1727,1463,1508,1471,1973,665,1447,1230,1509,1575
2025-05-20 22:05:18.969,1681,1541,1500,1477,1961,695,1481,1304,1613,1583
2025-05-20 22:05:19.169,1663,1483,1487,1483,1913,952,1563,1428,1769,1603
2025-05-20 22:05:19.369,1643,1479,1579,1485,1827,1274,1533,1499,1823,1582
2025-05-20 22:05:19.569,1525,1496,1617,1483,1605,1641,1606,1433,1615,1579
2025-05-20 22:05:19.769,1485,1507,1591,1499,1511,1930,1763,1203,1414,1575
2025-05-20 22:05:19.969,1481,1499,1643,1493,1455,2121,1797,841,1260,1519
2025-05-20 22:05:20.169,1513,1500,1614,1460,1427,2055,1899,437,1227,1557
2025-05-20 22:05:20.369,1545,1451,1653,1433,1408,1904,1823,399,1097,1624
2025-05-20 22:05:20.569,1549,1293,1493,1417,1311,1869,1695,843,812,1613
2025-05-20 22:05:20.769,1557,807,1301,1429,1289,1871,1571,1635,609,1542
2025-05-20 22:05:20.969,1573,613,1259,1459,1227,1883,1356,2094,603,1459
2025-05-20 22:05:21.169,1581,1017,1333,1469,1225,1821,1398,2189,885,1179
2025-05-20 22:05:21.369,1508,1387,1519,1483,1171,1749,1263,2151,1383,845
2025-05-20 22:05:21.569,1365,1577,1747,1496,1251,1593,1205,2119,1913,841
2025-05-20 22:05:21.769,1215,1743,1799,1508,1575,1541,1148,1965,2155,1097
2025-05-20 22:05:21.969,1188,1875,1787,1507,1811,1414,1231,1931,2264,1499
2025-05-20 22:05:22.169,1371,1917,1724,1507,1959,1387,1127,1867,2391,1803
2025-05-20 22:05:22.369,1598,1961,1615,1499,1915,1415,974,1749,2675,1903
2025-05-20 22:05:22.569,1721,1973,1549,1497,1885,1417,873,1659,2193,1935
2025-05-20 22:05:22.769,1702,1933,1508,1497,1831,1464,1036,1707,1705,1703
2025-05-20 22:05:22.969,1657,1819,1467,1492,1655,1203,1381,1778,1461,1623
2025-05-20 22:05:23.169,1688,1788,1577,1495,1700,943,1495,1791,1339,1583
2025-05-20 22:05:23.369,1575,1816,1503,1511,1669,691,1829,1625,1336,1577
2025-05-20 22:05:23.569,1495,1719,1512,1511,1629,687,2149,1354,1382,1588
2025-05-20 22:05:23.769,1491,1675,1561,1516,1431,935,2086,1301,1451,1624
2025-05-20 22:05:23.969,1513,1627,1622,1485,1263,1231,1835,1363,1542,1609
2025-05-20 22:05:24.169,1531,1575,1686,1433,1293,1567,1627,1435,1689,1617
2025-05-20 22:05:24.369,1545,1469,1703,1423,1316,1927,1603,1501,1848,1599
2025-05-20 22:05:24.569,1563,1437,1695,1437,1449,2151,1595,1591,1719,1590
2025-05-20 22:05:24.769,1566,1391,1625,1471,1638,2077,1669,1544,1467,1553
2025-05-20 22:05:24.969,1579,1273,1545,1491,1655,1967,1546,1381,1301,1623
2025-05-20 22:05:25.169,1563,1229,1305,1501,1499,1928,1627,1107,1235,1663
2025-05-20 22:05:25.369,1453,1083,1261,1505,1389,1915,1525,1051,1224,1592
2025-05-20 22:05:25.569,1295,1079,1401,1524,1203,1871,1439,1187,1291,1511
2025-05-20 22:05:25.769,1151,1163,1597,1542,1150,1839,1545,1397,1437,1357
2025-05-20 22:05:25.969,1251,1463,1811,1533,1417,1741,1571,1598,1447,994
2025-05-20 22:05:26.169,1482,1727,1903,1527,1709,1659,1558,1780,1205,842
2025-05-20 22:05:26.369,1675,2002,1811,1515,1918,1579,1587,1812,850,993
2025-05-20 22:05:26.569,1719,2133,1738,1517,2089,1508,1597,1774,579,1349
2025-05-20 22:05:26.769,1669,2185,1692,1514,2119,1461,1567,1815,667,1718
2025-05-20 22:05:26.969,1690,2263,1547,1512,1929,1451,1509,1801,1107,1883
2025-05-20 22:05:27.169,1647,2295,1455,1517,1869,1419,1516,1756,1671,1927
2025-05-20 22:05:27.369,1549,2267,1440,1533,1661,1435,1643,1737,2056,1821
2025-05-20 22:05:27.569,1509,2139,1555,1519,1589,1266,1499,1673,2387,1651
2025-05-20 22:05:27.769,1513,1789,1583,1503,1518,1005,1624,1615,2987,1595
2025-05-20 22:05:27.969,1533,1605,1559,1467,1483,685,1652,1643,2693,1565
2025-05-20 22:05:28.169,1557,1463,1571,1433,1529,701,1583,1639,2235,1590
2025-05-20 22:05:28.369,1567,1305,1622,1447,1543,925,1561,1485,1839,1613
2025-05-20 22:05:28.569,1563,1351,1627,1478,1501,1205,1506,1289,1593,1614
2025-05-20 22:05:28.769,1567,1337,1658,1509,1495,1599,1660,1235,1479,1625
2025-05-20 22:05:28.969,1589,1341,1737,1514,1364,1920,1701,1295,1449,1615
2025-05-20 22:05:29.169,1515,1403,1704,1515,1231,2149,1677,1371,1477,1597
2025-05-20 22:05:29.369,1380,1447,1485,1529,979,2147,1555,1461,1519,1593
2025-05-20 22:05:29.569,1215,1439,1353,1531,1125,1937,1657,1559,1645,1625
2025-05-20 22:05:29.769,1158,1467,1276,1516,1205,1853,1659,1455,1735,1691
2025-05-20 22:05:29.969,1318,1542,1435,1516,1561,1945,1694,1289,1605,1636
2025-05-20 22:05:30.169,1556,1541,1636,1511,1957,1933,1587,1051,1419,1531
2025-05-20 22:05:30.369,1701,1546,1899,1511,2147,1843,1378,1031,1277,1437
2025-05-20 22:05:30.569,1701,1501,1892,1507,2207,1723,1351,1215,1211,1117
2025-05-20 22:05:30.769,1671,1502,1798,1507,2092,1651,1330,1431,1243,863
2025-05-20 22:05:30.969,1693,1541,1695,1508,1874,1530,1367,1595,1303,879
2025-05-20 22:05:31.169,1607,1533,1623,1501,1677,1481,1507,1719,1415,1181
2025-05-20 22:05:31.369,1533,1529,1492,1553,1567,1420,1422,1801,1447,1578
2025-05-20 22:05:31.569,1509,1494,1423,1453,1423,1422,1564,1869,1487,1835
2025-05-20 22:05:31.769,1517,1519,1437,1429,1420,1423,1501,1879,1363,1919
2025-05-20 22:05:31.969,1525,1544,1445,1419,1357,1391,1517,1799,1045,1897
2025-05-20 22:05:32.169,1545,1483,1436,1436,1343,1249,1607,1723,732,1705
2025-05-20 22:05:32.369,1553,1418,1485,1460,1387,991,1579,1638,631,1575
2025-05-20 22:05:32.569,1559,1433,1523,1485,1215,751,1709,1609,872,1557
2025-05-20 22:05:32.769,1565,1133,1565,1480,1163,649,1703,1591,1287,1529
2025-05-20 22:05:32.969,1571,671,1609,1483,1353,816,1689,1557,1707,1529
2025-05-20 22:05:33.169,1464,773,1628,1487,1289,1123,1691,1467,1980,1573
2025-05-20 22:05:33.369,1305,1132,1630,1500,1275,1433,1593,1267,2503,1595
2025-05-20 22:05:33.569,1146,1397,1627,1484,1205,1843,1400,1223,2710,1595
2025-05-20 22:05:33.769,1204,1609,1452,1479,1351,2076,1380,1253,2584,1595
2025-05-20 22:05:33.969,1423,1803,1271,1463,1607,2119,1320,1307,2363,1571
2025-05-20 22:05:34.169,1621,1877,1300,1461,1818,1999,1343,1388,2103,1555
2025-05-20 22:05:34.369,1693,1878,1363,1463,1947,1843,1366,1499,1823,1627
2025-05-20 22:05:34.569,1670,1896,1519,1463,1895,1891,1276,1518,1568,1629
2025-05-20 22:05:34.769,1685,1903,1763,1461,1849,1875,1214,1581,1333,1557
2025-05-20 22:05:34.969,1663,1834,1764,1479,1695,1804,1427,1499,1258,1437
2025-05-20 22:05:35.169,1572,1823,1693,1461,1726,1699,1415,1389,1279,1215
2025-05-20 22:05:35.369,1503,1689,1656,1445,1485,1597,1580,1205,1301,903
2025-05-20 22:05:35.569,1499,1705,1589,1435,1303,1512,1561,1127,1245,797
2025-05-20 22:05:35.769,1520,1719,1469,1403,1315,1399,1573,1180,1192,996
2025-05-20 22:05:35.969,1531,1623,1375,1407,1391,1388,1435,1356,1145,1403
2025-05-20 22:05:36.169,1543,1561,1369,1438,1320,1385,1448,1470,1127,1741
2025-05-20 22:05:36.369,1551,1498,1485,1464,1437,1384,1481,1683,1204,1885
2025-05-20 22:05:36.569,1564,1375,1467,1469,1513,1369,1519,1812,1311,1879
2025-05-20 22:05:36.769,1575,1269,1495,1478,1435,1255,1463,1823,1351,1771
2025-05-20 22:05:36.969,1525,1147,1512,1483,1399,1039,1443,1779,1102,1606
2025-05-20 22:05:37.169,1402,1122,1562,1483,1279,748,1453,1677,713,1529
2025-05-20 22:05:37.369,1257,1020,1654,1499,1162,664,1591,1589,377,1519
2025-05-20 22:05:37.569,1173,1045,1647,1481,1255,787,1551,1533,357,1529
2025-05-20 22:05:37.769,1305,1227,1629,1479,1437,1065,1505,1547,711,1560
2025-05-20 22:05:37.969,1519,1469,1672,1480,1725,1406,1519,1597,1259,1578
2025-05-20 22:05:38.169,1676,1804,1507,1480,1787,1773,1421,1563,1829,1593
2025-05-20 22:05:38.369,1706,2055,1317,1465,1811,2067,1599,1422,2087,1583
2025-05-20 22:05:38.569,1671,2063,1234,1491,1887,2115,1578,1249,2411,1573
2025-05-20 22:05:38.769,1715,2101,1333,1485,1835,1995,1548,1245,2843,1558
2025-05-20 22:05:38.969,1631,2155,1463,1503,1691,1879,1459,1331,2715,1613
2025-05-20 22:05:39.169,1541,2159,1702,1463,1625,1861,1739,1429,2383,1656
2025-05-20 22:05:39.369,1483,2169,1786,1443,1555,1894,1561,1453,2077,1608
2025-05-20 22:05:39.569,1493,1989,1791,1417,1545,1813,1621,1509,1865,1503
2025-05-20 22:05:39.769,1515,1743,1775,1417,1464,1721,1417,1609,1703,1383
2025-05-20 22:05:39.970,1533,1523,1631,1438,1305,1661,1301,1647,1592,1015
2025-05-20 22:05:40.170,1541,1399,1485,1468,1177,1529,1418,1622,1523,819
2025-05-20 22:05:40.370,1548,1335,1407,1485,1223,1464,1311,1523,1491,916
2025-05-20 22:05:40.570,1549,1319,1484,1484,1381,1389,1322,1357,1549,1235
2025-05-20 22:05:40.770,1565,1383,1483,1487,1415,1397,1435,1157,1465,1651
2025-05-20 22:05:40.970,1520,1369,1515,1511,1379,1391,1557,1109,1337,1839
2025-05-20 22:05:41.170,1385,1385,1509,1508,1361,1381,1589,1221,1263,1897
2025-05-20 22:05:41.370,1223,1375,1525,1501,1315,1268,1495,1449,1305,1869
2025-05-20 22:05:41.570,1173,1371,1545,1489,1596,1017,1463,1615,1463,1647
2025-05-20 22:05:41.770,1330,1481,1575,1493,1788,787,1661,1749,1549,1578
2025-05-20 22:05:41.970,1533,1479,1643,1494,1849,629,1479,1897,1553,1547
2025-05-20 22:05:42.170,1675,1510,1621,1491,1967,757,1494,1879,1517,1561
2025-05-20 22:05:42.370,1672,1530,1671,1499,1915,1061,1576,1787,1307,1577
2025-05-20 22:05:42.570,1659,1479,1573,1501,1811,1399,1533,1721,950,1579
2025-05-20 22:05:42.770,1695,1514,1419,1496,1669,1757,1513,1688,541,1607
2025-05-20 22:05:42.970,1621,1540,1293,1483,1609,2085,1578,1673,351,1599
2025-05-20 22:05:43.170,1549,1518,1339,1468,1467,2157,1624,1525,482,1575
2025-05-20 22:05:43.370,1520,1549,1557,1447,1427,2002,1611,1352,1133,1557
2025-05-20 22:05:43.570,1525,1555,1611,1430,1327,1903,1439,1235,1719,1573
2025-05-20 22:05:43.770,1541,1525,1801,1445,1372,1919,1524,1223,1823,1669
2025-05-20 22:05:43.970,1548,1549,1786,1466,1275,1917,1624,1309,1927,1630
2025-05-20 22:05:44.170,1548,1461,1707,1494,1239,1839,1627,1385,2117,1533
2025-05-20 22:05:44.370,1550,1489,1717,1493,1308,1816,1611,1511,2211,1467
2025-05-20 22:05:44.570,1568,1481,1551,1501,1447,1679,1647,1645,2167,1139
2025-05-20 22:05:44.770,1565,1111,1486,1523,1433,1597,1677,1673,2044,853
2025-05-20 22:05:44.971,1495,678,1490,1525,1517,1481,1483,1661,1915,859
2025-05-20 22:05:45.171,1338,887,1481,1511,1679,1449,1513,1597,1829,1135
2025-05-20 22:05:45.371,1189,1239,1494,1501,1839,1371,1608,1501,1751,1595
2025-05-20 22:05:45.571,1224,1499,1515,1512,1836,1426,1391,1401,1781,1839
2025-05-20 22:05:45.771,1399,1687,1596,1505,1805,1415,1525,1287,1639,1883
2025-05-20 22:05:45.971,1579,1769,1579,1510,1837,1333,1377,1116,1463,1910
2025-05-20 22:05:46.173,1679,1898,1658,1509,1741,1049,1397,1047,1325,1737
2025-05-20 22:05:46.373,1672,1933,1648,1499,1703,839,1492,1157,1259,1623
2025-05-20 22:05:46.573,1689,1958,1721,1519,1647,645,1478,1309,1337,1561
2025-05-20 22:05:46.773,1704,1961,1725,1527,1669,751,1557,1434,1485,1557
2025-05-20 22:05:46.973,1597,1915,1619,1499,1554,1069,1447,1527,1581,1575
2025-05-20 22:05:47.172,1542,1847,1485,1467,1339,1490,1695,1693,1623,1589
2025-05-20 22:05:47.372,1516,1837,1299,1442,1385,1879,1462,1868,1607,1621
2025-05-20 22:05:47.572,1527,1811,1254,1443,1447,2169,1529,1939,1599,1624
2025-05-20 22:05:47.772,1548,1719,1455,1459,1487,2217,1527,1973,1524,1607
2025-05-20 22:05:47.972,1555,1630,1606,1491,1468,2109,1563,1850,1439,1595
2025-05-20 22:05:48.172,1556,1595,1798,1505,1559,1927,1490,1575,1261,1607
2025-05-20 22:05:48.372,1561,1524,1877,1507,1427,1890,1496,1404,918,1689
2025-05-20 22:05:48.572,1575,1443,1817,1517,1289,1861,1604,1359,488,1699
2025-05-20 22:05:48.772,1558,1381,1737,1530,1199,1834,1627,1460,393,1577
2025-05-20 22:05:48.972,1480,1270,1663,1527,1199,1772,1561,1547,1094,1496
2025-05-20 22:05:49.173,1319,1227,1511,1527,1371,1659,1491,1621,1613,1256
2025-05-20 22:05:49.373,1181,1191,1510,1526,1704,1555,1497,1641,1748,903
2025-05-20 22:05:49.573,1229,1129,1495,1512,2003,1481,1579,1583,1951,815
2025-05-20 22:05:49.773,1405,1271,1547,1523,2055,1465,1788,1548,2231,1033
2025-05-20 22:05:49.973,1577,1471,1558,1515,1935,1399,1514,1523,2439,1491
2025-05-20 22:05:50.173,1677,1775,1593,1519,1975,1427,1466,1470,2461,1801
2025-05-20 22:05:50.373,1673,2007,1597,1520,1947,1451,1571,1253,2253,1939
2025-05-20 22:05:50.574,1710,2109,1677,1543,1957,1414,1707,1293,2035,1909
2025-05-20 22:05:50.774,1695,2147,1653,1507,1785,1206,1645,1399,1851,1801
2025-05-20 22:05:50.974,1596,2187,1682,1493,1639,1018,1645,1435,1833,1635
2025-05-20 22:05:51.174,1561,2279,1752,1465,1583,743,1577,1471,1703,1563
2025-05-20 22:05:51.374,1541,2193,1720,1453,1390,715,1640,1491,1469,1579
2025-05-20 22:05:51.574,1532,2020,1567,1464,1359,966,1547,1541,1329,1594
2025-05-20 22:05:51.774,1545,1787,1355,1483,1416,1224,1563,1575,1253,1593
2025-05-20 22:05:51.974,1550,1553,1267,1507,1349,1587,1608,1619,1336,1615
2025-05-20 22:05:52.173,1553,1421,1415,1513,1275,1913,1463,1724,1433,1625
2025-05-20 22:05:52.373,1565,1405,1551,1516,1117,2157,1551,1780,1565,1620
2025-05-20 22:05:52.573,1576,1399,1688,1525,1205,2121,1480,1645,1599,1608
2025-05-20 22:05:52.771,1567,1403,1767,1525,1047,2005,1577,1513,1567,1579
2025-05-20 22:05:52.971,1466,1381,1772,1523,1188,1943,1543,1407,1512,1661
2025-05-20 22:05:53.171,1318,1399,1751,1529,1627,1933,1556,1293,1435,1689
2025-05-20 22:05:53.371,1175,1433,1716,1510,1993,1891,1508,1077,1415,1603
2025-05-20 22:05:53.571,1225,1404,1579,1513,2171,1834,1523,766,1401,1507
2025-05-20 22:05:53.771,1379,1499,1515,1507,2077,1790,1566,697,1381,1371
2025-05-20 22:05:53.971,1555,1532,1451,1511,2011,1597,1463,981,1259,995
2025-05-20 22:05:54.171,1653,1485,1519,1503,1787,1519,1525,1316,1005,807
2025-05-20 22:05:54.371,1670,1479,1531,1516,1644,1459,1654,1673,984,952
2025-05-20 22:05:54.571,1723,1448,1551,1493,1583,1427,1575,1927,921,1343
2025-05-20 22:05:54.771,1703,1543,1575,1481,1615,1482,1580,2175,919,1721
2025-05-20 22:05:54.971,1605,1532,1623,1478,1544,1443,1565,2263,1188,1881
2025-05-20 22:05:55.171,1556,1617,1655,1458,1573,1273,1631,2207,1563,1903
2025-05-20 22:05:55.371,1542,1525,1646,1439,1559,1142,1543,2029,1919,1828
2025-05-20 22:05:55.571,1531,1518,1687,1459,1353,1035,1527,1845,2201,1663
2025-05-20 22:05:55.771,1533,1598,1653,1484,1212,807,1466,1655,2331,1589
2025-05-20 22:05:55.972,1545,1566,1573,1499,1193,761,1617,1565,2359,1565
2025-05-20 22:05:56.172,1548,1525,1397,1501,1213,868,1575,1447,2258,1567
2025-05-20 22:05:56.372,1560,1511,1319,1515,1289,1131,1561,1361,2063,1587
2025-05-20 22:05:56.572,1581,1503,1299,1511,1311,1529,1505,1397,1803,1611
2025-05-20 22:05:56.772,1561,1469,1455,1513,1280,1785,1679,1575,1555,1619
2025-05-20 22:05:56.972,1479,1417,1627,1513,1434,2107,1509,1531,1382,1609
2025-05-20 22:05:57.172,1325,1401,1767,1499,1661,2077,1553,1403,1257,1593
2025-05-20 22:05:57.372,1197,994,1787,1491,1886,2072,1453,1245,1352,1567
2025-05-20 22:05:57.572,1207,795,1711,1499,1961,2039,1571,1141,1461,1619
2025-05-20 22:05:57.772,1363,1059,1674,1485,1939,1982,1511,955,1557,1673
2025-05-20 22:05:57.972,1524,1355,1543,1485,1946,1918,1391,780,1553,1607
2025-05-20 22:05:58.172,1629,1571,1452,1484,1907,1833,1593,831,1519,1479
2025-05-20 22:05:58.372,1655,1679,1479,1490,1799,1695,1506,1171,1467,1407
2025-05-20 22:05:58.572,1717,1721,1507,1481,1515,1579,1492,1485,1401,1087
2025-05-20 22:05:58.772,1705,1881,1477,1452,1325,1463,1399,1720,1369,807
2025-05-20 22:05:58.972,1622,1852,1481,1443,1333,1339,1512,1801,1405,855
2025-05-20 22:05:59.173,1561,1853,1507,1427,1379,1340,1623,1899,1389,1175
2025-05-20 22:05:59.373,1544,1901,1604,1434,1467,1337,1509,1903,1391,1619
2025-05-20 22:05:59.573,1543,1784,1617,1452,1452,1319,1543,1893,1439,1838
2025-05-20 22:05:59.773,1547,1739,1590,1477,1445,1109,1450,1820,1497,1903
2025-05-20 22:05:59.973,1546,1720,1659,1481,1279,1013,1309,1583,1359,1884
2025-05-20 22:06:00.172,1545,1733,1699,1477,1273,888,1361,1523,1242,1691
2025-05-20 22:06:00.375,1560,1685,1640,1515,1255,758,1465,1519,1237,1593
2025-05-20 22:06:00.573,1568,1581,1443,1497,1229,795,1545,1533,1117,1561
2025-05-20 22:06:00.773,1529,1465,1246,1489,1287,1046,1554,1562,1081,1545
2025-05-20 22:06:00.973,1465,1433,1253,1491,1489,1315,1724,1548,1085,1563
2025-05-20 22:06:01.173,1359,1323,1356,1485,1783,1687,1609,1604,1141,1577
2025-05-20 22:06:01.373,1238,1255,1549,1470,1811,2056,1564,1724,1319,1590
2025-05-20 22:06:01.573,1210,1163,1709,1479,1962,2185,1599,1671,1481,1583
2025-05-20 22:06:01.773,1321,1173,1771,1481,2075,2127,1493,1317,1635,1557
2025-05-20 22:06:01.973,1485,1053,1733,1461,1973,2154,1381,779,1709,1548
2025-05-20 22:06:02.173,1613,1183,1675,1470,1783,2133,1531,459,1553,1588
2025-05-20 22:06:02.373,1653,1377,1542,1461,1631,1945,1403,671,1572,1660
2025-05-20 22:06:02.573,1711,1603,1431,1449,1481,1837,1482,1170,1789,1619
2025-05-20 22:06:02.773,1709,1880,1438,1445,1399,1663,1462,1511,2073,1509
2025-05-20 22:06:02.973,1621,2005,1449,1435,1175,1493,1497,1811,2213,1436
2025-05-20 22:06:03.173,1560,2010,1464,1423,1161,1381,1549,2084,2095,1180
2025-05-20 22:06:03.373,1549,2042,1512,1431,1149,1383,1503,2123,1900,839
2025-05-20 22:06:03.573,1543,2072,1506,1445,1102,1265,1461,1999,1749,803
2025-05-20 22:06:03.773,1544,2141,1577,1467,1125,1295,1491,1833,1620,1065
2025-05-20 22:06:03.973,1546,2059,1567,1467,1210,1303,1519,1757,1528,1483
2025-05-20 22:06:04.173,1543,1817,1581,1469,1237,1181,1502,1703,1450,1784
2025-05-20 22:06:04.373,1554,1641,1629,1478,1327,1016,1439,1645,1453,1889
2025-05-20 22:06:04.573,1564,1509,1641,1485,1631,997,1511,1563,1457,1879
2025-05-20 22:06:04.773,1524,1391,1588,1481,1829,795,1452,1431,1379,1718
2025-05-20 22:06:04.973,1467,1307,1483,1465,1815,663,1618,1407,1269,1611
2025-05-20 22:06:05.173,1354,1325,1250,1463,1835,839,1525,1455,1255,1557
2025-05-20 22:06:05.373,1235,1279,1253,1479,1791,1123,1349,1545,1291,1528
2025-05-20 22:06:05.573,1223,1333,1352,1465,1705,1553,1435,1605,1383,1561
2025-05-20 22:06:05.773,1343,1370,1499,1471,1507,1879,1588,1605,1461,1565
2025-05-20 22:06:05.973,1493,1418,1643,1471,1515,2105,1447,1565,1557,1577
2025-05-20 22:06:06.173,1614,1477,1723,1471,1433,2095,1426,1318,1636,1557
2025-05-20 22:06:06.373,1648,1449,1703,1461,1417,2127,1591,980,1764,1575
2025-05-20 22:06:06.573,1703,1491,1659,1445,1230,2102,1455,649,1725,1553
2025-05-20 22:06:06.773,1727,1503,1612,1439,1238,2043,1523,698,1563,1567
2025-05-20 22:06:06.973,1621,1465,1487,1432,1135,1912,1450,1109,1375,1658
2025-05-20 22:06:07.173,1557,1525,1482,1430,1072,1799,1500,1513,1279,1637
2025-05-20 22:06:07.373,1547,1511,1448,1445,1079,1651,1548,1735,1193,1546
2025-05-20 22:06:07.573,1541,1529,1469,1456,1233,1507,1491,1951,953,1467
2025-05-20 22:06:07.773,1533,1523,1519,1471,1595,1407,1415,2036,633,1301
2025-05-20 22:06:07.973,1543,1455,1541,1485,1835,1384,1588,1995,488,904
2025-05-20 22:06:08.173,1550,1517,1551,1484,2027,1364,1476,1827,683,799
2025-05-20 22:06:08.373,1564,1509,1613,1491,2077,1333,1555,1801,1188,959
2025-05-20 22:06:08.573,1595,1565,1622,1483,1890,1331,1593,1715,1723,1369
2025-05-20 22:06:08.773,1564,1487,1615,1487,1751,1141,1523,1609,2125,1751
2025-05-20 22:06:08.973,1497,1437,1691,1480,1643,1043,1511,1468,2253,1877
2025-05-20 22:06:09.173,1391,1461,1634,1481,1519,846,1417,1435,2323,1886
2025-05-20 22:06:09.373,1271,1433,1595,1484,1506,660,1429,1467,2461,1801
2025-05-20 22:06:09.573,1213,1051,1395,1481,1544,731,1500,1511,2483,1639
2025-05-20 22:06:09.773,1292,685,1261,1492,1471,980,1479,1561,1967,1576
2025-05-20 22:06:09.973,1439,1005,1309,1481,1445,1351,1308,1635,1541,1527
2025-05-20 22:06:10.173,1575,1306,1419,1493,1241,1739,1559,1627,1367,1540
2025-05-20 22:06:10.373,1637,1589,1525,1471,1148,2079,1554,1478,1269,1577
2025-05-20 22:06:10.573,1663,1673,1691,1463,1319,2201,1594,1199,1267,1591
2025-05-20 22:06:10.773,1749,1804,1749,1455,1333,2107,1453,841,1341,1605
2025-05-20 22:06:10.973,1643,1865,1763,1443,1287,2071,1422,563,1426,1581
2025-05-20 22:06:11.173,1577,1823,1703,1437,1235,2077,1624,721,1525,1572
2025-05-20 22:06:11.373,1542,1899,1587,1453,1453,1957,1579,1166,1709,1559
2025-05-20 22:06:11.573,1529,1897,1532,1471,1687,1837,1417,1489,1785,1674
2025-05-20 22:06:11.773,1543,1855,1493,1495,1811,1745,1646,1755,1623,1669
2025-05-20 22:06:11.973,1533,1775,1501,1495,1865,1625,1479,1929,1442,1565
2025-05-20 22:06:12.173,1534,1751,1511,1491,1902,1479,1563,1979,1263,1480
2025-05-20 22:06:12.373,1541,1757,1526,1497,1879,1399,1515,1956,1223,1389
2025-05-20 22:06:12.573,1573,1717,1567,1497,1854,1325,1556,1915,1244,1021
2025-05-20 22:06:12.773,1587,1614,1627,1499,1779,1339,1603,1843,1301,805
2025-05-20 22:06:12.973,1509,1560,1623,1498,1621,1379,1481,1741,1343,901
2025-05-20 22:06:13.173,1407,1545,1605,1502,1325,1335,1479,1636,1211,1256
2025-05-20 22:06:13.373,1257,1485,1660,1507,1291,1198,1514,1533,920,1677
2025-05-20 22:06:13.573,1191,1433,1687,1495,1320,1054,1507,1517,635,1881
2025-05-20 22:06:13.773,1258,1355,1659,1497,1395,883,1553,1519,729,1899
2025-05-20 22:06:13.973,1421,1320,1517,1511,1582,717,1572,1577,1091,1884
2025-05-20 22:06:14.173,1568,1259,1405,1503,1597,814,1611,1635,1591,1708
2025-05-20 22:06:14.373,1652,1181,1323,1485,1751,1093,1499,1583,1989,1599
2025-05-20 22:06:14.573,1663,1254,1369,1477,1687,1459,1593,1579,2147,1543
2025-05-20 22:06:14.773,1752,1353,1523,1471,1607,1828,1494,1386,2345,1567
2025-05-20 22:06:14.973,1687,1532,1657,1451,1609,2103,1563,1249,2835,1573
2025-05-20 22:06:15.173,1607,1817,1737,1445,1459,2117,1631,1053,2534,1597
2025-05-20 22:06:15.373,1564,2076,1739,1466,1291,2075,1405,749,2045,1621
2025-05-20 22:06:15.573,1531,2045,1779,1487,1083,2079,1477,731,1691,1613
2025-05-20 22:06:15.773,1515,2095,1658,1503,1118,2009,1555,1079,1495,1605
2025-05-20 22:06:15.973,1507,2090,1593,1507,1291,1967,1560,1448,1381,1583
2025-05-20 22:06:16.173,1509,2089,1562,1517,1597,1880,1489,1683,1394,1671
2025-05-20 22:06:16.373,1547,1963,1505,1527,1657,1783,1565,1879,1459,1695
2025-05-20 22:06:16.573,1591,1894,1526,1526,1806,1607,1464,1959,1492,1637
2025-05-20 22:06:16.773,1581,1733,1591,1526,1951,1547,1741,1971,1631,1508
2025-05-20 22:06:16.973,1519,1549,1635,1516,2073,1455,1563,1977,1672,1455
2025-05-20 22:06:17.173,1451,1463,1623,1529,1917,1396,1497,1845,1583,1111
2025-05-20 22:06:17.373,1324,1420,1701,1516,1845,1419,1717,1755,1419,845
2025-05-20 22:06:17.573,1247,1337,1691,1523,1823,1428,1694,1658,1316,871
2025-05-20 22:06:17.773,1294,1425,1679,1527,1724,1399,1629,1556,1245,1181
2025-05-20 22:06:17.973,1417,1416,1663,1517,1553,1187,1581,1531,1295,1635
2025-05-20 22:06:18.173,1555,1446,1679,1513,1561,1045,1579,1563,1353,1863
2025-05-20 22:06:18.373,1645,1449,1584,1500,1509,811,1408,1611,1443,1897
2025-05-20 22:06:18.573,1674,1426,1495,1497,1526,696,1524,1653,1509,1935
2025-05-20 22:06:18.773,1743,1487,1339,1487,1493,854,1607,1645,1497,1722
2025-05-20 22:06:18.973,1707,1513,1311,1461,1479,1181,1607,1555,1355,1625
2025-05-20 22:06:19.173,1599,1501,1401,1458,1401,1560,1525,1351,987,1581
2025-05-20 22:06:19.373,1549,1523,1544,1470,1305,1935,1583,1273,728,1561
2025-05-20 22:06:19.573,1524,1480,1685,1502,917,2155,1641,1144,715,1553
2025-05-20 22:06:19.773,1541,1479,1705,1507,721,2147,1693,775,1013,1611
2025-05-20 22:06:19.973,1533,1517,1777,1507,1015,2021,1520,667,1471,1609
2025-05-20 22:06:20.173,1547,1529,1696,1515,1386,2029,1557,999,1877,1621
2025-05-20 22:06:20.373,1553,1560,1629,1513,1931,2023,1643,1379,2101,1613
2025-05-20 22:06:20.573,1577,1531,1547,1513,2331,1947,1612,1625,2423,1605
2025-05-20 22:06:20.773,1584,1507,1545,1507,2335,1819,1573,1817,2659,1643
2025-05-20 22:06:20.973,1517,1561,1531,1499,2067,1721,1572,1895,2534,1707
2025-05-20 22:06:21.173,1449,1563,1506,1501,1919,1575,1463,1949,2377,1624
2025-05-20 22:06:21.373,1337,1574,1523,1489,1773,1469,1368,1982,2189,1511
2025-05-20 22:06:21.573,1238,1558,1558,1497,1647,1431,1416,1931,1979,1460
2025-05-20 22:06:21.773,1256,1556,1608,1480,1532,1419,1580,1803,1703,1209
2025-05-20 22:06:21.973,1367,1543,1588,1483,1482,1377,1479,1645,1461,843
2025-05-20 22:06:22.173,1502,1485,1621,1467,1455,1352,1447,1513,1306,803
2025-05-20 22:06:22.373,1612,1389,1657,1455,1259,1383,1533,1519,1275,1060
2025-05-20 22:06:22.573,1659,1414,1671,1463,1287,1157,1527,1557,1257,1517
2025-05-20 22:06:22.773,1693,1343,1596,1439,1304,956,1517,1593,1211,1787
2025-05-20 22:06:22.973,1717,1401,1462,1433,1312,783,1481,1608,1173,1851
2025-05-20 22:06:23.173,1624,1373,1304,1429,1331,646,1529,1589,1119,1877
2025-05-20 22:06:23.373,1561,1381,1263,1443,1386,841,1509,1485,1125,1753
2025-05-20 22:06:23.573,1525,1421,1272,1461,1391,1125,1484,1283,1208,1619
2025-05-20 22:06:23.773,1527,1542,1465,1467,1161,1431,1445,1255,1274,1554
2025-05-20 22:06:23.973,1525,1610,1623,1477,1079,1748,1507,1253,1318,1531
2025-05-20 22:06:24.173,1543,1721,1728,1477,1208,2037,1479,943,1173,1556
2025-05-20 22:06:24.373,1542,1704,1685,1483,1571,2090,1579,740,787,1554
2025-05-20 22:06:24.573,1565,1683,1683,1480,1883,1971,1388,907,419,1589
2025-05-20 22:06:24.773,1589,1723,1568,1468,2015,1988,1527,1244,349,1561
2025-05-20 22:06:24.973,1545,1700,1511,1467,1896,1977,1498,1519,638,1563
2025-05-20 22:06:25.173,1463,1693,1479,1479,1658,1885,1506,1737,1169,1565
2025-05-20 22:06:25.373,1367,1692,1459,1465,1629,1791,1592,1853,1711,1595
2025-05-20 22:06:25.573,1267,1659,1465,1466,1518,1702,1484,1865,2106,1673
2025-05-20 22:06:25.773,1244,1553,1483,1471,1624,1563,1380,1960,2339,1624
2025-05-20 22:06:25.973,1322,1463,1556,1460,1479,1479,1426,1897,2603,1523
2025-05-20 22:06:26.173,1449,1413,1596,1464,1445,1375,1454,1775,2700,1447
2025-05-20 22:06:26.373,1558,1431,1595,1452,1547,1356,1468,1638,2472,1274
2025-05-20 22:06:26.573,1634,1307,1638,1452,1560,1339,1481,1579,2143,852
2025-05-20 22:06:26.773,1671,1277,1611,1443,1453,1371,1403,1549,1901,760
2025-05-20 22:06:26.973,1742,1159,1637,1430,1323,1341,1546,1555,1709,999
2025-05-20 22:06:27.173,1651,1141,1604,1435,1233,1115,1548,1571,1639,1443
2025-05-20 22:06:27.373,1583,1101,1503,1449,1241,955,1510,1619,1575,1765
2025-05-20 22:06:27.573,1547,1225,1373,1467,1187,685,1392,1573,1511,1849
2025-05-20 22:06:27.773,1520,1459,1291,1471,1322,611,1393,1432,1512,1865
2025-05-20 22:06:27.973,1527,1703,1299,1483,1498,857,1558,1275,1641,1783
2025-05-20 22:06:28.173,1531,1951,1440,1493,1481,1227,1563,1269,1636,1641
2025-05-20 22:06:28.373,1543,2065,1577,1507,1644,1613,1435,1333,1583,1580
2025-05-20 22:06:28.573,1561,2068,1684,1497,1737,1918,1509,1112,1380,1559
2025-05-20 22:06:28.773,1587,2015,1720,1487,1784,2119,1597,813,1291,1549
2025-05-20 22:06:28.973,1541,2057,1757,1481,1803,2091,1587,875,1243,1565
2025-05-20 22:06:29.173,1479,2013,1576,1487,1755,1941,1493,1209,1252,1587
2025-05-20 22:06:29.373,1407,1949,1530,1487,1771,1933,1492,1499,1239,1589
2025-05-20 22:06:29.573,1351,1886,1494,1485,1762,1915,1525,1693,1170,1583
2025-05-20 22:06:29.773,1276,1693,1531,1490,1723,1909,1555,1789,955,1567
2025-05-20 22:06:29.973,1296,1515,1565,1492,1613,1835,1523,1835,567,1573
2025-05-20 22:06:30.173,1389,1427,1555,1482,1511,1733,1449,1927,329,1657
2025-05-20 22:06:30.373,1497,1349,1586,1469,1357,1561,1400,1949,374,1659
2025-05-20 22:06:30.573,1593,1352,1575,1463,1198,1499,1524,1823,779,1548
2025-05-20 22:06:30.773,1647,1366,1597,1477,1184,1435,1595,1707,1579,1465
2025-05-20 22:06:30.973,1747,1461,1629,1449,1237,1379,1509,1607,2145,1384
2025-05-20 22:06:31.173,1707,1485,1645,1439,1111,1418,1502,1567,2171,1006
2025-05-20 22:06:31.373,1618,1480,1708,1459,1099,1407,1523,1597,2213,813
2025-05-20 22:06:31.573,1555,1481,1685,1479,1458,1353,1551,1659,2283,947
2025-05-20 22:06:31.773,1524,1435,1572,1494,1823,1186,1572,1683,2235,1323
2025-05-20 22:06:31.973,1529,1483,1396,1486,1935,915,1607,1635,2105,1707
2025-05-20 22:06:32.173,1542,1491,1309,1495,1991,687,1501,1437,1959,1848
2025-05-20 22:06:32.373,1540,1466,1320,1513,2007,699,1497,1252,1813,1877
2025-05-20 22:06:32.573,1553,1524,1439,1502,1967,907,1587,1261,1737,1839
2025-05-20 22:06:32.773,1603,1495,1590,1503,1736,1179,1579,1320,1739,1663
2025-05-20 22:06:32.973,1599,1523,1701,1507,1689,1610,1499,1235,1687,1593
2025-05-20 22:06:33.173,1509,1546,1741,1503,1608,1911,1453,941,1549,1553
2025-05-20 22:06:33.373,1437,1619,1749,1496,1565,2157,1571,859,1423,1563
2025-05-20 22:06:33.573,1388,1559,1653,1507,1525,2124,1519,1111,1319,1580
2025-05-20 22:06:33.773,1363,1560,1615,1496,1369,1970,1497,1437,1309,1597
2025-05-20 22:06:33.973,1327,1508,1599,1500,1260,1949,1555,1643,1399,1608
2025-05-20 22:06:34.173,1312,1515,1461,1513,1261,1957,1583,1773,1505,1607
2025-05-20 22:06:34.373,1365,1496,1578,1492,1020,1897,1572,1848,1549,1609
2025-05-20 22:06:34.573,1470,1507,1642,1485,849,1885,1544,1949,1557,1565
2025-05-20 22:06:34.773,1564,1419,1599,1491,1053,1752,1481,1959,1523,1659
2025-05-20 22:06:34.973,1643,1291,1599,1467,1483,1611,1528,1845,1494,1688
2025-05-20 22:06:35.173,1780,1039,1617,1459,1897,1513,1517,1708,1352,1595
2025-05-20 22:06:35.373,1691,1175,1674,1461,2205,1429,1469,1609,1064,1523
2025-05-20 22:06:35.573,1641,1357,1663,1483,2280,1453,1704,1573,637,1453
2025-05-20 22:06:35.773,1597,1437,1725,1500,2199,1429,1543,1545,329,1157
2025-05-20 22:06:35.973,1567,1643,1691,1512,1973,1452,1509,1573,422,859
2025-05-20 22:06:36.173,1544,1747,1519,1514,1801,1413,1629,1645,1075,861
2025-05-20 22:06:36.373,1559,1736,1459,1520,1653,1245,1544,1655,1980,1192
2025-05-20 22:06:36.573,1565,1851,1293,1530,1606,927,1643,1529,2195,1630
2025-05-20 22:06:36.773,1567,1883,1327,1517,1558,687,1579,1317,2259,1836
2025-05-20 22:06:36.973,1642,1831,1477,1515,1543,683,1630,1285,2393,1895
2025-05-20 22:06:37.173,1609,1797,1613,1524,1433,937,1511,1317,2413,1940
2025-05-20 22:06:37.373,1495,1811,1693,1518,1149,1256,1415,1179,2285,1719
2025-05-20 22:06:37.573,1401,1716,1807,1519,1143,1637,1509,877,2110,1637
2025-05-20 22:06:37.773,1364,1775,1847,1531,1301,1981,1555,845,1897,1588
2025-05-20 22:06:37.973,1379,1741,1695,1524,1389,2194,1610,1147,1771,1575
2025-05-20 22:06:38.173,1337,1693,1607,1512,1427,2168,1624,1481,1705,1577
2025-05-20 22:06:38.373,1289,1597,1543,1497,1545,1952,1565,1688,1701,1597
2025-05-20 22:06:38.573,1307,1551,1564,1495,1515,1951,1435,1843,1623,1621
2025-05-20 22:06:38.773,1415,1503,1515,1499,1599,1966,1620,1899,1435,1627
2025-05-20 22:06:38.973,1546,1483,1560,1485,1817,1961,1597,1943,1276,1605
2025-05-20 22:06:39.173,1653,1397,1567,1463,1887,1835,1607,1939,1222,1595
2025-05-20 22:06:39.373,1759,1357,1673,1456,2007,1743,1572,1815,1341,1613
2025-05-20 22:06:39.573,1679,1372,1645,1485,1992,1634,1575,1705,1484,1687
2025-05-20 22:06:39.773,1611,1303,1630,1503,1835,1531,1491,1596,1581,1659
2025-05-20 22:06:39.973,1575,1301,1663,1509,1664,1458,1481,1533,1641,1560
2025-05-20 22:06:40.173,1555,1279,1699,1503,1471,1431,1672,1563,1609,1480
2025-05-20 22:06:40.373,1553,1335,1675,1520,1285,1396,1566,1595,1543,1325
2025-05-20 22:06:40.573,1560,1531,1526,1506,1271,1450,1663,1661,1464,965
2025-05-20 22:06:40.773,1553,1767,1362,1511,1339,1436,1611,1655,1385,841
2025-05-20 22:06:40.973,1564,1955,1349,1509,1448,1191,1372,1533,1267,1033
2025-05-20 22:06:41.173,1577,1965,1279,1500,1683,967,1461,1352,998,1461
2025-05-20 22:06:41.373,1542,1951,1389,1491,1659,709,1547,1301,717,1753
2025-05-20 22:06:41.573,1492,1951,1590,1509,1663,696,1456,1303,681,1865
2025-05-20 22:06:41.773,1466,1901,1673,1483,1556,857,1640,1193,1105,1881
2025-05-20 22:06:41.973,1437,1851,1747,1489,1405,1183,1485,902,1235,1758
2025-05-20 22:06:42.173,1397,1725,1733,1489,1197,1621,1499,823,1389,1631
2025-05-20 22:06:42.373,1337,1673,1679,1476,1101,1913,1558,1101,1690,1574
2025-05-20 22:06:42.573,1333,1641,1595,1464,1056,2147,1560,1416,2003,1531
2025-05-20 22:06:42.773,1383,1468,1514,1463,1395,2063,1559,1671,2274,1556
2025-05-20 22:06:42.973,1471,1432,1551,1463,1479,1929,1481,1789,2340,1575
2025-05-20 22:06:43.173,1575,1447,1529,1453,1563,1885,1555,1853,2199,1587
2025-05-20 22:06:43.373,1742,1433,1508,1445,1762,1880,1484,1901,2003,1591
2025-05-20 22:06:43.573,1707,1379,1496,1444,1827,1875,1437,1925,1839,1581
2025-05-20 22:06:43.773,1625,1427,1543,1467,1883,1769,1525,1810,1765,1573
2025-05-20 22:06:43.973,1577,1460,1575,1471,1838,1721,1651,1703,1573,1549
2025-05-20 22:06:44.173,1555,1398,1581,1469,1789,1575,1570,1607,1342,1643
2025-05-20 22:06:44.373,1531,1433,1669,1480,1752,1422,1494,1526,1211,1639
2025-05-20 22:06:44.573,1543,1420,1607,1478,1627,1427,1356,1561,1141,1546
2025-05-20 22:06:44.773,1530,1459,1635,1482,1544,1401,1385,1567,1188,1481
2025-05-20 22:06:44.973,1549,1443,1499,1471,1491,1387,1517,1638,1289,1401
2025-05-20 22:06:45.173,1563,1485,1401,1465,1443,1389,1465,1617,1435,1047
2025-05-20 22:06:45.373,1547,1483,1211,1470,1435,1355,1445,1529,1577,839
2025-05-20 22:06:45.573,1495,1451,1231,1461,1429,1131,1607,1317,1658,919
2025-05-20 22:06:45.773,1471,1513,1419,1453,1465,871,1515,1229,1710,1271
2025-05-20 22:06:45.973,1436,1515,1530,1469,1379,617,1516,1299,1677,1651
2025-05-20 22:06:46.173,1449,1545,1656,1461,877,629,1460,1126,1597,1815
2025-05-20 22:06:46.375,1430,1479,1727,1449,543,839,1387,841,1503,1835
2025-05-20 22:06:46.575,1382,1482,1759,1451,701,1213,1419,810,1422,1829
2025-05-20 22:06:46.775,1354,1541,1625,1437,1050,1595,1485,1113,1351,1633
2025-05-20 22:06:46.975,1369,1525,1515,1449,1561,1955,1499,1479,1323,1565
2025-05-20 22:06:47.175,1445,1515,1531,1448,2157,2133,1451,1719,1371,1531
2025-05-20 22:06:47.375,1567,1508,1487,1439,2397,2015,1408,1829,1277,1541
2025-05-20 22:06:47.575,1739,1544,1461,1433,2345,1899,1477,1861,1007,1557
2025-05-20 22:06:47.775,1675,1391,1479,1448,2035,1896,1502,1879,853,1559
2025-05-20 22:06:47.975,1610,1325,1479,1461,1839,1881,1496,1855,823,1579
2025-05-20 22:06:48.175,1581,1369,1581,1479,1769,1831,1439,1751,949,1571
2025-05-20 22:06:48.375,1567,1439,1554,1483,1575,1806,1459,1656,1145,1565
2025-05-20 22:06:48.575,1547,1311,1597,1493,1509,1747,1501,1567,1482,1553
2025-05-20 22:06:48.775,1528,1405,1617,1491,1433,1591,1555,1549,1835,1615
2025-05-20 22:06:48.975,1529,1417,1648,1475,1310,1454,1336,1543,2067,1659
2025-05-20 22:06:49.175,1562,1455,1641,1483,1131,1439,1320,1583,2057,1583
2025-05-20 22:06:49.375,1591,1563,1599,1478,1191,1381,1392,1609,1980,1491
2025-05-20 22:06:49.575,1547,1627,1419,1483,1212,1400,1397,1662,1909,1423
2025-05-20 22:06:49.775,1487,1705,1270,1479,1273,1415,1358,1623,1813,1181
2025-05-20 22:06:49.975,1434,1709,1264,1480,1370,1415,1438,1414,1634,884
2025-05-20 22:06:50.175,1437,1757,1355,1471,1497,1161,1439,1242,1547,875
2025-05-20 22:06:50.375,1480,1769,1517,1465,1431,905,1483,1291,1527,1143
2025-05-20 22:06:50.575,1491,1751,1635,1469,1229,634,1510,1225,1577,1553
2025-05-20 22:06:50.776,1449,1752,1709,1462,1293,629,1463,953,1628,1803
2025-05-20 22:06:50.976,1387,1715,1693,1461,1527,902,1390,780,1691,1866
2025-05-20 22:06:51.176,1339,1675,1716,1463,1831,1189,1416,997,1749,1839
2025-05-20 22:06:51.376,1359,1609,1559,1451,2005,1575,1353,1354,1736,1696
2025-05-20 22:06:51.576,1527,1509,1556,1447,2025,1947,1487,1607,1643,1586
2025-05-20 22:06:51.776,1719,1553,1507,1451,1803,2102,1413,1767,1547,1561
2025-05-20 22:06:51.976,1673,1485,1515,1465,1687,2072,1461,1863,1425,1547
2025-05-20 22:06:52.176,1634,1463,1547,1485,1533,1900,1476,1847,1323,1575
2025-05-20 22:06:52.376,1595,1439,1542,1483,1529,1881,1638,1831,1287,1582
2025-05-20 22:06:52.576,1587,1367,1583,1496,1547,1965,1615,1813,1370,1625
2025-05-20 22:06:52.776,1579,1299,1597,1495,1581,1881,1581,1735,1327,1595
2025-05-20 22:06:52.974,1577,1299,1639,1501,1531,1811,1693,1639,1197,1567
2025-05-20 22:06:53.174,1567,1231,1643,1506,1610,1724,1523,1567,1203,1559
2025-05-20 22:06:53.374,1575,1197,1620,1485,1620,1627,1533,1553,1279,1626
2025-05-20 22:06:53.574,1628,1297,1692,1503,1519,1575,1565,1575,1419,1679
2025-05-20 22:06:53.774,1575,1469,1643,1492,1338,1420,1467,1579,1529,1631
2025-05-20 22:06:53.974,1465,1691,1481,1491,1197,1343,1524,1655,1613,1509
2025-05-20 22:06:54.174,1390,1885,1351,1495,1093,1428,1598,1672,1597,1437
2025-05-20 22:06:54.374,1403,2003,1270,1505,1133,1403,1543,1509,1567,1309
2025-05-20 22:06:54.574,1459,1941,1367,1467,1378,1385,1367,1321,1382,994
2025-05-20 22:06:54.774,1489,1935,1493,1461,1515,1196,1531,1307,1051,850
2025-05-20 22:06:54.974,1480,1963,1630,1468,1756,926,1543,1384,567,1015
2025-05-20 22:06:55.174,1438,1977,1723,1478,1867,687,1562,1199,200,1407
2025-05-20 22:06:55.374,1342,1852,1771,1477,1941,663,1581,923,429,1721
2025-05-20 22:06:55.574,1275,1787,1768,1454,1965,919,1553,859,1106,1865
2025-05-20 22:06:55.774,1399,1721,1655,1455,1911,1203,1609,1128,1799,1867
2025-05-20 22:06:55.974,1604,1597,1584,1467,1767,1643,1397,1469,2296,1805
2025-05-20 22:06:56.174,1606,1531,1554,1490,1751,1965,1385,1693,2619,1644
2025-05-20 22:06:56.374,1576,1443,1555,1498,1683,2135,1548,1806,2633,1560
2025-05-20 22:06:56.574,1581,1471,1509,1507,1640,2063,1444,1885,2398,1559
2025-05-20 22:06:56.774,1595,1445,1604,1512,1561,1945,1533,1861,2160,1563
2025-05-20 22:06:56.974,1621,1469,1580,1523,1547,1908,1389,1836,2021,1587
2025-05-20 22:06:57.174,1613,1439,1575,1515,1403,1957,1533,1782,1931,1596
2025-05-20 22:06:57.374,1597,1491,1625,1513,1211,1955,1428,1672,1913,1613
2025-05-20 22:06:57.574,1583,1469,1685,1513,1165,1813,1591,1597,2056,1606
2025-05-20 22:06:57.774,1571,1491,1711,1514,1207,1767,1754,1519,1823,1605
2025-05-20 22:06:57.974,1523,1523,1683,1523,1080,1689,1733,1548,1575,1619
2025-05-20 22:06:58.174,1483,1591,1687,1531,1245,1519,1624,1605,1421,1689
2025-05-20 22:06:58.374,1450,1564,1589,1517,1596,1464,1676,1635,1355,1689
2025-05-20 22:06:58.574,1482,1542,1449,1507,1757,1415,1675,1677,1343,1575
2025-05-20 22:06:58.774,1513,1551,1317,1491,1993,1401,1707,1675,1369,1495
2025-05-20 22:06:58.974,1543,1549,1353,1500,2067,1452,1586,1478,1449,1439
2025-05-20 22:06:59.175,1528,1543,1477,1499,2072,1451,1583,1299,1517,1117
2025-05-20 22:06:59.375,1505,1561,1659,1495,2043,1239,1656,1286,1705,879
2025-05-20 22:06:59.575,1453,1608,1770,1481,1853,989,1575,1357,1747,951
2025-05-20 22:06:59.775,1399,1611,1815,1467,1715,713,1631,1245,1575,1285
2025-05-20 22:06:59.975,1501,1605,1786,1480,1625,676,1625,972,1416,1655
2025-05-20 22:07:00.174,1478,1549,1655,1498,1531,905,1554,925,1280,1844
2025-05-20 22:07:00.377,1420,1529,1527,1491,1389,1231,1655,1173,1244,1879
2025-05-20 22:07:00.574,1439,1459,1532,1515,1261,1629,1611,1477,1263,1903
2025-05-20 22:07:00.774,1489,1429,1517,1519,1197,1954,1515,1716,1101,1673
2025-05-20 22:07:00.974,1555,1353,1566,1541,1301,2107,1455,1787,856,1597
2025-05-20 22:07:01.174,1607,1107,1528,1520,1041,2095,1643,1842,702,1564
2025-05-20 22:07:01.374,1643,1177,1559,1523,983,1960,1565,1871,787,1551
2025-05-20 22:07:01.574,1679,1358,1606,1509,1150,1935,1551,1871,1097,1595
2025-05-20 22:07:01.774,1669,1462,1596,1511,1483,1939,1530,1797,1487,1612
2025-05-20 22:07:01.974,1592,1554,1677,1503,1891,1917,1547,1690,1853,1618
2025-05-20 22:07:02.174,1503,1688,1659,1509,2109,1891,1687,1610,2014,1595
2025-05-20 22:07:02.374,1445,1745,1683,1497,2169,1765,1619,1528,2120,1588
2025-05-20 22:07:02.574,1470,1763,1723,1508,2173,1663,1545,1508,2245,1592
2025-05-20 22:07:02.774,1545,1757,1595,1493,2020,1529,1549,1573,2365,1658
2025-05-20 22:07:02.974,1574,1783,1501,1477,1711,1443,1580,1619,2603,1683
2025-05-20 22:07:03.174,1576,1786,1243,1471,1563,1413,1570,1683,2302,1592
2025-05-20 22:07:03.374,1564,1784,1271,1483,1528,1387,1527,1615,1941,1500
2025-05-20 22:07:03.574,1533,1747,1383,1463,1332,1443,1465,1433,1597,1448
2025-05-20 22:07:03.774,1516,1677,1514,1451,1178,1363,1497,1259,1337,1263
2025-05-20 22:07:03.974,1587,1687,1655,1450,1301,1209,1549,1240,1261,931
2025-05-20 22:07:04.174,1557,1619,1724,1463,1143,1005,1487,1311,1259,857
2025-05-20 22:07:04.374,1513,1631,1736,1481,1095,701,1710,1267,1336,1101
2025-05-20 22:07:04.574,1503,1525,1721,1495,1123,627,1565,1021,1400,1491
2025-05-20 22:07:04.774,1503,1583,1501,1493,1171,855,1515,939,1519,1781
2025-05-20 22:07:04.974,1495,1527,1483,1489,1229,1122,1450,1143,1528,1851
2025-05-20 22:07:05.174,1443,1471,1531,1484,1487,1525,1491,1465,1432,1861
2025-05-20 22:07:05.374,1389,1531,1499,1493,1945,1901,1386,1689,1324,1709
2025-05-20 22:07:05.574,1379,1417,1483,1497,2073,2139,1459,1769,1230,1607
2025-05-20 22:07:05.774,1331,1369,1520,1467,2118,2059,1484,1801,1233,1553
2025-05-20 22:07:05.974,1173,1323,1567,1465,2035,1915,1447,1827,1273,1547
2025-05-20 22:07:06.174,1099,1270,1590,1469,1881,1892,1487,1786,1239,1571
2025-05-20 22:07:06.374,1275,1259,1506,1469,1727,1929,1576,1683,1003,1587
2025-05-20 22:07:06.574,1543,1355,1621,1467,1435,1899,1491,1639,663,1583
2025-05-20 22:07:06.774,1719,1333,1663,1446,1245,1819,1531,1595,441,1592
2025-05-20 22:07:06.975,1813,1460,1727,1445,1259,1719,1561,1560,599,1576
2025-05-20 22:07:07.175,1831,1560,1591,1449,1099,1612,1439,1553,1051,1547
2025-05-20 22:07:07.375,1801,1723,1507,1449,1122,1525,1445,1528,1594,1608
2025-05-20 22:07:07.575,1807,1837,1295,1463,1239,1398,1482,1609,1991,1657
2025-05-20 22:07:07.775,1762,1885,1253,1435,1436,1356,1416,1671,2095,1611
2025-05-20 22:07:07.975,1644,1839,1263,1429,1480,1367,1461,1614,2157,1527
2025-05-20 22:07:08.175,1565,1838,1415,1443,1339,1341,1561,1349,2431,1436
2025-05-20 22:07:08.375,1529,1767,1531,1463,1241,1384,1397,1225,2631,1339
2025-05-20 22:07:08.575,1517,1705,1715,1465,1341,1238,1515,1231,2365,974
2025-05-20 22:07:08.775,1509,1645,1759,1469,1435,1011,1564,1361,2056,791
2025-05-20 22:07:08.975,1499,1523,1719,1481,1397,693,1437,1303,1845,958
2025-05-20 22:07:09.175,1513,1480,1607,1470,1479,585,1435,1016,1718,1368
2025-05-20 22:07:09.375,1579,1435,1496,1479,1699,726,1452,934,1715,1704
2025-05-20 22:07:09.575,1587,1427,1493,1471,1909,1091,1543,1127,1749,1846
2025-05-20 22:07:09.775,1483,1492,1503,1471,2155,1465,1373,1421,1727,1823
2025-05-20 22:07:09.975,1395,1447,1487,1468,1817,1803,1612,1673,1704,1748
2025-05-20 22:07:10.175,1295,1427,1519,1465,1567,2099,1459,1781,1565,1640
2025-05-20 22:07:10.375,1076,1467,1463,1470,1383,2107,1463,1802,1435,1589
2025-05-20 22:07:10.575,1013,1453,1499,1469,1384,1975,1315,1813,1279,1545
2025-05-20 22:07:10.775,1209,1469,1611,1459,1369,1881,1438,1832,1061,1527
2025-05-20 22:07:10.975,1517,1497,1608,1448,1467,1935,1558,1741,968,1545
2025-05-20 22:07:11.175,1728,1513,1623,1447,1549,1877,1547,1639,975,1575
2025-05-20 22:07:11.375,1763,1451,1659,1455,1525,1819,1443,1533,983,1583
2025-05-20 22:07:11.575,1705,1500,1628,1469,1689,1747,1548,1506,811,1561
2025-05-20 22:07:11.775,1679,1554,1553,1449,1578,1611,1467,1517,502,1571
2025-05-20 22:07:11.975,1620,1525,1428,1432,1545,1503,1580,1577,281,1580
2025-05-20 22:07:12.175,1587,1561,1263,1438,1355,1445,1415,1635,339,1638
2025-05-20 22:07:12.375,1573,1547,1267,1462,1111,1391,1563,1711,686,1645
2025-05-20 22:07:12.575,1561,1553,1351,1471,778,1389,1559,1653,1239,1554
2025-05-20 22:07:12.775,1557,1553,1500,1467,811,1384,1485,1417,1737,1476
2025-05-20 22:07:12.975,1545,1491,1643,1491,1189,1417,1561,1263,1992,1405
2025-05-20 22:07:13.175,1547,1549,1746,1494,1405,1235,1604,1255,2397,1075
2025-05-20 22:07:13.375,1559,1559,1783,1498,1701,1000,1621,1375,2823,825
2025-05-20 22:07:13.575,1584,1527,1687,1499,1971,755,1485,1312,2633,909
2025-05-20 22:07:13.775,1564,1572,1550,1483,2105,616,1391,1105,2271,1261
2025-05-20 22:07:13.975,1508,1567,1525,1486,2115,748,1583,943,1991,1659
2025-05-20 22:07:14.175,1467,1524,1517,1490,2055,1032,1545,1094,1799,1812
2025-05-20 22:07:14.375,1305,1491,1515,1469,1827,1447,1451,1373,1674,1837
2025-05-20 22:07:14.575,1147,1395,1501,1485,1717,1803,1416,1588,1595,1809
2025-05-20 22:07:14.775,1229,1400,1509,1471,1717,2083,1395,1711,1571,1678
2025-05-20 22:07:14.975,1447,1437,1547,1483,1663,2149,1579,1771,1575,1609
2025-05-20 22:07:15.175,1631,1436,1581,1461,1581,1996,1725,1784,1614,1573
2025-05-20 22:07:15.375,1704,1435,1655,1465,1355,1941,1532,1811,1575,1562
2025-05-20 22:07:15.575,1662,1397,1685,1481,1129,1944,1455,1791,1429,1579
2025-05-20 22:07:15.775,1607,1457,1715,1464,1043,1948,1544,1675,1357,1581
2025-05-20 22:07:15.975,1592,1577,1661,1445,950,1894,1527,1612,1353,1605
2025-05-20 22:07:16.175,1558,1576,1638,1451,1051,1803,1688,1563,1405,1609
2025-05-20 22:07:16.375,1562,1692,1482,1461,1105,1678,1631,1560,1487,1603
2025-05-20 22:07:16.575,1564,1683,1368,1483,1395,1543,1509,1606,1513,1609
2025-05-20 22:07:16.775,1567,1717,1271,1487,1681,1427,1374,1679,1428,1637
2025-05-20 22:07:16.975,1560,1707,1334,1499,2023,1389,1655,1699,1191,1653
2025-05-20 22:07:17.175,1564,1741,1499,1510,2129,1403,1527,1628,715,1563
2025-05-20 22:07:17.375,1561,1753,1646,1517,2027,1407,1372,1427,329,1485
2025-05-20 22:07:17.575,1564,1661,1767,1511,2031,1413,1479,1275,249,1449
2025-05-20 22:07:17.775,1547,1700,1775,1518,1971,1333,1592,1271,603,1127
2025-05-20 22:07:17.975,1515,1653,1757,1509,1767,1075,1543,1359,1181,857
2025-05-20 22:07:18.175,1542,1610,1619,1494,1747,735,1567,1305,1822,885
2025-05-20 22:07:18.375,1507,1606,1525,1513,1507,594,1437,1115,2441,1203
2025-05-20 22:07:18.575,1294,1588,1527,1508,1285,759,1545,936,2556,1617
2025-05-20 22:07:18.775,1177,1529,1525,1501,1079,1101,1498,999,2519,1810
2025-05-20 22:07:18.975,1259,1508,1555,1489,943,1467,1365,1259,2351,1853
2025-05-20 22:07:19.175,1453,1523,1563,1483,1045,1813,1527,1531,2119,1861
2025-05-20 22:07:19.375,1625,1422,1582,1487,1125,2133,1555,1726,1913,1720
2025-05-20 22:07:19.575,1692,1369,1631,1495,1207,2185,1579,1797,1799,1640
2025-05-20 22:07:19.775,1759,1355,1676,1487,1491,2031,1497,1781,1695,1593
2025-05-20 22:07:19.975,1707,1321,1686,1454,1721,1955,1623,1819,1650,1588
2025-05-20 22:07:20.175,1634,1291,1719,1460,1989,1913,1551,1815,1640,1595
2025-05-20 22:07:20.375,1607,1352,1737,1483,2187,1949,1587,1727,1691,1599
2025-05-20 22:07:20.575,1597,1419,1619,1496,2191,1900,1661,1663,1577,1619
2025-05-20 22:07:20.775,1573,1599,1614,1503,2173,1823,1609,1627,1415,1625
2025-05-20 22:07:20.975,1558,1771,1433,1505,1945,1703,1575,1589,1309,1605
2025-05-20 22:07:21.175,1543,1866,1316,1520,1775,1608,1550,1621,1245,1605
2025-05-20 22:07:21.375,1533,1934,1297,1544,1615,1513,1548,1709,1299,1673
2025-05-20 22:07:21.575,1527,1931,1437,1527,1449,1444,1503,1747,1462,1679
2025-05-20 22:07:21.775,1567,1946,1609,1523,1183,1423,1404,1700,1589,1606
2025-05-20 22:07:21.975,1558,1902,1711,1529,981,1400,1598,1499,1653,1526
2025-05-20 22:07:22.175,1526,1917,1780,1511,894,1419,1621,1309,1701,1463
2025-05-20 22:07:22.375,1453,1771,1791,1529,1179,1357,1614,1287,1673,1191
2025-05-20 22:07:22.575,1253,1699,1707,1513,1267,1157,1513,1375,1555,885
2025-05-20 22:07:22.775,1190,1681,1605,1515,1449,829,1516,1446,1289,877
2025-05-20 22:07:22.975,1301,1553,1578,1506,1711,613,1672,1327,935,1177
2025-05-20 22:07:23.175,1462,1455,1529,1499,1913,697,1571,1103,628,1561
2025-05-20 22:07:23.375,1583,1435,1565,1497,2057,1013,1438,973,537,1813
2025-05-20 22:07:23.575,1656,1421,1557,1498,2085,1395,1635,1145,873,1879
2025-05-20 22:07:23.775,1723,1464,1549,1493,1989,1763,1608,1405,1607,1895
2025-05-20 22:07:23.975,1701,1481,1625,1480,1907,2117,1615,1595,1811,1724
2025-05-20 22:07:24.175,1627,1469,1640,1463,1814,2194,1581,1755,1947,1641
2025-05-20 22:07:24.375,1561,1463,1643,1489,1811,2087,1654,1768,2104,1610
2025-05-20 22:07:24.575,1519,1527,1677,1503,1559,1961,1477,1821,2252,1593
2025-05-20 22:07:24.775,1511,1553,1675,1505,1355,1951,1627,1829,2249,1606
2025-05-20 22:07:24.975,1501,1497,1660,1512,1093,1899,1477,1747,2112,1609
2025-05-20 22:07:25.175,1496,1579,1611,1514,925,1885,1518,1677,1959,1611
2025-05-20 22:07:25.375,1513,1599,1555,1531,947,1831,1627,1631,1831,1594
2025-05-20 22:07:25.575,1513,1567,1404,1525,1161,1753,1593,1599,1743,1591
2025-05-20 22:07:25.775,1516,1583,1337,1501,1257,1611,1555,1551,1722,1572
2025-05-20 22:07:25.975,1519,1532,1341,1503,1436,1528,1508,1590,1644,1655
2025-05-20 22:07:26.175,1463,1555,1455,1500,1807,1435,1511,1655,1430,1717
2025-05-20 22:07:26.375,1419,1546,1605,1500,1946,1399,1557,1645,1295,1641
2025-05-20 22:07:26.575,1258,1573,1687,1499,1911,1389,1619,1561,1181,1509
2025-05-20 22:07:26.775,1216,1573,1755,1481,1773,1397,1581,1353,1195,1432
2025-05-20 22:07:26.975,1343,1549,1736,1481,1643,1371,1449,1289,1285,1175
2025-05-20 22:07:27.175,1511,1531,1590,1477,1703,1179,1589,1306,1355,887
2025-05-20 22:07:27.375,1621,1581,1510,1477,1763,891,1599,1429,1459,874
2025-05-20 22:07:27.575,1685,1449,1485,1465,1429,631,1561,1453,1599,1144
2025-05-20 22:07:27.775,1722,1375,1485,1461,1171,626,1492,1269,1662,1553
2025-05-20 22:07:27.975,1733,1477,1482,1455,860,871,1437,1001,1721,1769
2025-05-20 22:07:28.175,1655,1439,1505,1446,739,1239,1465,1007,1735,1863
2025-05-20 22:07:28.375,1571,1435,1527,1464,748,1581,1436,1211,1689,1879
2025-05-20 22:07:28.575,1527,1419,1555,1467,1177,1993,1355,1439,1607,1671
2025-05-20 22:07:28.775,1513,1393,1627,1479,1333,2165,1463,1637,1479,1581
2025-05-20 22:07:28.975,1517,1483,1617,1485,1672,2089,1624,1693,1289,1563
2025-05-20 22:07:29.175,1519,1517,1644,1495,1908,1929,1498,1727,1149,1555
2025-05-20 22:07:29.375,1529,1547,1672,1501,2005,1887,1524,1818,1162,1560
2025-05-20 22:07:29.575,1531,1597,1633,1491,1935,1949,1593,1823,904,1587
2025-05-20 22:07:29.775,1527,1715,1583,1471,1733,1851,1635,1751,717,1576
2025-05-20 22:07:29.975,1542,1703,1431,1469,1533,1839,1509,1673,883,1587
2025-05-20 22:07:30.175,1477,1653,1257,1477,1565,1689,1484,1587,1148,1571
2025-05-20 22:07:30.375,1427,1655,1236,1467,1513,1557,1468,1547,1523,1567
2025-05-20 22:07:30.575,1268,1691,1306,1461,1597,1451,1482,1591,1861,1595
2025-05-20 22:07:30.775,1184,1641,1513,1456,1446,1395,1515,1686,2111,1677
2025-05-20 22:07:30.975,1305,1616,1673,1446,978,1374,1497,1708,2219,1644
2025-05-20 22:07:31.175,1463,1619,1707,1444,645,1341,1463,1647,2193,1507
2025-05-20 22:07:31.375,1581,1557,1695,1447,534,1389,1571,1372,2007,1417
2025-05-20 22:07:31.575,1656,1525,1674,1449,588,1269,1493,1272,1801,1173
2025-05-20 22:07:31.775,1691,1515,1493,1448,1133,1094,1395,1293,1591,867
2025-05-20 22:07:31.975,1749,1528,1469,1430,1444,823,1399,1355,1370,839
2025-05-20 22:07:32.175,1687,1515,1503,1427,1608,571,1583,1481,1241,1115
2025-05-20 22:07:32.375,1592,1453,1530,1437,1606,639,1529,1401,1255,1533
2025-05-20 22:07:32.575,1553,1380,1472,1464,1673,887,1429,1223,1307,1766
2025-05-20 22:07:32.775,1531,1379,1502,1470,1656,1231,1451,1021,1374,1877
2025-05-20 22:07:32.975,1527,1319,1567,1471,1727,1635,1508,1021,1439,1875
2025-05-20 22:07:33.175,1533,1316,1517,1485,1829,2019,1509,1273,1503,1635
2025-05-20 22:07:33.375,1543,1315,1567,1490,1951,2186,1483,1571,1623,1531
2025-05-20 22:07:33.575,1531,1302,1644,1483,2027,2043,1395,1661,1689,1529
2025-05-20 22:07:33.775,1525,1336,1691,1487,1981,1907,1467,1645,1727,1507
2025-05-20 22:07:33.975,1545,1379,1626,1467,1879,1880,1498,1709,1719,1545
2025-05-20 22:07:34.175,1493,1583,1595,1465,1811,1893,1595,1766,1641,1573
2025-05-20 22:07:34.375,1404,1661,1464,1470,1735,1854,1511,1691,1515,1593
2025-05-20 22:07:34.575,1299,1765,1351,1464,1379,1831,1406,1669,1373,1609
2025-05-20 22:07:34.775,1180,1789,1235,1477,997,1755,1491,1621,1387,1579
2025-05-20 22:07:34.975,1257,1847,1328,1467,1005,1661,1517,1559,1414,1563
2025-05-20 22:07:35.175,1432,1807,1467,1454,1303,1499,1499,1580,1243,1563
2025-05-20 22:07:35.375,1573,1813,1587,1447,1287,1406,1480,1628,1147,1662
2025-05-20 22:07:35.575,1657,1801,1653,1455,1392,1355,1383,1695,1171,1652
2025-05-20 22:07:35.775,1678,1727,1721,1453,1677,1291,1480,1673,1273,1571
2025-05-20 22:07:35.975,1736,1643,1717,1443,1917,1321,1491,1517,1367,1447
2025-05-20 22:07:36.175,1717,1579,1599,1434,2075,1381,1614,1317,1387,1197
2025-05-20 22:07:36.375,1621,1549,1516,1446,2073,1171,1397,1247,1319,888
2025-05-20 22:07:36.575,1571,1487,1543,1463,2107,860,1563,1308,1245,857
2025-05-20 22:07:36.775,1545,1480,1500,1484,1815,616,1417,1407,1085,1099
2025-05-20 22:07:36.975,1549,1507,1465,1485,1603,647,1480,1489,949,1507
2025-05-20 22:07:37.175,1548,1501,1551,1494,1455,883,1544,1401,871,1779
2025-05-20 22:07:37.375,1548,1407,1617,1499,1529,1227,1557,1177,725,1882
2025-05-20 22:07:37.575,1533,1461,1623,1495,1555,1621,1490,1021,893,1878
2025-05-20 22:07:37.775,1530,1453,1619,1510,1605,1961,1450,1051,1445,1673
2025-05-20 22:07:37.975,1533,1465,1619,1490,1643,2174,1554,1253,1991,1543
2025-05-20 22:07:38.175,1515,1543,1657,1481,1641,2089,1533,1513,2347,1544
2025-05-20 22:07:38.375,1439,1555,1653,1481,1434,1903,1533,1591,2529,1515
2025-05-20 22:07:38.575,1321,1525,1615,1485,949,1837,1551,1659,2391,1553
2025-05-20 22:07:38.775,1182,1479,1532,1469,915,1867,1420,1829,2184,1555
2025-05-20 22:07:38.975,1211,1461,1357,1476,1241,1827,1385,1881,2028,1575
2025-05-20 22:07:39.175,1383,1484,1307,1463,1694,1829,1593,1765,1955,1579
2025-05-20 22:07:39.375,1555,1499,1325,1461,2031,1747,1481,1687,1838,1591
2025-05-20 22:07:39.575,1641,1573,1413,1464,2091,1623,1482,1595,1741,1587
2025-05-20 22:07:39.775,1685,1545,1572,1469,2019,1566,1518,1598,1735,1568
2025-05-20 22:07:39.976,1691,1519,1708,1446,1848,1489,1379,1609,1727,1646
2025-05-20 22:07:40.176,1741,1564,1693,1432,1774,1415,1541,1659,1525,1685
2025-05-20 22:07:40.376,1639,1489,1740,1447,1693,1397,1567,1701,1355,1593
2025-05-20 22:07:40.576,1575,1525,1663,1469,1653,1366,1452,1668,1257,1511
2025-05-20 22:07:40.776,1549,1543,1557,1491,1578,1363,1493,1387,1245,1260
2025-05-20 22:07:40.976,1549,1513,1524,1491,1437,1171,1685,1295,1273,933
2025-05-20 22:07:41.176,1550,1351,1501,1501,1509,913,1493,1311,1379,843
2025-05-20 22:07:41.376,1544,1365,1482,1513,1295,645,1545,1373,1479,1067
2025-05-20 22:07:41.576,1547,1303,1563,1503,1291,619,1596,1495,1531,1459
2025-05-20 22:07:41.776,1540,1065,1576,1508,1401,859,1592,1482,1657,1747
2025-05-20 22:07:41.976,1529,1230,1607,1493,1517,1183,1509,1355,1703,1863
2025-05-20 22:07:42.176,1525,1399,1607,1494,1709,1598,1481,1167,1544,1908
2025-05-20 22:07:42.376,1462,1583,1607,1495,1669,1935,1449,1110,1389,1709
2025-05-20 22:07:42.576,1355,1654,1659,1481,1452,2167,1520,1241,1267,1571
2025-05-20 22:07:42.776,1230,1657,1703,1477,1041,2184,1529,1491,1161,1520
2025-05-20 22:07:42.976,1199,1703,1663,1508,837,1975,1547,1635,1003,1531
2025-05-20 22:07:43.176,1339,1743,1640,1481,1117,1865,1515,1703,793,1541
2025-05-20 22:07:43.376,1501,1743,1434,1467,1386,1875,1471,1765,713,1573
2025-05-20 22:07:43.576,1627,1755,1325,1464,1801,1885,1469,1788,819,1595
2025-05-20 22:07:43.776,1661,1704,1331,1467,2005,1861,1405,1753,1112,1593
2025-05-20 22:07:43.976,1689,1770,1415,1453,1893,1751,1443,1643,1544,1583
2025-05-20 22:07:44.176,1741,1707,1549,1432,1891,1687,1544,1571,1973,1611
2025-05-20 22:07:44.376,1664,1708,1627,1447,1902,1555,1468,1516,2191,1563
2025-05-20 22:07:44.576,1589,1701,1709,1478,1935,1466,1623,1531,2253,1659
2025-05-20 22:07:44.776,1559,1613,1692,1495,1886,1413,1564,1599,2276,1707
2025-05-20 22:07:44.976,1547,1609,1735,1493,1900,1375,1559,1659,2253,1609
2025-05-20 22:07:45.176,1557,1563,1579,1517,1763,1398,1464,1679,2312,1520
2025-05-20 22:07:45.376,1559,1597,1573,1515,1645,1419,1545,1555,1865,1337
2025-05-20 22:07:45.576,1550,1563,1534,1519,1368,1267,1571,1355,1497,957
2025-05-20 22:07:45.776,1542,1541,1526,1509,1371,1079,1576,1315,1305,828
2025-05-20 22:07:45.976,1533,1525,1571,1501,1467,782,1584,1294,1247,1016
2025-05-20 22:07:46.176,1547,1485,1613,1523,1469,627,1582,1387,1289,1437
2025-05-20 22:07:46.376,1499,1421,1543,1501,1339,767,1630,1519,1375,1726
2025-05-20 22:07:46.578,1395,1417,1605,1510,1173,1065,1576,1523,1461,1880
2025-05-20 22:07:46.778,1289,1341,1645,1496,867,1402,1437,1366,1533,1903
2025-05-20 22:07:46.978,1195,1319,1678,1481,969,1768,1445,1161,1647,1735
2025-05-20 22:07:47.178,1279,1369,1707,1483,1317,2077,1561,1037,1733,1582
2025-05-20 22:07:47.378,1440,1405,1733,1481,1727,2150,1514,1161,1605,1543
2025-05-20 22:07:47.578,1575,1469,1645,1487,2075,2069,1564,1405,1460,1557
2025-05-20 22:07:47.778,1647,1563,1481,1479,2181,1928,1605,1583,1375,1565
2025-05-20 22:07:47.978,1684,1641,1357,1447,2067,1912,1657,1605,1257,1567
2025-05-20 22:07:48.178,1727,1720,1325,1447,1855,1951,1557,1727,1299,1603
2025-05-20 22:07:48.378,1701,1893,1382,1464,1659,1883,1598,1811,1375,1621
2025-05-20 22:07:48.578,1610,1821,1490,1491,1659,1823,1509,1789,1448,1629
2025-05-20 22:07:48.778,1563,1807,1615,1500,1589,1743,1481,1720,1451,1593
2025-05-20 22:07:48.978,1549,1811,1771,1507,1579,1583,1465,1677,1341,1583
2025-05-20 22:07:49.178,1549,1711,1773,1523,1547,1501,1585,1695,1123,1663
2025-05-20 22:07:49.378,1556,1749,1748,1523,1641,1427,1466,1704,891,1691
2025-05-20 22:07:49.578,1556,1643,1693,1533,1397,1381,1593,1769,815,1625
2025-05-20 22:07:49.778,1542,1595,1615,1532,1229,1399,1548,1852,1007,1511
2025-05-20 22:07:49.978,1534,1587,1559,1525,1317,1448,1611,1685,1431,1329
2025-05-20 22:07:50.178,1560,1548,1518,1516,1402,1319,1583,1435,1865,959
2025-05-20 22:07:50.378,1528,1545,1533,1511,1555,1055,1365,1317,2124,858
2025-05-20 22:07:50.578,1466,1599,1565,1511,1636,762,1459,1332,2539,1043
2025-05-20 22:07:50.778,1351,1503,1557,1511,1449,615,1507,1357,2743,1467
2025-05-20 22:07:50.978,1199,1523,1626,1508,1077,735,1769,1495,2359,1749
2025-05-20 22:07:51.178,1223,1589,1652,1507,1003,1043,1564,1567,1929,1886
2025-05-20 22:07:51.378,1373,1579,1640,1495,1251,1433,1593,1479,1647,1909
2025-05-20 22:07:51.578,1517,1541,1683,1493,1499,1891,1619,1356,1491,1770
2025-05-20 22:07:51.778,1624,1499,1711,1490,1839,2203,1592,1140,1429,1583
2025-05-20 22:07:51.978,1671,1518,1695,1467,2157,2275,1637,1039,1436,1549
2025-05-20 22:07:52.178,1696,1598,1619,1454,2101,2102,1513,1107,1462,1556
2025-05-20 22:07:52.378,1739,1587,1453,1479,1863,1919,1467,1342,1546,1567
2025-05-20 22:07:52.578,1659,1561,1277,1499,1735,1903,1625,1501,1703,1597
2025-05-20 22:07:52.778,1591,1621,1320,1505,1734,1896,1451,1623,1658,1592
2025-05-20 22:07:52.978,1559,1611,1492,1513,1739,1829,1498,1813,1511,1611
2025-05-20 22:07:53.176,1553,1608,1640,1528,1837,1849,1664,1837,1407,1610
2025-05-20 22:07:53.376,1531,1575,1725,1543,1849,1815,1619,1785,1260,1621
2025-05-20 22:07:53.576,1544,1583,1807,1542,1719,1637,1642,1701,1246,1645
2025-05-20 22:07:53.776,1541,1557,1759,1528,1587,1549,1453,1656,1324,1727
2025-05-20 22:07:53.976,1547,1581,1683,1523,1499,1460,1625,1639,1419,1707
2025-05-20 22:07:54.176,1555,1604,1587,1543,1446,1405,1653,1701,1493,1605
2025-05-20 22:07:54.376,1571,1567,1557,1514,1352,1399,1531,1738,1523,1469
2025-05-20 22:07:54.576,1523,1561,1541,1515,1239,1407,1608,1719,1553,1255
2025-05-20 22:07:54.776,1433,1484,1527,1507,1111,1443,1467,1571,1575,906
2025-05-20 22:07:54.976,1273,1437,1555,1507,1117,1135,1532,1336,1581,868
2025-05-20 22:07:55.176,1173,1481,1520,1498,1003,886,1639,1291,1401,1095
2025-05-20 22:07:55.376,1260,1471,1565,1485,1243,664,1592,1325,1171,1542
2025-05-20 22:07:55.576,1420,1400,1623,1497,1607,685,1611,1401,921,1813
2025-05-20 22:07:55.776,1563,1439,1675,1487,1934,973,1561,1523,879,1909
2025-05-20 22:07:55.977,1645,1461,1726,1459,2063,1323,1561,1589,1071,1909
2025-05-20 22:07:56.177,1685,1489,1727,1468,2111,1735,1498,1543,1481,1751
2025-05-20 22:07:56.377,1753,1579,1734,1487,2157,2019,1614,1447,2023,1577
2025-05-20 22:07:56.577,1703,1661,1684,1507,1909,2217,1437,1269,2341,1549
2025-05-20 22:07:56.777,1614,1705,1492,1501,1694,2117,1519,1083,2490,1546
2025-05-20 22:07:56.977,1567,1753,1343,1524,1586,1966,1605,1105,2556,1559
2025-05-20 22:07:57.177,1549,1799,1291,1543,1509,1897,1595,1309,2403,1584
2025-05-20 22:07:57.377,1545,1764,1427,1547,1560,1937,1678,1444,2105,1599
2025-05-20 22:07:57.577,1531,1747,1543,1531,1501,1929,1644,1582,1809,1624
2025-05-20 22:07:57.777,1523,1747,1743,1523,1399,1895,1607,1768,1557,1617
2025-05-20 22:07:57.977,1543,1754,1759,1517,1437,1813,1563,1851,1423,1641
2025-05-20 22:07:58.177,1557,1701,1761,1517,1135,1673,1532,1797,1363,1707
2025-05-20 22:07:58.377,1564,1607,1663,1508,1165,1561,1614,1705,1353,1707
2025-05-20 22:07:58.577,1524,1545,1529,1509,1255,1440,1576,1709,1369,1661
2025-05-20 22:07:58.777,1448,1531,1519,1501,1241,1389,1658,1695,1325,1551
2025-05-20 22:07:58.977,1365,1607,1561,1497,1482,1432,1572,1722,1302,1429
2025-05-20 22:07:59.178,1211,1621,1573,1501,1789,1419,1591,1693,1243,1131
2025-05-20 22:07:59.378,1211,1563,1528,1485,1928,1381,1431,1669,1243,867
2025-05-20 22:07:59.578,1359,1555,1588,1493,2023,1179,1575,1469,1321,885
2025-05-20 22:07:59.778,1519,1556,1583,1470,1883,941,1583,1353,1419,1221
2025-05-20 22:07:59.978,1621,1489,1593,1455,1783,677,1628,1427,1500,1645
2025-05-20 22:08:00.177,1675,1377,1645,1465,1692,601,1607,1532,1507,1832
2025-05-20 22:08:00.380,1711,1353,1699,1483,1675,855,1401,1527,1467,1899
2025-05-20 22:08:00.578,1736,1354,1735,1515,1703,1257,1525,1557,1277,1865
2025-05-20 22:08:00.778,1653,1392,1693,1507,1646,1671,1635,1577,957,1721
2025-05-20 22:08:00.978,1578,1367,1623,1515,1287,2055,1592,1549,649,1567
2025-05-20 22:08:01.178,1553,1381,1507,1543,1182,2248,1604,1465,571,1544
2025-05-20 22:08:01.378,1541,1439,1306,1533,1339,2190,1542,1357,871,1541
2025-05-20 22:08:01.578,1545,1567,1307,1525,1499,1999,1507,1245,1355,1549
2025-05-20 22:08:01.778,1530,1677,1404,1519,1614,1853,1531,1138,1839,1581
2025-05-20 22:08:01.978,1547,1807,1581,1513,1673,1883,1463,1179,2295,1619
2025-05-20 22:08:02.178,1533,1913,1691,1505,1762,1901,1556,1353,2731,1652
2025-05-20 22:08:02.378,1547,1971,1802,1511,1728,1865,1675,1527,2745,1627
2025-05-20 22:08:02.578,1563,1887,1778,1501,1611,1815,1528,1743,2521,1715
2025-05-20 22:08:02.778,1516,1867,1739,1497,1461,1688,1582,1848,2260,1747
2025-05-20 22:08:02.978,1439,1831,1567,1515,1509,1580,1695,1803,2055,1692
2025-05-20 22:08:03.178,1299,1736,1510,1495,1389,1553,1471,1703,1893,1596
2025-05-20 22:08:03.378,1175,1691,1519,1483,1148,1400,1591,1660,1756,1477
2025-05-20 22:08:03.578,1255,1571,1484,1487,1035,1371,1627,1671,1700,1301
2025-05-20 22:08:03.778,1421,1547,1498,1463,1160,1349,1517,1662,1689,950
2025-05-20 22:08:03.978,1562,1503,1514,1451,1319,1407,1638,1677,1765,807
2025-05-20 22:08:04.178,1635,1485,1595,1463,1477,1320,1523,1565,1711,955
2025-05-20 22:08:04.378,1678,1431,1593,1485,1780,1051,1459,1389,1549,1420
2025-05-20 22:08:04.578,1741,1435,1657,1500,1965,737,1422,1279,1278,1767
2025-05-20 22:08:04.778,1691,1511,1599,1507,1989,615,1514,1333,1085,1890
2025-05-20 22:08:04.978,1621,1448,1663,1509,1983,783,1651,1379,1052,1896
2025-05-20 22:08:05.178,1573,1497,1720,1513,1912,1078,1451,1513,1082,1817
2025-05-20 22:08:05.378,1549,1515,1638,1515,1789,1453,1608,1523,1163,1681
2025-05-20 22:08:05.578,1519,1513,1522,1511,1645,1805,1615,1493,1178,1563
2025-05-20 22:08:05.778,1543,1503,1337,1495,1662,2084,1551,1431,883,1531
2025-05-20 22:08:05.978,1528,1523,1291,1497,1453,2173,1555,1370,419,1532
2025-05-20 22:08:06.178,1543,1461,1337,1491,1471,1991,1545,1327,122,1547
2025-05-20 22:08:06.378,1545,1527,1477,1484,1437,1911,1506,1215,312,1559
2025-05-20 22:08:06.578,1560,1531,1674,1483,1523,1843,1560,1199,873,1593
2025-05-20 22:08:06.778,1529,1564,1759,1485,1449,1887,1353,1367,1523,1599
2025-05-20 22:08:06.978,1455,1543,1720,1479,1359,1850,1418,1448,2085,1643
2025-05-20 22:08:07.178,1368,1529,1707,1464,1337,1838,1559,1599,2441,1741
2025-05-20 22:08:07.378,1208,1553,1559,1465,1079,1704,1586,1727,2733,1703
2025-05-20 22:08:07.578,1209,1599,1435,1464,853,1597,1658,1790,2697,1645
2025-05-20 22:08:07.778,1362,1519,1466,1439,1001,1501,1420,1773,2427,1543
2025-05-20 22:08:07.978,1509,1527,1517,1438,1287,1427,1687,1765,2151,1418
2025-05-20 22:08:08.178,1608,1499,1516,1459,1677,1373,1511,1743,1958,1095
2025-05-20 22:08:08.378,1662,1531,1533,1468,1977,1375,1469,1735,1791,823
2025-05-20 22:08:08.578,1705,1547,1542,1485,2171,1391,1589,1741,1684,813
2025-05-20 22:08:08.778,1725,1495,1557,1487,2197,1417,1599,1625,1605,1125
2025-05-20 22:08:08.978,1651,1479,1639,1495,1983,1151,1416,1415,1568,1606
2025-05-20 22:08:09.178,1594,1412,1660,1501,1717,750,1451,1321,1637,1811
2025-05-20 22:08:09.378,1533,1381,1629,1487,1510,531,1517,1439,1614,1903
2025-05-20 22:08:09.578,1523,1427,1660,1495,1499,634,1451,1553,1542,1845
2025-05-20 22:08:09.778,1519,1465,1623,1491,1481,909,1455,1556,1509,1764
2025-05-20 22:08:09.978,1519,1447,1524,1479,1415,1286,1498,1484,1403,1615
2025-05-20 22:08:10.178,1541,1459,1309,1471,1390,1695,1353,1403,1354,1529
2025-05-20 22:08:10.378,1549,1519,1264,1476,1466,2075,1575,1293,1366,1513
2025-05-20 22:08:10.578,1548,1589,1315,1477,1234,2159,1557,1259,1369,1518
2025-05-20 22:08:10.778,1553,1685,1437,1461,1171,2105,1523,1239,1319,1513
2025-05-20 22:08:10.978,1487,1661,1571,1456,1264,1939,1559,1141,1121,1557
2025-05-20 22:08:11.178,1415,1607,1647,1449,1421,1851,1513,1079,719,1574
2025-05-20 22:08:11.378,1287,1611,1719,1450,1379,1863,1471,1147,364,1613
2025-05-20 22:08:11.578,1191,1640,1693,1450,1336,1887,1501,1293,276,1696
2025-05-20 22:08:11.778,1287,1605,1577,1428,1391,1835,1515,1431,557,1704
2025-05-20 22:08:11.978,1447,1647,1518,1427,1417,1733,1452,1580,1076,1654
2025-05-20 22:08:12.178,1573,1643,1495,1447,1391,1565,1437,1721,1753,1571
2025-05-20 22:08:12.378,1643,1627,1503,1472,1272,1479,1491,1807,2149,1461
2025-05-20 22:08:12.578,1687,1547,1512,1481,1341,1361,1471,1897,2203,1215
2025-05-20 22:08:12.778,1747,1573,1542,1470,1573,1362,1479,1929,2279,869
2025-05-20 22:08:12.978,1677,1515,1491,1491,1848,1366,1485,1854,2263,775
2025-05-20 22:08:13.178,1597,1544,1511,1485,2031,1356,1399,1595,2077,953
2025-05-20 22:08:13.378,1564,1465,1606,1491,1907,1401,1529,1369,1885,1437
2025-05-20 22:08:13.578,1530,1514,1625,1483,1770,1207,1438,1342,1749,1765
2025-05-20 22:08:13.778,1531,1495,1643,1463,1657,919,1515,1403,1685,1877
2025-05-20 22:08:13.978,1525,1432,1660,1469,1623,571,1459,1482,1625,1899
2025-05-20 22:08:14.178,1527,1445,1609,1463,1491,547,1467,1527,1676,1785
2025-05-20 22:08:14.378,1528,1367,1463,1460,1468,807,1565,1587,1663,1686
2025-05-20 22:08:14.578,1520,1433,1333,1447,1573,1177,1460,1617,1519,1533
2025-05-20 22:08:14.778,1553,1435,1242,1455,1478,1567,1510,1620,1335,1481
2025-05-20 22:08:14.978,1513,1479,1287,1450,1561,1865,1479,1576,1209,1440
2025-05-20 22:08:15.178,1449,1499,1436,1439,1513,2110,1437,1469,1183,1493
2025-05-20 22:08:15.378,1351,1437,1557,1449,1375,2101,1421,1427,1263,1516
2025-05-20 22:08:15.578,1195,1501,1641,1431,1150,1959,1561,1402,1428,1554
2025-05-20 22:08:15.778,1239,1671,1727,1419,1016,1865,1493,1173,1579,1607
2025-05-20 22:08:15.978,1387,1723,1677,1429,936,1861,1481,1175,1651,1699
2025-05-20 22:08:16.178,1527,1655,1576,1450,946,1806,1459,1279,1655,1737
2025-05-20 22:08:16.378,1620,1655,1528,1469,1203,1831,1463,1390,1545,1673
2025-05-20 22:08:16.578,1672,1682,1483,1477,1563,1779,1419,1517,1320,1589
2025-05-20 22:08:16.778,1720,1609,1510,1477,1711,1619,1401,1653,915,1479
2025-05-20 22:08:16.978,1709,1581,1484,1485,1909,1499,1427,1699,529,1298
2025-05-20 22:08:17.178,1626,1567,1500,1499,2004,1439,1520,1725,380,921
2025-05-20 22:08:17.378,1575,1566,1560,1491,1979,1357,1591,1735,611,751
2025-05-20 22:08:17.578,1549,1562,1611,1469,1944,1294,1547,1735,1341,869
2025-05-20 22:08:17.778,1548,1465,1572,1476,1835,1341,1447,1619,1779,1352
2025-05-20 22:08:17.979,1553,1468,1583,1477,1769,1395,1453,1417,1911,1733
2025-05-20 22:08:18.179,1529,1500,1662,1467,1679,1267,1498,1353,2087,1883
2025-05-20 22:08:18.379,1527,1499,1653,1451,1391,953,1491,1363,2213,1868
2025-05-20 22:08:18.579,1526,1465,1595,1456,1123,603,1413,1443,2198,1815
2025-05-20 22:08:18.779,1548,1483,1503,1451,1067,488,1455,1519,2043,1691
2025-05-20 22:08:18.979,1517,1499,1335,1455,1131,691,1385,1564,1883,1608
2025-05-20 22:08:19.179,1468,1515,1275,1442,1119,1064,1485,1530,1735,1471
2025-05-20 22:08:19.379,1404,1564,1303,1445,1246,1503,1572,1509,1643,1467
2025-05-20 22:08:19.579,1247,1513,1405,1421,1092,1910,1608,1421,1651,1445
2025-05-20 22:08:19.779,1195,1479,1576,1418,1224,2203,1395,1379,1635,1483
2025-05-20 22:08:19.979,1303,1524,1677,1437,1511,2153,1445,1253,1479,1546
2025-05-20 22:08:20.179,1456,1531,1658,1462,1771,2030,1607,1239,1311,1659
2025-05-20 22:08:20.379,1591,1530,1646,1484,1935,1896,1468,1146,1161,1727
2025-05-20 22:08:20.579,1646,1513,1583,1481,2005,1853,1396,1147,1139,1725
2025-05-20 22:08:20.779,1675,1559,1499,1484,1989,1837,1406,1241,1195,1659
2025-05-20 22:08:20.979,1723,1530,1483,1493,1939,1785,1435,1369,1295,1592
2025-05-20 22:08:21.179,1636,1587,1515,1496,1712,1780,1501,1507,1404,1509
2025-05-20 22:08:21.379,1568,1541,1519,1487,1507,1677,1468,1660,1499,1301
2025-05-20 22:08:21.579,1548,1527,1520,1491,1287,1501,1463,1768,1604,911
2025-05-20 22:08:21.779,1550,1491,1531,1469,1229,1433,1477,1846,1671,728
2025-05-20 22:08:21.979,1541,1514,1583,1465,1262,1391,1419,1899,1715,883
2025-05-20 22:08:22.179,1520,1439,1613,1477,1334,1354,1396,1845,1669,1379
2025-05-20 22:08:22.379,1523,1476,1619,1481,1461,1349,1544,1709,1581,1756
2025-05-20 22:08:22.579,1525,1563,1673,1467,1231,1359,1468,1497,1389,1875
2025-05-20 22:08:22.779,1531,1548,1645,1465,1052,1397,1503,1357,1131,1879
2025-05-20 22:08:22.979,1547,1571,1639,1451,1167,1115,1557,1381,845,1813
2025-05-20 22:08:23.179,1500,1510,1517,1446,1453,749,1549,1421,845,1661
2025-05-20 22:08:23.379,1469,1495,1319,1430,1739,568,1434,1481,1002,1624
2025-05-20 22:08:23.579,1406,1455,1260,1422,1883,637,1565,1561,1015,1526
2025-05-20 22:08:23.779,1271,1448,1331,1437,2039,940,1508,1583,1197,1429
2025-05-20 22:08:23.979,1267,1405,1433,1455,1945,1318,1495,1596,1555,1432
2025-05-20 22:08:24.179,1365,1429,1557,1479,1877,1647,1483,1558,1870,1495
2025-05-20 22:08:24.379,1487,1499,1701,1479,1573,2066,1429,1527,2131,1523
2025-05-20 22:08:24.579,1571,1437,1768,1479,1340,2205,1423,1485,2247,1566
2025-05-20 22:08:24.779,1641,1469,1693,1500,1263,2069,1560,1435,2189,1674
2025-05-20 22:08:24.979,1715,1483,1545,1506,1355,1951,1554,1295,2030,1752
2025-05-20 22:08:25.179,1683,1565,1516,1495,1449,1829,1324,1213,1849,1747
2025-05-20 22:08:25.379,1606,1553,1469,1492,1528,1817,1447,1207,1710,1683
2025-05-20 22:08:25.579,1604,1606,1515,1484,1609,1843,1528,1263,1469,1583
2025-05-20 22:08:25.779,1577,1633,1526,1481,1387,1823,1613,1359,1319,1343
2025-05-20 22:08:25.979,1555,1705,1584,1486,1240,1727,1507,1427,1199,965
2025-05-20 22:08:26.179,1516,1711,1588,1475,1229,1612,1511,1510,1171,731
2025-05-20 22:08:26.379,1487,1698,1574,1479,1373,1507,1607,1605,1237,793
2025-05-20 22:08:26.579,1465,1643,1625,1467,1575,1429,1461,1718,1337,1221
2025-05-20 22:08:26.779,1486,1635,1670,1465,1701,1353,1495,1749,1417,1685
2025-05-20 22:08:26.979,1524,1649,1673,1464,1869,1338,1369,1675,1449,1877
2025-05-20 22:08:27.179,1501,1669,1626,1461,1939,1368,1467,1467,1508,1913
2025-05-20 22:08:27.379,1467,1579,1560,1433,1743,1385,1527,1321,1547,1853
2025-05-20 22:08:27.579,1459,1500,1470,1432,1363,1127,1499,1275,1597,1721
2025-05-20 22:08:27.779,1446,1517,1310,1447,1388,846,1564,1311,1675,1655
2025-05-20 22:08:27.979,1341,1481,1304,1471,1387,551,1513,1267,1711,1497
2025-05-20 22:08:28.179,1301,1509,1287,1487,1481,564,1461,1086,1717,1483
2025-05-20 22:08:28.379,1365,1426,1500,1486,1609,851,1496,927,1687,1501
2025-05-20 22:08:28.579,1464,1423,1625,1493,1715,1240,1654,989,1643,1563
2025-05-20 22:08:28.779,1575,1479,1773,1507,1543,1703,1510,1279,1544,1567
2025-05-20 22:08:28.980,1671,1363,1843,1507,1319,2120,1464,1623,1501,1579
2025-05-20 22:08:29.180,1765,1451,1663,1501,1255,2315,1365,1909,1413,1582
2025-05-20 22:08:29.380,1712,1453,1497,1491,1331,2136,1419,2059,1212,1623
2025-05-20 22:08:29.580,1629,1479,1517,1485,1447,1932,1503,2085,1109,1737
2025-05-20 22:08:29.780,1579,1465,1499,1477,1703,1821,1511,2007,1091,1717
2025-05-20 22:08:29.980,1558,1555,1548,1481,1803,1867,1591,1933,1096,1659
2025-05-20 22:08:30.180,1544,1635,1520,1470,1883,1865,1514,1875,1112,1509
2025-05-20 22:08:30.380,1546,1745,1516,1471,1784,1827,1463,1747,1138,1105
2025-05-20 22:08:30.580,1549,1756,1606,1464,1445,1783,1511,1655,1175,794
2025-05-20 22:08:30.780,1571,1783,1607,1467,1353,1663,1464,1571,1291,741
2025-05-20 22:08:30.980,1591,1739,1661,1464,1276,1556,1604,1579,1385,1005
2025-05-20 22:08:31.180,1635,1679,1655,1446,1339,1471,1528,1597,1511,1543
2025-05-20 22:08:31.380,1589,1631,1677,1437,1543,1341,1421,1612,1453,1868
2025-05-20 22:08:31.580,1481,1607,1642,1447,1669,1323,1445,1587,1341,1945
2025-05-20 22:08:31.780,1430,1553,1542,1463,1661,1361,1597,1419,1517,1929
2025-05-20 22:08:31.980,1408,1563,1449,1486,1363,1373,1421,1225,1877,1818
2025-05-20 22:08:32.180,1305,1515,1269,1485,1255,1350,1448,1203,2195,1623
2025-05-20 22:08:32.380,1202,1507,1275,1486,1421,1053,1493,1289,2291,1557
2025-05-20 22:08:32.580,1258,1491,1437,1515,1567,717,1567,1369,2175,1499
2025-05-20 22:08:32.780,1389,1548,1526,1510,1643,529,1499,1449,1999,1468
2025-05-20 22:08:32.980,1523,1560,1690,1511,1790,703,1549,1485,1827,1497
2025-05-20 22:08:33.180,1634,1557,1715,1491,1957,1067,1449,1563,1702,1515
2025-05-20 22:08:33.380,1706,1523,1701,1491,1929,1469,1439,1499,1675,1559
2025-05-20 22:08:33.580,1677,1501,1572,1485,1670,1773,1595,1261,1651,1559
2025-05-20 22:08:33.780,1629,1495,1519,1491,1372,2103,1514,1005,1595,1563
2025-05-20 22:08:33.980,1574,1553,1567,1482,1327,2197,1477,1055,1517,1605
2025-05-20 22:08:34.180,1563,1533,1571,1486,1297,2043,1417,1367,1509,1711
2025-05-20 22:08:34.380,1561,1533,1523,1483,1253,1871,1530,1659,1561,1757
2025-05-20 22:08:34.580,1547,1544,1567,1477,1386,1847,1555,1692,1387,1651
2025-05-20 22:08:34.780,1547,1583,1608,1477,1567,1885,1575,1778,1227,1439
2025-05-20 22:08:34.980,1557,1549,1592,1467,1305,1827,1501,1919,1179,998
2025-05-20 22:08:35.180,1574,1583,1628,1437,1340,1821,1529,1891,1213,761
2025-05-20 22:08:35.380,1605,1549,1693,1437,1501,1699,1493,1756,1326,827
2025-05-20 22:08:35.580,1579,1589,1674,1458,1641,1563,1625,1656,1448,1215
2025-05-20 22:08:35.780,1507,1527,1709,1471,1769,1523,1523,1557,1530,1707
2025-05-20 22:08:35.980,1466,1564,1623,1495,1867,1417,1543,1557,1625,1911
2025-05-20 22:08:36.180,1452,1575,1567,1491,1933,1426,1379,1619,1683,1941
2025-05-20 22:08:36.380,1419,1507,1373,1501,1973,1355,1579,1621,1652,1893
2025-05-20 22:08:36.580,1320,1563,1247,1520,1823,1383,1542,1519,1557,1685
2025-05-20 22:08:36.780,1304,1591,1269,1528,1548,1303,1496,1289,1445,1583
2025-05-20 22:08:36.980,1381,1583,1489,1508,1293,1055,1511,1229,1228,1528
2025-05-20 22:08:37.180,1485,1588,1663,1515,1235,735,1587,1259,959,1498
2025-05-20 22:08:37.380,1563,1495,1755,1508,1207,563,1645,1319,737,1503
2025-05-20 22:08:37.580,1629,1571,1757,1496,1320,617,1439,1401,629,1508
2025-05-20 22:08:37.780,1670,1627,1701,1496,1405,937,1684,1353,751,1575
2025-05-20 22:08:37.980,1583,1605,1545,1491,1369,1353,1463,1059,1080,1593
2025-05-20 22:08:38.180,1566,1608,1500,1483,1229,1817,1595,937,1523,1589
2025-05-20 22:08:38.380,1558,1515,1477,1487,1467,2217,1583,1063,2037,1577
2025-05-20 22:08:38.580,1560,1513,1531,1482,1685,2271,1512,1307,2405,1605
2025-05-20 22:08:38.780,1565,1378,1593,1469,1783,2153,1571,1501,2441,1759
2025-05-20 22:08:38.980,1581,1417,1614,1454,1927,1946,1509,1727,2311,1719
2025-05-20 22:08:39.180,1582,1450,1610,1439,1975,1895,1385,1839,2125,1615
2025-05-20 22:08:39.380,1606,1493,1647,1449,1919,1945,1513,1846,2171,1365
2025-05-20 22:08:39.580,1629,1553,1675,1465,1837,1941,1612,1915,2014,931
2025-05-20 22:08:39.780,1567,1583,1625,1494,1715,1879,1561,1932,1737,773
2025-05-20 22:08:39.981,1513,1524,1656,1493,1467,1759,1581,1893,1453,909
2025-05-20 22:08:40.181,1465,1588,1650,1501,1247,1622,1527,1832,1303,1389
2025-05-20 22:08:40.381,1419,1619,1624,1514,1273,1463,1435,1741,1273,1791
2025-05-20 22:08:40.581,1390,1659,1417,1517,1301,1335,1692,1669,1318,1932
2025-05-20 22:08:40.781,1365,1657,1301,1509,1321,1343,1558,1647,1395,1943
2025-05-20 22:08:40.981,1364,1656,1380,1516,1361,1384,1517,1564,1481,1871
2025-05-20 22:08:41.181,1423,1707,1403,1507,1327,1369,1507,1465,1563,1623
2025-05-20 22:08:41.381,1497,1749,1531,1502,1405,1413,1571,1298,1663,1517
2025-05-20 22:08:41.581,1579,1651,1628,1495,1607,1241,1567,1227,1643,1513
2025-05-20 22:08:41.781,1636,1673,1751,1501,1863,952,1460,1255,1541,1502
2025-05-20 22:08:41.981,1663,1613,1759,1497,1915,633,1469,1379,1415,1542
2025-05-20 22:08:42.181,1623,1605,1656,1497,1961,659,1691,1397,1333,1577
2025-05-20 22:08:42.381,1583,1591,1626,1481,1911,875,1555,1238,1261,1599
2025-05-20 22:08:42.581,1555,1572,1621,1483,1837,1229,1471,969,1267,1606
2025-05-20 22:08:42.781,1544,1493,1513,1471,1822,1588,1565,915,1377,1589
2025-05-20 22:08:42.981,1540,1511,1557,1453,1748,1981,1559,1119,1469,1608
2025-05-20 22:08:43.181,1547,1452,1567,1447,1447,2211,1516,1391,1483,1656
2025-05-20 22:08:43.381,1558,1455,1582,1461,1205,2159,1725,1597,1374,1765
2025-05-20 22:08:43.581,1587,1453,1556,1479,1207,1991,1420,1783,1128,1679
2025-05-20 22:08:43.781,1549,1461,1659,1497,1188,1884,1589,1870,907,1548
2025-05-20 22:08:43.981,1509,1507,1641,1503,1229,1917,1642,1871,829,1257
2025-05-20 22:08:44.181,1483,1583,1623,1516,1261,1939,1415,1926,1075,863
2025-05-20 22:08:44.381,1444,1545,1711,1520,1273,1867,1590,1881,1483,767
2025-05-20 22:08:44.581,1443,1635,1699,1520,1483,1785,1701,1763,1939,981
2025-05-20 22:08:44.781,1416,1750,1625,1517,1823,1676,1615,1718,2152,1495
2025-05-20 22:08:44.981,1392,1751,1437,1502,1881,1565,1595,1661,2602,1845
2025-05-20 22:08:45.181,1401,1736,1357,1513,1979,1469,1479,1660,2601,1965
2025-05-20 22:08:45.381,1449,1748,1321,1510,1980,1429,1551,1699,2234,1961
2025-05-20 22:08:45.581,1525,1719,1419,1506,1959,1401,1559,1658,1896,1847
2025-05-20 22:08:45.781,1576,1677,1567,1515,1893,1416,1560,1479,1613,1599
2025-05-20 22:08:45.981,1664,1672,1673,1497,1799,1327,1577,1288,1485,1524
2025-05-20 22:08:46.181,1639,1580,1734,1494,1689,1125,1461,1231,1449,1513
2025-05-20 22:08:46.381,1597,1533,1785,1496,1431,905,1555,1295,1481,1511
2025-05-20 22:08:46.581,1574,1579,1688,1493,1227,655,1583,1439,1527,1541
2025-05-20 22:08:46.783,1561,1573,1642,1464,1211,568,1559,1692,1575,1572
2025-05-20 22:08:46.983,1547,1553,1593,1445,1187,821,1619,1779,1701,1597
2025-05-20 22:08:47.183,1545,1551,1523,1452,1211,1239,1628,1607,1643,1609
2025-05-20 22:08:47.383,1563,1571,1587,1481,1133,1755,1557,1307,1491,1615
2025-05-20 22:08:47.583,1597,1567,1574,1503,1309,2168,1501,1022,1372,1612
2025-05-20 22:08:47.783,1578,1588,1619,1512,1588,2387,1595,951,1268,1707
2025-05-20 22:08:47.983,1513,1623,1661,1515,1725,2275,1507,1191,1261,1762
2025-05-20 22:08:48.183,1464,1546,1676,1528,2023,2024,1511,1222,1341,1687
2025-05-20 22:08:48.383,1427,1586,1679,1543,2057,1919,1660,1365,1423,1523
2025-05-20 22:08:48.583,1433,1545,1683,1531,1956,1949,1658,1661,1511,1188
2025-05-20 22:08:48.783,1461,1545,1715,1532,1957,1948,1529,1821,1517,853
2025-05-20 22:08:48.983,1483,1581,1629,1523,1749,1876,1524,1854,1531,787
2025-05-20 22:08:49.183,1503,1529,1580,1503,1703,1803,1468,1831,1559,1078
2025-05-20 22:08:49.383,1509,1559,1369,1510,1691,1678,1533,1752,1497,1583
2025-05-20 22:08:49.583,1497,1509,1353,1509,1531,1572,1571,1672,1301,1882
2025-05-20 22:08:49.783,1499,1542,1289,1503,1320,1448,1678,1690,1035,1976
2025-05-20 22:08:49.983,1499,1629,1417,1501,1187,1397,1422,1753,841,1955
2025-05-20 22:08:50.183,1613,1619,1557,1496,1053,1384,1605,1737,876,1735
2025-05-20 22:08:50.383,1604,1595,1641,1493,1177,1367,1553,1577,1195,1561
2025-05-20 22:08:50.583,1547,1583,1735,1485,1149,1437,1639,1378,1673,1523
2025-05-20 22:08:50.783,1527,1551,1788,1455,1290,1337,1544,1316,2183,1523
2025-05-20 22:08:50.983,1527,1575,1711,1445,1547,1081,1559,1341,2469,1549
2025-05-20 22:08:51.184,1527,1619,1635,1469,1773,745,1531,1437,2620,1567
2025-05-20 22:08:51.384,1563,1592,1579,1493,2005,617,1353,1511,2589,1597
2025-05-20 22:08:51.584,1599,1524,1558,1509,2075,733,1619,1562,2325,1589
2025-05-20 22:08:51.784,1564,1546,1557,1511,1977,1071,1582,1651,1981,1595
2025-05-20 22:08:51.984,1498,1543,1582,1525,1899,1469,1489,1711,1679,1591
2025-05-20 22:08:52.184,1448,1586,1571,1545,1851,1820,1609,1631,1439,1608
2025-05-20 22:08:52.384,1433,1516,1629,1523,1745,2171,1556,1541,1315,1705
2025-05-20 22:08:52.584,1464,1593,1627,1533,1591,2231,1653,1339,1317,1739
2025-05-20 22:08:52.784,1497,1567,1659,1516,1507,2102,1577,1216,1385,1629
2025-05-20 22:08:52.984,1527,1599,1656,1515,1307,1930,1609,1215,1415,1477
2025-05-20 22:08:53.184,1531,1607,1679,1507,1183,1939,1596,1206,1359,1048
2025-05-20 22:08:53.382,1546,1598,1639,1501,1144,1944,1509,1328,1291,783
2025-05-20 22:08:53.582,1548,1562,1639,1499,1097,1900,1513,1529,1269,831
2025-05-20 22:08:53.782,1529,1541,1483,1495,959,1863,1439,1707,1285,1243
2025-05-20 22:08:53.982,1595,1501,1319,1497,1133,1721,1548,1818,1355,1721
2025-05-20 22:08:54.182,1572,1456,1343,1501,1527,1589,1745,1815,1414,1903
2025-05-20 22:08:54.382,1541,1415,1383,1481,1902,1451,1503,1803,1469,1967
2025-05-20 22:08:54.582,1517,1446,1495,1459,1975,1421,1592,1776,1485,1941
2025-05-20 22:08:54.782,1523,1449,1631,1447,2029,1367,1573,1755,1327,1661
2025-05-20 22:08:54.982,1525,1517,1757,1461,1997,1382,1525,1669,1001,1527
2025-05-20 22:08:55.182,1556,1465,1783,1483,2009,1366,1515,1491,599,1502
2025-05-20 22:08:55.382,1519,1563,1734,1501,1881,1279,1467,1299,485,1543
2025-05-20 22:08:55.582,1486,1583,1578,1509,1701,1066,1351,1251,716,1562
2025-05-20 22:08:55.782,1467,1589,1551,1511,1657,711,1657,1354,1195,1593
2025-05-20 22:08:55.983,1438,1613,1570,1527,1471,503,1727,1483,1752,1608
2025-05-20 22:08:56.183,1446,1627,1522,1526,1256,652,1483,1577,2140,1619
2025-05-20 22:08:56.383,1463,1693,1551,1527,1140,1043,1582,1633,2573,1596
2025-05-20 22:08:56.583,1491,1672,1587,1515,1133,1523,1594,1624,2911,1609
2025-05-20 22:08:56.783,1493,1719,1607,1512,1092,1920,1389,1583,2729,1627
2025-05-20 22:08:56.983,1484,1705,1625,1502,965,2259,1578,1525,2415,1717
2025-05-20 22:08:57.183,1482,1683,1647,1499,1115,2291,1593,1493,2117,1691
2025-05-20 22:08:57.383,1481,1663,1702,1498,1467,2110,1543,1375,1919,1559
2025-05-20 22:08:57.583,1547,1579,1679,1506,1816,1983,1531,1295,1815,1343
2025-05-20 22:08:57.783,1635,1499,1658,1498,2065,1916,1568,1227,1745,951
2025-05-20 22:08:57.983,1599,1447,1579,1495,2121,1941,1514,1179,1701,795
2025-05-20 22:08:58.183,1575,1414,1554,1485,2213,1883,1543,1197,1741,941
2025-05-20 22:08:58.383,1559,1476,1355,1481,2099,1819,1618,1255,1770,1401
2025-05-20 22:08:58.583,1568,1471,1325,1453,1907,1715,1447,1306,1619,1811
2025-05-20 22:08:58.783,1588,1467,1311,1449,1677,1613,1560,1433,1405,1957
2025-05-20 22:08:58.983,1590,1557,1389,1477,1565,1415,1685,1571,1173,1993
2025-05-20 22:08:59.184,1557,1611,1621,1491,1422,1357,1399,1745,1051,1821
2025-05-20 22:08:59.384,1513,1626,1752,1502,1273,1371,1508,1861,1055,1597
2025-05-20 22:08:59.584,1497,1657,1736,1507,1207,1373,1623,1813,1108,1516
2025-05-20 22:08:59.784,1471,1707,1733,1515,1229,1384,1547,1630,995,1519
2025-05-20 22:08:59.984,1477,1727,1670,1524,1041,1421,1642,1529,631,1559
2025-05-20 22:09:00.183,1495,1741,1588,1512,955,1311,1557,1575,185,1567
2025-05-20 22:09:00.386,1516,1671,1533,1525,1092,982,1527,1651,115,1589
2025-05-20 22:09:00.584,1527,1661,1566,1506,1449,723,1573,1644,503,1596
2025-05-20 22:09:00.784,1515,1589,1561,1496,1791,676,1520,1681,1099,1613
2025-05-20 22:09:00.984,1526,1589,1532,1503,2072,861,1571,1659,1719,1606
2025-05-20 22:09:01.184,1557,1543,1571,1499,2173,1192,1555,1657,2223,1603
2025-05-20 22:09:01.384,1609,1495,1529,1503,2245,1575,1605,1605,2469,1639
2025-05-20 22:09:01.584,1574,1479,1643,1495,2155,2001,1469,1559,2809,1734
2025-05-20 22:09:01.784,1533,1516,1622,1499,1904,2157,1516,1497,2777,1671
2025-05-20 22:09:01.984,1529,1579,1675,1493,1679,2165,1415,1439,2463,1545
2025-05-20 22:09:02.184,1530,1599,1727,1479,1480,2024,1613,1317,2137,1277
2025-05-20 22:09:02.384,1543,1529,1625,1451,1277,1964,1595,1269,1911,871
2025-05-20 22:09:02.584,1559,1555,1561,1449,1145,1913,1499,1292,1775,781
2025-05-20 22:09:02.784,1524,1594,1560,1461,1245,1882,1749,1291,1688,1033
2025-05-20 22:09:02.984,1485,1563,1309,1482,1183,1845,1737,1391,1623,1529
2025-05-20 22:09:03.184,1462,1565,1319,1507,1087,1805,1637,1456,1592,1871
2025-05-20 22:09:03.384,1423,1528,1333,1503,1082,1653,1525,1605,1587,1971
2025-05-20 22:09:03.584,1407,1564,1477,1509,1131,1531,1397,1661,1614,1991
2025-05-20 22:09:03.784,1373,1580,1587,1518,1419,1433,1494,1663,1583,1751
2025-05-20 22:09:03.984,1327,1515,1711,1524,1759,1395,1605,1677,1545,1559
2025-05-20 22:09:04.184,1317,1558,1717,1512,1995,1371,1575,1599,1514,1495
2025-05-20 22:09:04.384,1387,1587,1741,1506,2201,1397,1455,1455,1503,1515
2025-05-20 22:09:04.584,1517,1546,1696,1499,2175,1397,1383,1397,1465,1554
2025-05-20 22:09:04.784,1639,1565,1591,1497,2078,1171,1557,1427,1447,1587
2025-05-20 22:09:04.984,1709,1565,1567,1492,1771,909,1645,1485,1288,1577
2025-05-20 22:09:05.184,1673,1597,1499,1493,1527,573,1483,1525,931,1607
2025-05-20 22:09:05.384,1643,1529,1587,1492,1258,473,1523,1581,493,1595
2025-05-20 22:09:05.584,1627,1583,1544,1491,1192,733,1471,1669,243,1595
2025-05-20 22:09:05.784,1609,1531,1455,1483,1223,1183,1506,1599,335,1597
2025-05-20 22:09:05.984,1596,1513,1541,1483,1127,1695,1449,1423,824,1675
2025-05-20 22:09:06.184,1605,1561,1547,1455,1229,2133,1571,1163,1437,1715
2025-05-20 22:09:06.384,1605,1553,1627,1445,1259,2350,1399,947,2059,1621
2025-05-20 22:09:06.584,1599,1547,1671,1448,1109,2249,1597,1000,2223,1479
2025-05-20 22:09:06.784,1573,1571,1683,1470,1179,2105,1468,1253,2311,1125
2025-05-20 22:09:06.984,1533,1499,1661,1495,1375,2069,1523,1384,2319,793
2025-05-20 22:09:07.184,1492,1565,1562,1501,1739,2005,1621,1625,2207,821
2025-05-20 22:09:07.384,1451,1587,1522,1493,2035,1938,1370,1836,2032,1158
2025-05-20 22:09:07.584,1449,1593,1385,1511,2188,1839,1554,1943,1863,1655
2025-05-20 22:09:07.784,1463,1509,1239,1513,2131,1755,1580,1941,1747,1890
2025-05-20 22:09:07.984,1479,1525,1292,1511,1811,1587,1493,1867,1689,1981
2025-05-20 22:09:08.184,1495,1479,1415,1499,1513,1515,1615,1817,1693,1913
2025-05-20 22:09:08.384,1483,1557,1571,1492,1371,1373,1503,1815,1768,1651
2025-05-20 22:09:08.584,1352,1531,1663,1481,1277,1309,1494,1851,1703,1525
2025-05-20 22:09:08.784,1416,1497,1727,1470,1427,1293,1527,1769,1464,1511
2025-05-20 22:09:08.984,1467,1565,1763,1477,1299,1369,1560,1561,1310,1529
2025-05-20 22:09:09.184,1514,1620,1672,1479,1320,1375,1565,1319,1200,1541
2025-05-20 22:09:09.384,1549,1550,1593,1481,1171,1341,1530,1245,1231,1563
2025-05-20 22:09:09.584,1563,1556,1499,1471,1129,1099,1501,1303,1343,1587
2025-05-20 22:09:09.784,1609,1480,1493,1469,1157,743,1551,1388,1480,1608
2025-05-20 22:09:09.984,1617,1500,1465,1467,1406,583,1567,1448,1639,1593
2025-05-20 22:09:10.184,1621,1463,1518,1437,1619,691,1548,1513,1683,1563
2025-05-20 22:09:10.384,1596,1465,1519,1443,1947,1021,1515,1577,1605,1578
2025-05-20 22:09:10.584,1557,1380,1550,1455,2122,1429,1515,1549,1293,1693
2025-05-20 22:09:10.784,1525,1383,1593,1481,2172,1767,1517,1429,847,1676
2025-05-20 22:09:10.984,1509,1429,1593,1492,1695,2079,1557,1294,437,1556
2025-05-20 22:09:11.184,1529,1503,1643,1485,1451,2109,1463,1138,326,1419
2025-05-20 22:09:11.384,1527,1509,1679,1495,1223,2075,1647,1065,664,1013
2025-05-20 22:09:11.584,1508,1551,1648,1511,1204,2037,1354,1177,1525,775
2025-05-20 22:09:11.784,1483,1564,1625,1507,1303,2011,1449,1337,1931,855
2025-05-20 22:09:11.984,1452,1583,1559,1495,1301,1965,1455,1507,2079,1273
2025-05-20 22:09:12.184,1450,1647,1267,1479,1291,1822,1607,1695,2217,1753
2025-05-20 22:09:12.384,1472,1598,1226,1479,1211,1799,1557,1831,2309,1917
2025-05-20 22:09:12.584,1436,1661,1301,1479,1239,1621,1463,1854,2212,1975
2025-05-20 22:09:12.784,1381,1613,1427,1477,1419,1481,1581,1772,2035,1837
2025-05-20 22:09:12.984,1370,1631,1572,1477,1671,1415,1414,1703,1863,1597
2025-05-20 22:09:13.184,1400,1597,1693,1469,1843,1333,1581,1692,1737,1481
2025-05-20 22:09:13.384,1453,1619,1755,1469,2008,1319,1527,1618,1689,1483
2025-05-20 22:09:13.584,1531,1483,1733,1463,2099,1383,1461,1467,1705,1519
2025-05-20 22:09:13.784,1583,1479,1673,1463,2025,1309,1529,1277,1703,1525
2025-05-20 22:09:13.984,1636,1439,1573,1439,1739,1077,1497,1237,1525,1567
2025-05-20 22:09:14.184,1619,1492,1452,1439,1213,891,1589,1293,1285,1580
2025-05-20 22:09:14.384,1561,1543,1439,1450,1063,615,1459,1397,1175,1579
2025-05-20 22:09:14.584,1449,1584,1481,1467,979,463,1447,1477,1129,1577
2025-05-20 22:09:14.784,1453,1625,1471,1483,1140,651,1487,1467,1181,1577
2025-05-20 22:09:14.984,1557,1579,1491,1487,1304,1100,1491,1405,1305,1629
2025-05-20 22:09:15.184,1651,1661,1522,1486,1189,1605,1403,1371,1437,1714
2025-05-20 22:09:15.384,1671,1693,1610,1491,1141,2036,1468,1255,1543,1645
2025-05-20 22:09:15.584,1636,1613,1621,1500,1339,2336,1439,1180,1671,1502
2025-05-20 22:09:15.784,1586,1597,1640,1495,1635,2285,1569,1166,1718,1297
2025-05-20 22:09:15.984,1547,1581,1675,1487,1881,2118,1501,1351,1685,903
2025-05-20 22:09:16.184,1525,1560,1588,1471,2036,2040,1470,1549,1527,723
2025-05-20 22:09:16.384,1531,1545,1599,1477,2068,2013,1469,1657,1229,917
2025-05-20 22:09:16.584,1497,1547,1501,1477,1989,1891,1463,1782,851,1433
2025-05-20 22:09:16.784,1463,1494,1275,1465,2024,1847,1515,1839,547,1807
2025-05-20 22:09:16.984,1461,1465,1272,1464,1661,1772,1487,1807,671,1927
2025-05-20 22:09:17.184,1468,1500,1307,1465,1235,1586,1513,1769,1115,1973
2025-05-20 22:09:17.384,1485,1485,1430,1465,981,1421,1481,1714,1264,1763
2025-05-20 22:09:17.584,1513,1493,1581,1462,926,1362,1517,1707,1523,1561
2025-05-20 22:09:17.784,1533,1543,1741,1445,1003,1272,1495,1675,1829,1479
2025-05-20 22:09:17.985,1573,1525,1807,1435,1145,1273,1453,1607,2108,1505
2025-05-20 22:09:18.185,1479,1517,1726,1442,1085,1318,1515,1435,2303,1523
2025-05-20 22:09:18.385,1255,1518,1683,1476,1269,1343,1485,1293,2267,1553
2025-05-20 22:09:18.585,967,1528,1657,1481,1624,1311,1591,1263,2100,1579
2025-05-20 22:09:18.785,973,1467,1571,1485,1861,1036,1384,1315,1915,1597
2025-05-20 22:09:18.985,1295,1543,1561,1487,2119,691,1507,1432,1772,1592
2025-05-20 22:09:19.185,1679,1560,1469,1496,2057,591,1507,1647,1695,1579
2025-05-20 22:09:19.385,1847,1528,1372,1500,2021,684,1543,1751,1530,1577
2025-05-20 22:09:19.585,1821,1491,1435,1490,1947,953,1352,1689,1339,1677
2025-05-20 22:09:19.785,1787,1497,1465,1481,1791,1327,1454,1575,1193,1687
2025-05-20 22:09:19.985,1737,1541,1551,1480,1661,1735,1609,1419,1133,1589
2025-05-20 22:09:20.185,1704,1462,1514,1480,1299,2038,1583,1278,1171,1459
2025-05-20 22:09:20.385,1629,1543,1612,1471,1001,2164,1531,1113,1263,1081
2025-05-20 22:09:20.585,1561,1525,1657,1466,799,2088,1563,980,1378,743
2025-05-20 22:09:20.785,1513,1529,1643,1461,851,2123,1736,1005,1449,779
2025-05-20 22:09:20.985,1493,1581,1597,1469,1041,2063,1429,1170,1509,1147
2025-05-20 22:09:21.185,1493,1500,1526,1463,1243,1925,1437,1374,1613,1655
2025-05-20 22:09:21.385,1497,1526,1305,1459,1596,1881,1433,1563,1688,1898
2025-05-20 22:09:21.585,1520,1527,1253,1453,1785,1767,1414,1675,1735,1973
2025-05-20 22:09:21.785,1544,1551,1311,1435,1977,1579,1413,1780,1717,1948
2025-05-20 22:09:21.985,1563,1513,1460,1439,2085,1431,1516,1851,1640,1662
2025-05-20 22:09:22.185,1609,1571,1599,1452,2087,1368,1364,1903,1567,1507
2025-05-20 22:09:22.385,1620,1507,1700,1467,1911,1295,1487,1868,1427,1469
2025-05-20 22:09:22.585,1437,1509,1694,1484,1779,1307,1436,1738,1255,1487
2025-05-20 22:09:22.785,1189,1575,1709,1485,1737,1324,1637,1515,1222,1509
2025-05-20 22:09:22.985,1085,1530,1682,1486,1703,1235,1596,1375,879,1531
2025-05-20 22:09:23.185,1258,1472,1582,1493,1430,1067,1581,1343,627,1555
2025-05-20 22:09:23.385,1517,1559,1519,1491,981,803,1437,1381,714,1579
2025-05-20 22:09:23.585,1684,1491,1455,1487,505,557,1391,1455,925,1561
2025-05-20 22:09:23.785,1709,1523,1497,1467,403,483,1449,1513,1229,1563
2025-05-20 22:09:23.985,1657,1547,1454,1477,459,719,1415,1531,1663,1563
2025-05-20 22:09:24.185,1637,1489,1501,1471,1107,1193,1469,1589,2018,1693
2025-05-20 22:09:24.385,1679,1555,1520,1471,1531,1661,1445,1587,2227,1685
2025-05-20 22:09:24.585,1627,1571,1544,1468,1773,2102,1583,1584,2261,1579
2025-05-20 22:09:24.785,1551,1553,1575,1463,1847,2293,1468,1533,2117,1237
2025-05-20 22:09:24.985,1497,1527,1624,1460,2071,2265,1483,1496,1903,803
2025-05-20 22:09:25.185,1467,1495,1683,1456,2091,2119,1426,1320,1718,717
2025-05-20 22:09:25.385,1487,1493,1612,1451,1973,2079,1415,1239,1533,949
2025-05-20 22:09:25.585,1495,1563,1533,1443,1853,2024,1560,1213,1339,1496
2025-05-20 22:09:25.785,1520,1549,1332,1431,1671,1960,1430,1229,1307,1881
2025-05-20 22:09:25.985,1544,1501,1261,1450,1657,1801,1436,1307,1361,1957
2025-05-20 22:09:26.185,1560,1529,1266,1460,1557,1647,1523,1397,1402,1979
2025-05-20 22:09:26.385,1567,1493,1387,1477,1159,1511,1529,1459,1495,1787
2025-05-20 22:09:26.585,1516,1491,1579,1482,681,1451,1571,1572,1597,1545
2025-05-20 22:09:26.785,1379,1519,1683,1481,616,1337,1529,1685,1676,1460
2025-05-20 22:09:26.985,1275,1487,1709,1491,665,1255,1562,1653,1711,1451
2025-05-20 22:09:27.185,1241,1423,1723,1495,1145,1235,1443,1553,1669,1487
2025-05-20 22:09:27.385,1388,1369,1678,1489,1627,1268,1519,1391,1577,1515
2025-05-20 22:09:27.585,1595,1367,1577,1483,1911,1336,1432,1287,1487,1529
2025-05-20 22:09:27.785,1687,1425,1479,1471,2003,1175,1529,1261,1374,1565
2025-05-20 22:09:27.985,1683,1447,1495,1479,2025,980,1387,1303,1335,1567
2025-05-20 22:09:28.185,1658,1518,1454,1465,1910,681,1501,1423,1417,1559
2025-05-20 22:09:28.385,1623,1512,1467,1461,1718,583,1603,1571,1351,1548
2025-05-20 22:09:28.585,1636,1527,1452,1467,1657,697,1341,1673,1183,1587
2025-05-20 22:09:28.785,1589,1561,1501,1461,1679,973,1385,1750,1149,1695
2025-05-20 22:09:28.985,1517,1579,1607,1465,1831,1391,1525,1797,1235,1654
2025-05-20 22:09:29.185,1492,1617,1617,1463,1787,1798,1390,1823,1327,1468
2025-05-20 22:09:29.385,1481,1679,1673,1452,1658,2089,1387,1773,1383,973
2025-05-20 22:09:29.585,1479,1679,1673,1435,967,2139,1481,1611,1331,703
2025-05-20 22:09:29.785,1512,1643,1558,1435,503,2151,1613,1528,1241,793
2025-05-20 22:09:29.985,1528,1615,1497,1455,455,2150,1438,1546,1110,1237
2025-05-20 22:09:30.185,1563,1685,1321,1470,791,2105,1523,1518,924,1749
2025-05-20 22:09:30.385,1572,1609,1263,1484,1503,1988,1438,1498,883,1934
2025-05-20 22:09:30.585,1571,1564,1291,1483,1885,1849,1592,1439,715,1977
2025-05-20 22:09:30.785,1453,1570,1493,1487,1943,1719,1507,1447,764,1880
2025-05-20 22:09:30.985,1303,1549,1619,1493,2107,1559,1465,1467,1239,1619
2025-05-20 22:09:31.185,1214,1605,1735,1495,1939,1373,1417,1491,1819,1477
2025-05-20 22:09:31.385,1247,1525,1775,1491,1899,1253,1533,1581,2313,1463
2025-05-20 22:09:31.585,1439,1533,1773,1489,1931,1271,1467,1575,2565,1499
2025-05-20 22:09:31.785,1611,1589,1639,1478,1881,1299,1557,1476,2477,1505
2025-05-20 22:09:31.985,1682,1525,1525,1469,1851,1291,1529,1317,2329,1542
2025-05-20 22:09:32.185,1686,1517,1461,1468,1877,1109,1579,1241,2201,1565
2025-05-20 22:09:32.385,1659,1591,1493,1468,1866,896,1435,1285,2035,1576
2025-05-20 22:09:32.585,1691,1541,1501,1465,1655,695,1497,1381,1863,1561
2025-05-20 22:09:32.785,1637,1591,1463,1467,1222,526,1468,1421,1757,1567
2025-05-20 22:09:32.985,1549,1531,1477,1454,731,541,1309,1444,1815,1551
2025-05-20 22:09:33.185,1485,1503,1545,1455,669,892,1303,1515,1608,1673
2025-05-20 22:09:33.385,1465,1471,1604,1438,800,1390,1401,1607,1401,1683
2025-05-20 22:09:33.585,1469,1527,1646,1431,1429,1925,1650,1628,1253,1587
2025-05-20 22:09:33.785,1491,1525,1659,1448,1675,2285,1608,1611,1165,1295
2025-05-20 22:09:33.985,1513,1514,1625,1471,1830,2347,1529,1543,1207,815
2025-05-20 22:09:34.185,1525,1491,1573,1483,1929,2173,1483,1373,1297,700
2025-05-20 22:09:34.385,1559,1545,1422,1491,1943,2165,1544,1199,1379,937
2025-05-20 22:09:34.585,1559,1567,1323,1493,1945,2111,1460,999,1449,1479
2025-05-20 22:09:34.785,1493,1507,1256,1500,1997,2005,1485,997,1573,1887
2025-05-20 22:09:34.985,1339,1493,1363,1507,1839,1911,1396,1151,1711,1963
2025-05-20 22:09:35.185,1279,1545,1484,1491,1816,1763,1801,1367,1637,1959
2025-05-20 22:09:35.385,1243,1544,1669,1483,1865,1615,1547,1547,1494,1769
2025-05-20 22:09:35.585,1379,1555,1751,1479,1845,1447,1467,1771,1293,1581
2025-05-20 22:09:35.785,1559,1565,1844,1479,1719,1327,1429,1961,1131,1500
2025-05-20 22:09:35.985,1672,1529,1726,1479,1167,1261,1479,2075,901,1493
2025-05-20 22:09:36.185,1691,1513,1599,1477,759,1253,1593,2031,663,1519
2025-05-20 22:09:36.385,1678,1546,1487,1477,661,1277,1483,1823,531,1529
2025-05-20 22:09:36.585,1691,1497,1481,1471,918,1357,1399,1502,662,1570
2025-05-20 22:09:36.785,1693,1571,1445,1465,1513,1339,1528,1375,1001,1583
2025-05-20 22:09:36.985,1608,1581,1484,1465,1628,1050,1459,1337,1527,1612
2025-05-20 22:09:37.185,1513,1554,1576,1449,1887,800,1417,1401,2017,1589
2025-05-20 22:09:37.385,1479,1521,1591,1439,1950,626,1456,1463,2231,1565
2025-05-20 22:09:37.585,1479,1553,1645,1446,2071,601,1603,1436,2327,1607
2025-05-20 22:09:37.785,1495,1555,1629,1465,1981,837,1465,1496,2328,1686
2025-05-20 22:09:37.985,1517,1517,1740,1491,1829,1255,1498,1531,2462,1629
2025-05-20 22:09:38.185,1527,1525,1619,1483,1800,1669,1493,1525,2277,1451
2025-05-20 22:09:38.385,1543,1555,1607,1494,1701,2025,1471,1529,1835,979
2025-05-20 22:09:38.585,1547,1573,1406,1502,1819,2207,1501,1513,1481,729
2025-05-20 22:09:38.785,1556,1594,1303,1507,1723,2191,1640,1485,1293,776
2025-05-20 22:09:38.985,1455,1573,1262,1501,1589,2203,1613,1495,1209,1171
2025-05-20 22:09:39.185,1311,1571,1343,1496,1141,2127,1500,1383,1233,1721
2025-05-20 22:09:39.385,1223,1527,1455,1483,863,2022,1499,1327,1327,1965
2025-05-20 22:09:39.585,1225,1559,1643,1480,725,1951,1555,1299,1429,1989
2025-05-20 22:09:39.785,1401,1513,1799,1481,939,1813,1498,1244,1501,1836
2025-05-20 22:09:39.985,1593,1531,1839,1482,1437,1620,1443,1305,1671,1624
2025-05-20 22:09:40.185,1671,1514,1695,1486,1611,1483,1575,1405,1733,1558
2025-05-20 22:09:40.385,1687,1529,1563,1480,1797,1317,1427,1497,1573,1531
2025-05-20 22:09:40.585,1591,1597,1505,1469,1839,1307,1352,1587,1426,1513
2025-05-20 22:09:40.785,1637,1553,1500,1468,1879,1237,1607,1559,1272,1515
2025-05-20 22:09:40.985,1605,1561,1502,1453,1899,1290,1451,1421,1230,1547
2025-05-20 22:09:41.185,1545,1556,1508,1439,1789,1161,1445,1277,1241,1567
2025-05-20 22:09:41.385,1517,1509,1564,1447,1727,916,1544,1193,1259,1581
2025-05-20 22:09:41.585,1511,1545,1526,1468,1785,824,1447,1236,1099,1595
2025-05-20 22:09:41.785,1525,1567,1560,1479,1833,639,1599,1413,788,1573
2025-05-20 22:09:41.985,1533,1555,1610,1487,1683,540,1686,1657,523,1619
2025-05-20 22:09:42.185,1545,1563,1629,1486,1490,839,1463,1891,573,1705
2025-05-20 22:09:42.385,1553,1531,1630,1496,1079,1225,1443,1935,988,1658
2025-05-20 22:09:42.585,1561,1573,1571,1507,906,1783,1468,1901,1589,1527
2025-05-20 22:09:42.785,1575,1579,1416,1497,885,2218,1491,1783,2087,1183
2025-05-20 22:09:42.985,1591,1553,1262,1497,1080,2411,1449,1651,2199,765
2025-05-20 22:09:43.185,1507,1511,1308,1487,1445,2235,1533,1572,2485,685
2025-05-20 22:09:43.385,1357,1589,1461,1483,1467,2109,1560,1426,3035,948
2025-05-20 22:09:43.585,1208,1541,1623,1485,1695,2079,1407,1497,2589,1545
2025-05-20 22:09:43.785,1227,1503,1761,1479,1855,2039,1573,1573,1983,1939
2025-05-20 22:09:43.985,1423,1387,1927,1485,1943,1965,1593,1596,1609,1963
2025-05-20 22:09:44.185,1591,1339,1785,1484,1967,1869,1557,1607,1429,1941
2025-05-20 22:09:44.385,1663,1421,1675,1483,1909,1715,1555,1597,1327,1717
2025-05-20 22:09:44.585,1692,1449,1560,1469,1799,1541,1519,1663,1306,1607
2025-05-20 22:09:44.785,1700,1478,1545,1454,1735,1399,1435,1737,1383,1556
2025-05-20 22:09:44.986,1727,1549,1483,1435,1847,1290,1527,1815,1401,1533
2025-05-20 22:09:45.186,1651,1627,1527,1445,1743,1235,1641,1625,1507,1549
2025-05-20 22:09:45.386,1577,1637,1575,1462,1456,1241,1453,1406,1677,1563
2025-05-20 22:09:45.586,1517,1629,1611,1479,1064,1319,1499,1267,1627,1564
2025-05-20 22:09:45.786,1500,1623,1640,1487,915,1273,1493,1191,1422,1579
2025-05-20 22:09:45.986,1492,1611,1635,1491,885,1171,1487,1287,1261,1593
2025-05-20 22:09:46.186,1491,1673,1706,1496,1141,954,1461,1403,1165,1610
2025-05-20 22:09:46.386,1497,1651,1624,1511,1328,655,1565,1499,1215,1639
2025-05-20 22:09:46.586,1501,1684,1556,1500,1453,644,1676,1567,1287,1719
2025-05-20 22:09:46.786,1529,1663,1454,1497,1683,791,1535,1479,1363,1707
2025-05-20 22:09:46.988,1543,1695,1260,1495,1855,1115,1481,1361,1414,1579
2025-05-20 22:09:47.188,1487,1685,1231,1479,1941,1519,1435,1159,1293,1364
2025-05-20 22:09:47.388,1349,1557,1340,1485,1901,1935,1510,942,989,890
2025-05-20 22:09:47.588,1291,1497,1485,1487,1785,2194,1432,935,744,675
2025-05-20 22:09:47.788,1257,1567,1684,1487,1755,2200,1604,1177,747,806
2025-05-20 22:09:47.988,1387,1623,1850,1479,1596,2131,1606,1433,1001,1291
2025-05-20 22:09:48.188,1547,1523,1848,1469,1609,2107,1541,1655,1429,1833
2025-05-20 22:09:48.388,1639,1581,1672,1478,1574,2031,1599,1866,1864,1955
2025-05-20 22:09:48.588,1663,1565,1531,1468,1432,1973,1451,1931,2149,1965
2025-05-20 22:09:48.788,1645,1557,1531,1443,1191,1897,1337,1895,2440,1799
2025-05-20 22:09:48.988,1641,1589,1491,1438,1053,1705,1545,1831,2727,1629
2025-05-20 22:09:49.188,1638,1557,1571,1452,1075,1529,1507,1725,2451,1581
2025-05-20 22:09:49.388,1565,1547,1532,1469,1212,1333,1531,1705,2039,1549
2025-05-20 22:09:49.588,1509,1581,1587,1491,1413,1309,1401,1708,1659,1513
2025-05-20 22:09:49.788,1499,1543,1611,1486,1447,1327,1403,1624,1447,1531
2025-05-20 22:09:49.988,1493,1559,1673,1497,1711,1287,1519,1421,1355,1557
2025-05-20 22:09:50.188,1500,1493,1705,1501,1891,1263,1556,1241,1370,1567
2025-05-20 22:09:50.388,1517,1503,1647,1503,1911,1045,1575,1245,1375,1597
2025-05-20 22:09:50.588,1528,1517,1591,1501,1963,892,1668,1331,1415,1593
2025-05-20 22:09:50.788,1551,1519,1463,1487,1927,631,1611,1469,1507,1599
2025-05-20 22:09:50.988,1574,1527,1304,1499,1823,477,1341,1715,1511,1721
2025-05-20 22:09:51.188,1583,1544,1258,1477,1743,661,1603,1733,1397,1736
2025-05-20 22:09:51.389,1498,1589,1353,1479,1719,1079,1501,1543,1311,1643
2025-05-20 22:09:51.589,1341,1541,1446,1479,1700,1584,1503,1404,1241,1453
2025-05-20 22:09:51.789,1204,1511,1659,1481,1555,2079,1447,1243,1241,1033
2025-05-20 22:09:51.989,1244,1513,1817,1477,1239,2397,1508,1019,1291,715
2025-05-20 22:09:52.189,1423,1555,1843,1481,1007,2293,1662,1000,1371,721
2025-05-20 22:09:52.389,1575,1509,1644,1461,1043,2111,1461,1043,1363,1071
2025-05-20 22:09:52.589,1661,1545,1543,1445,1113,2109,1452,1257,1259,1683
2025-05-20 22:09:52.789,1685,1561,1491,1439,1229,2074,1575,1495,907,1903
2025-05-20 22:09:52.989,1655,1556,1502,1455,1384,2003,1464,1672,623,1911
2025-05-20 22:09:53.189,1664,1543,1465,1469,1573,1887,1479,1773,599,1812
2025-05-20 22:09:53.389,1619,1543,1485,1485,1811,1715,1454,1805,857,1661
2025-05-20 22:09:53.587,1557,1545,1549,1485,1927,1589,1543,1741,1307,1613
2025-05-20 22:09:53.787,1513,1513,1625,1491,1930,1407,1527,1720,1787,1575
2025-05-20 22:09:53.987,1509,1559,1647,1501,1897,1337,1511,1741,2147,1563
2025-05-20 22:09:54.187,1509,1544,1684,1497,1805,1305,1566,1775,2295,1557
2025-05-20 22:09:54.387,1519,1525,1611,1493,1707,1293,1627,1699,2459,1561
2025-05-20 22:09:54.587,1543,1544,1572,1495,1827,1275,1479,1463,2583,1563
2025-05-20 22:09:54.787,1547,1627,1487,1487,1720,1357,1480,1372,2444,1587
2025-05-20 22:09:54.987,1561,1548,1285,1483,1490,1305,1523,1343,2261,1583
2025-05-20 22:09:55.187,1609,1579,1268,1484,1184,1065,1619,1394,2093,1609
2025-05-20 22:09:55.387,1596,1529,1371,1472,1031,779,1547,1451,1791,1709
2025-05-20 22:09:55.587,1455,1525,1499,1479,991,564,1547,1470,1587,1763
2025-05-20 22:09:55.787,1253,1517,1741,1476,1125,671,1385,1559,1387,1653
2025-05-20 22:09:55.987,1159,1545,1801,1471,1183,915,1395,1643,1260,1481
2025-05-20 22:09:56.187,1286,1577,1734,1468,1366,1321,1461,1626,1233,1126
2025-05-20 22:09:56.387,1468,1562,1605,1453,1525,1725,1580,1611,1234,765
2025-05-20 22:09:56.587,1623,1563,1576,1443,1703,2093,1455,1497,1223,690
2025-05-20 22:09:56.787,1683,1548,1519,1450,1881,2191,1506,1419,1213,980
2025-05-20 22:09:56.987,1683,1544,1479,1467,1941,2163,1556,1285,1167,1567
2025-05-20 22:09:57.187,1653,1553,1519,1481,1893,2173,1387,1097,1173,1869
2025-05-20 22:09:57.387,1678,1517,1565,1493,1845,2073,1511,1061,1231,1898
2025-05-20 22:09:57.587,1609,1577,1598,1491,1775,1979,1365,1105,1174,1843
2025-05-20 22:09:57.787,1534,1519,1609,1503,1815,1853,1490,1261,891,1677
2025-05-20 22:09:57.987,1513,1543,1682,1499,1721,1755,1478,1405,441,1629
2025-05-20 22:09:58.187,1503,1572,1701,1498,1543,1605,1583,1587,298,1597
2025-05-20 22:09:58.387,1508,1495,1621,1487,1237,1438,1463,1812,600,1547
2025-05-20 22:09:58.587,1517,1581,1599,1487,1017,1337,1623,1967,1061,1531
2025-05-20 22:09:58.787,1529,1605,1403,1481,973,1295,1563,2035,1587,1561
2025-05-20 22:09:58.987,1545,1595,1260,1477,1080,1289,1545,1909,2095,1579
2025-05-20 22:09:59.188,1576,1502,1278,1479,1253,1303,1592,1615,2395,1607
2025-05-20 22:09:59.388,1635,1571,1300,1477,1351,1175,1588,1399,2473,1589
2025-05-20 22:09:59.588,1561,1544,1485,1479,1487,1001,1413,1343,2361,1598
2025-05-20 22:09:59.788,1367,1565,1662,1479,1855,755,1505,1405,2397,1695
2025-05-20 22:09:59.988,1163,1565,1817,1477,1896,509,1419,1509,2258,1757
2025-05-20 22:10:00.187,1145,1493,1747,1453,1947,491,1506,1589,2053,1669
2025-05-20 22:10:00.391,1321,1559,1656,1447,1929,785,1561,1575,1823,1495
2025-05-20 22:10:00.588,1528,1493,1545,1447,1898,1321,1533,1593,1723,1160
2025-05-20 22:10:00.788,1661,1513,1515,1461,1827,1821,1446,1562,1663,778
2025-05-20 22:10:00.988,1703,1383,1503,1484,1779,2247,1524,1524,1673,681
2025-05-20 22:10:01.188,1691,1303,1549,1486,1701,2414,1479,1479,1735,933
2025-05-20 22:10:01.388,1653,1413,1561,1489,1469,2253,1380,1444,1739,1523
2025-05-20 22:10:01.588,1677,1437,1625,1492,1181,2205,1592,1311,1687,1843
2025-05-20 22:10:01.788,1595,1483,1593,1497,1017,2091,1461,1255,1559,1893
2025-05-20 22:10:01.988,1531,1437,1685,1500,901,2055,1519,1243,1391,1864
2025-05-20 22:10:02.188,1520,1563,1705,1497,1035,1945,1455,1269,1187,1695
2025-05-20 22:10:02.388,1513,1589,1621,1483,1097,1801,1637,1325,1067,1613
2025-05-20 22:10:02.588,1513,1609,1495,1469,1391,1653,1495,1395,938,1597
2025-05-20 22:10:02.788,1518,1613,1341,1477,1593,1479,1497,1515,715,1562
2025-05-20 22:10:02.988,1523,1628,1270,1470,1773,1321,1427,1596,329,1557
2025-05-20 22:10:03.188,1545,1693,1198,1480,1949,1279,1405,1705,41,1542
2025-05-20 22:10:03.388,1591,1639,1407,1471,2020,1237,1464,1711,205,1561
2025-05-20 22:10:03.588,1599,1627,1517,1471,1941,1277,1613,1637,713,1567
2025-05-20 22:10:03.788,1495,1658,1619,1466,1851,1337,1543,1492,1259,1563
2025-05-20 22:10:03.988,1311,1669,1833,1459,1846,1375,1493,1388,1784,1565
2025-05-20 22:10:04.188,1139,1635,1656,1440,1821,1195,1291,1391,2077,1705
2025-05-20 22:10:04.388,1167,1577,1615,1447,1812,911,1479,1449,2505,1765
2025-05-20 22:10:04.588,1361,1543,1499,1456,1481,617,1433,1447,2667,1695
2025-05-20 22:10:04.788,1557,1553,1520,1479,1162,571,1525,1469,2471,1543
2025-05-20 22:10:04.988,1678,1541,1499,1485,942,731,1554,1495,2149,1245
2025-05-20 22:10:05.188,1723,1562,1556,1484,847,1102,1502,1397,1852,815
2025-05-20 22:10:05.388,1701,1557,1605,1495,1005,1580,1436,1159,1589,687
2025-05-20 22:10:05.588,1662,1563,1587,1500,1135,1913,1577,1063,1447,883
2025-05-20 22:10:05.788,1673,1571,1683,1499,1332,2191,1406,1145,1467,1454
2025-05-20 22:10:05.988,1597,1624,1661,1491,1605,2315,1565,1381,1520,1803
2025-05-20 22:10:06.188,1546,1553,1625,1483,1867,2292,1571,1655,1611,1851
2025-05-20 22:10:06.388,1519,1548,1604,1482,2075,2213,1480,1843,1717,1895
2025-05-20 22:10:06.588,1507,1497,1485,1471,2021,2123,1400,1976,1655,1718
2025-05-20 22:10:06.788,1509,1511,1384,1471,2045,1951,1509,2038,1498,1631
2025-05-20 22:10:06.988,1513,1514,1215,1477,1811,1724,1481,1949,1386,1586
2025-05-20 22:10:07.188,1514,1525,1241,1468,1400,1519,1498,1817,1290,1580
2025-05-20 22:10:07.388,1533,1519,1352,1463,1336,1421,1437,1717,1373,1545
2025-05-20 22:10:07.588,1588,1557,1549,1471,1579,1359,1579,1660,1493,1549
2025-05-20 22:10:07.788,1563,1503,1807,1460,1355,1291,1499,1595,1560,1557
2025-05-20 22:10:07.988,1453,1565,1724,1445,1101,1262,1480,1595,1553,1563
2025-05-20 22:10:08.188,1289,1509,1653,1436,885,1268,1531,1548,1193,1567
2025-05-20 22:10:08.388,1147,1548,1580,1452,865,1047,1637,1450,679,1584
2025-05-20 22:10:08.588,1205,1515,1551,1476,1069,877,1481,1279,307,1672
2025-05-20 22:10:08.788,1369,1559,1562,1487,1197,828,1423,1193,295,1739
2025-05-20 22:10:08.988,1561,1491,1560,1491,1447,630,1478,1255,711,1704
2025-05-20 22:10:09.188,1684,1533,1531,1493,1709,487,1395,1337,1279,1525
2025-05-20 22:10:09.388,1724,1484,1591,1497,1899,697,1445,1383,1878,1288
2025-05-20 22:10:09.588,1709,1483,1653,1501,2233,1143,1519,1435,2588,857
2025-05-20 22:10:09.788,1688,1553,1691,1481,2173,1689,1429,1485,2599,669
2025-05-20 22:10:09.988,1679,1565,1638,1487,2007,2146,1399,1517,2443,831
2025-05-20 22:10:10.188,1599,1563,1624,1479,1791,2405,1548,1583,2171,1387
2025-05-20 22:10:10.388,1553,1515,1550,1480,1827,2387,1467,1567,1848,1788
2025-05-20 22:10:10.588,1513,1500,1454,1463,1912,2509,1445,1423,1623,1863
2025-05-20 22:10:10.788,1501,1564,1322,1469,1669,2299,1499,1273,1469,1907
2025-05-20 22:10:10.988,1509,1603,1174,1467,1265,2123,1571,1144,1450,1741
2025-05-20 22:10:11.188,1514,1553,1229,1469,925,1929,1495,969,1492,1625
2025-05-20 22:10:11.388,1525,1523,1415,1470,709,1696,1571,1039,1541,1557
2025-05-20 22:10:11.588,1563,1548,1532,1463,647,1503,1529,1177,1630,1557
2025-05-20 22:10:11.788,1609,1523,1831,1445,1075,1323,1583,1423,1566,1543
2025-05-20 22:10:11.988,1563,1483,1804,1443,1287,1289,1468,1651,1404,1547
2025-05-20 22:10:12.188,1439,1561,1708,1450,1555,1207,1306,1843,1291,1563
2025-05-20 22:10:12.388,1259,1515,1611,1471,1933,1226,1333,1957,1241,1567
2025-05-20 22:10:12.588,1134,1555,1530,1483,2106,1231,1544,1991,1237,1573
2025-05-20 22:10:12.788,1205,1515,1515,1484,2037,1183,1495,1891,1311,1593
2025-05-20 22:10:12.988,1367,1516,1565,1493,2029,1042,1460,1640,1404,1695
2025-05-20 22:10:13.188,1533,1559,1548,1497,1839,1013,1591,1436,1489,1763
2025-05-20 22:10:13.388,1647,1549,1627,1496,1708,825,1507,1350,1581,1677
2025-05-20 22:10:13.588,1709,1517,1609,1494,1797,587,1400,1343,1595,1519
2025-05-20 22:10:13.788,1721,1511,1684,1483,1805,573,1443,1427,1531,1305
2025-05-20 22:10:13.988,1684,1461,1635,1481,1573,783,1581,1464,1272,871
2025-05-20 22:10:14.188,1672,1563,1567,1477,1111,1225,1550,1485,891,635
2025-05-20 22:10:14.388,1606,1511,1443,1470,667,1762,1556,1567,559,813
2025-05-20 22:10:14.588,1561,1515,1397,1469,504,2099,1337,1532,505,1339
2025-05-20 22:10:14.788,1527,1559,1251,1470,667,2362,1559,1496,840,1768
2025-05-20 22:10:14.988,1527,1507,1181,1469,1195,2462,1495,1483,1613,1883
2025-05-20 22:10:15.188,1529,1541,1407,1465,1485,2430,1465,1439,2174,1903
2025-05-20 22:10:15.388,1519,1496,1551,1461,1767,2227,1435,1436,2163,1771
2025-05-20 22:10:15.588,1533,1579,1814,1447,1955,2014,1462,1459,2149,1639
2025-05-20 22:10:15.788,1589,1518,1749,1435,2030,1750,1469,1359,2059,1572
2025-05-20 22:10:15.988,1607,1544,1629,1443,1951,1612,1421,1317,1879,1549
2025-05-20 22:10:16.188,1519,1531,1530,1463,1839,1453,1517,1367,1733,1525
2025-05-20 22:10:16.388,1435,1516,1589,1482,1712,1299,1507,1485,1647,1519
2025-05-20 22:10:16.588,1263,1519,1527,1483,1707,1223,1453,1571,1626,1546
2025-05-20 22:10:16.788,1135,1501,1525,1483,1612,1255,1477,1611,1635,1572
2025-05-20 22:10:16.988,1212,1549,1551,1495,1644,1144,1364,1653,1637,1571
2025-05-20 22:10:17.188,1389,1492,1627,1501,1511,979,1527,1669,1627,1574
2025-05-20 22:10:17.388,1555,1559,1625,1497,1053,785,1391,1651,1499,1699
2025-05-20 22:10:17.588,1637,1493,1626,1483,812,889,1493,1440,1331,1763
2025-05-20 22:10:17.788,1673,1491,1658,1470,761,687,1647,1417,1177,1691
2025-05-20 22:10:17.988,1678,1507,1635,1467,909,531,1469,1465,1182,1555
2025-05-20 22:10:18.188,1692,1359,1501,1468,1318,612,1387,1528,1235,1359
2025-05-20 22:10:18.388,1640,1375,1466,1463,1367,1016,1494,1575,1323,879
2025-05-20 22:10:18.588,1593,1351,1237,1465,1743,1571,1435,1609,1416,647
2025-05-20 22:10:18.788,1559,1431,1229,1471,1947,2079,1303,1597,1449,784
2025-05-20 22:10:18.988,1559,1496,1298,1468,2017,2351,1355,1563,1453,1298
2025-05-20 22:10:19.188,1560,1525,1496,1456,1962,2493,1396,1479,1499,1755
2025-05-20 22:10:19.388,1549,1587,1776,1437,1995,2568,1548,1407,1485,1853
2025-05-20 22:10:19.588,1560,1599,1741,1429,1789,2428,1611,1429,1491,1894
2025-05-20 22:10:19.788,1571,1565,1623,1435,1789,2204,1557,1339,1527,1805
2025-05-20 22:10:19.988,1564,1577,1575,1455,1750,1913,1483,1257,1571,1627
2025-05-20 22:10:20.188,1563,1605,1528,1483,1893,1718,1567,1221,1579,1565
2025-05-20 22:10:20.388,1529,1623,1546,1484,1671,1517,1407,1235,1546,1523
2025-05-20 22:10:20.588,1501,1656,1542,1485,1258,1355,1625,1308,1451,1506
2025-05-20 22:10:20.788,1391,1655,1583,1495,885,1223,1531,1445,1349,1523
2025-05-20 22:10:20.988,1225,1645,1591,1495,813,1207,1359,1515,1383,1555
2025-05-20 22:10:21.188,1203,1614,1591,1487,866,1235,1405,1605,1293,1551
2025-05-20 22:10:21.388,1343,1563,1669,1491,1225,1227,1487,1706,989,1579
2025-05-20 22:10:21.588,1500,1555,1672,1481,1325,1071,1562,1693,893,1591
2025-05-20 22:10:21.788,1631,1511,1593,1467,1520,991,1531,1587,1053,1701
2025-05-20 22:10:21.988,1711,1513,1463,1456,1801,1085,1357,1467,1337,1753
2025-05-20 22:10:22.188,1653,1527,1321,1469,1903,869,1430,1423,1619,1689
2025-05-20 22:10:22.388,1621,1517,1173,1467,1917,575,1379,1421,1837,1548
2025-05-20 22:10:22.588,1593,1549,1161,1456,1961,475,1462,1463,1972,1325
2025-05-20 22:10:22.788,1575,1583,1278,1465,1893,751,1455,1453,2077,909
2025-05-20 22:10:22.988,1562,1589,1498,1459,1944,1287,1416,1508,1933,650
2025-05-20 22:10:23.188,1560,1557,1690,1427,1821,1772,1483,1531,1752,788
2025-05-20 22:10:23.388,1553,1532,1704,1421,1871,2239,1479,1543,1573,1299
2025-05-20 22:10:23.588,1563,1542,1638,1436,1599,2534,1467,1561,1419,1739
2025-05-20 22:10:23.788,1563,1489,1544,1455,1046,2599,1429,1579,1327,1851
2025-05-20 22:10:23.988,1511,1558,1468,1471,759,2491,1511,1631,1305,1868
2025-05-20 22:10:24.188,1497,1500,1509,1480,651,2214,1495,1647,1335,1805
2025-05-20 22:10:24.388,1495,1483,1463,1481,793,1964,1443,1529,1415,1648
2025-05-20 22:10:24.588,1451,1528,1561,1497,1243,1773,1492,1423,1465,1587
2025-05-20 22:10:24.788,1351,1518,1589,1493,1387,1481,1492,1300,1495,1558
2025-05-20 22:10:24.988,1292,1533,1638,1481,1625,1287,1445,1289,1471,1513
2025-05-20 22:10:25.188,1325,1470,1709,1469,1875,1255,1368,1308,1479,1523
2025-05-20 22:10:25.388,1418,1525,1639,1471,2055,1235,1481,1398,1507,1529
2025-05-20 22:10:25.588,1531,1519,1599,1469,1941,1199,1541,1418,1501,1573
2025-05-20 22:10:25.788,1700,1527,1502,1477,1903,1039,1469,1321,1519,1588
2025-05-20 22:10:25.988,1673,1499,1311,1469,1813,895,1508,1119,1526,1581
2025-05-20 22:10:26.188,1609,1523,1240,1466,1763,885,1461,927,1517,1671
2025-05-20 22:10:26.388,1555,1503,1207,1467,1774,967,1357,917,1502,1775
2025-05-20 22:10:26.588,1514,1493,1327,1467,1839,743,1604,1037,1499,1707
2025-05-20 22:10:26.788,1507,1526,1449,1461,1611,552,1430,1211,1556,1595
2025-05-20 22:10:26.988,1513,1553,1798,1444,1139,665,1382,1497,1583,1383
2025-05-20 22:10:27.188,1525,1545,1677,1443,854,1124,1465,1849,1512,933
2025-05-20 22:10:27.388,1549,1555,1691,1455,697,1701,1507,2297,1427,654
2025-05-20 22:10:27.588,1554,1519,1630,1467,745,2101,1497,2419,1428,747
2025-05-20 22:10:27.788,1573,1519,1543,1485,985,2495,1520,2259,1523,1225
2025-05-20 22:10:27.988,1591,1553,1623,1484,1263,2660,1545,2009,1553,1703
2025-05-20 22:10:28.188,1557,1491,1598,1490,1501,2646,1407,1789,1587,1834
2025-05-20 22:10:28.388,1543,1575,1629,1500,1823,2359,1561,1701,1645,1851
2025-05-20 22:10:28.588,1466,1485,1704,1498,1945,2120,1497,1717,1646,1801
2025-05-20 22:10:28.788,1369,1525,1604,1487,1951,1819,1489,1699,1553,1677
2025-05-20 22:10:28.988,1271,1501,1651,1487,1863,1581,1431,1593,1415,1619
2025-05-20 22:10:29.189,1241,1573,1695,1486,1977,1419,1387,1418,1339,1579
2025-05-20 22:10:29.389,1311,1559,1591,1485,1893,1287,1596,1354,1245,1561
2025-05-20 22:10:29.589,1450,1520,1534,1481,1885,1187,1673,1317,1128,1545
2025-05-20 22:10:29.789,1635,1533,1405,1479,1845,1247,1443,1363,1069,1541
2025-05-20 22:10:29.989,1757,1487,1272,1481,1647,1189,1477,1406,974,1583
2025-05-20 22:10:30.189,1689,1559,1192,1479,1288,983,1483,1486,1015,1611
2025-05-20 22:10:30.389,1610,1595,1199,1467,993,983,1404,1429,1117,1580
2025-05-20 22:10:30.589,1555,1563,1448,1477,903,1079,1463,1291,1364,1653
2025-05-20 22:10:30.789,1525,1513,1712,1449,1021,1077,1511,1191,1679,1752
2025-05-20 22:10:30.989,1524,1547,1813,1449,1094,701,1655,1208,1927,1743
2025-05-20 22:10:31.189,1529,1498,1635,1449,1331,465,1564,1334,2043,1623
2025-05-20 22:10:31.389,1543,1573,1580,1461,1439,590,1483,1253,2029,1434
2025-05-20 22:10:31.589,1533,1523,1640,1483,1690,1081,1443,903,1919,1011
2025-05-20 22:10:31.789,1553,1508,1613,1491,1848,1685,1419,837,1769,685
2025-05-20 22:10:31.989,1567,1524,1608,1493,1983,2221,1599,1079,1663,719
2025-05-20 22:10:32.189,1561,1533,1645,1495,1991,2531,1512,1307,1749,1127
2025-05-20 22:10:32.389,1525,1513,1628,1499,1910,2677,1507,1561,1721,1651
2025-05-20 22:10:32.589,1511,1491,1657,1501,1883,2568,1622,1813,1547,1838
2025-05-20 22:10:32.789,1323,1526,1657,1487,1759,2334,1452,1913,1419,1853
2025-05-20 22:10:32.989,1175,1588,1647,1483,1679,2077,1419,1829,1363,1863
2025-05-20 22:10:33.189,1213,1525,1637,1478,1541,1799,1503,1895,1417,1715
2025-05-20 22:10:33.389,1389,1541,1599,1471,1143,1581,1513,1871,1454,1606
2025-05-20 22:10:33.589,1573,1553,1460,1470,1011,1395,1532,1806,1542,1565
2025-05-20 22:10:33.789,1674,1533,1289,1468,931,1229,1565,1722,1615,1549
2025-05-20 22:10:33.989,1747,1541,1226,1476,1085,1241,1595,1657,1577,1523
2025-05-20 22:10:34.189,1719,1570,1261,1465,1060,1188,1437,1592,1496,1555
2025-05-20 22:10:34.389,1626,1541,1401,1438,1225,987,1301,1589,1415,1561
2025-05-20 22:10:34.589,1554,1566,1619,1433,1471,856,1452,1627,1337,1595
2025-05-20 22:10:34.789,1519,1567,1743,1447,1704,909,1573,1595,1337,1583
2025-05-20 22:10:34.989,1513,1523,1661,1471,1875,1015,1542,1515,1342,1637
2025-05-20 22:10:35.189,1527,1487,1581,1483,2007,949,1575,1295,1399,1799
2025-05-20 22:10:35.389,1544,1407,1647,1490,1973,637,1484,1212,1435,1779
2025-05-20 22:10:35.589,1549,1349,1581,1501,1879,548,1583,1295,1487,1643
2025-05-20 22:10:35.789,1555,1307,1622,1503,1961,844,1789,1357,1511,1464
2025-05-20 22:10:35.989,1556,1459,1595,1500,1845,1459,1497,1479,1507,1066
2025-05-20 22:10:36.189,1560,1427,1660,1495,1754,2018,1471,1555,1515,711
2025-05-20 22:10:36.389,1517,1555,1655,1491,1497,2459,1439,1263,1523,694
2025-05-20 22:10:36.589,1431,1553,1593,1485,1255,2733,1439,935,1491,1043
2025-05-20 22:10:36.789,1353,1567,1643,1485,1022,2713,1580,938,1445,1607
2025-05-20 22:10:36.989,1222,1663,1644,1483,974,2491,1607,1161,1397,1835
2025-05-20 22:10:37.189,1298,1675,1563,1479,1119,2147,1557,1401,1351,1846
2025-05-20 22:10:37.389,1485,1577,1449,1477,1019,1925,1461,1643,1321,1893
2025-05-20 22:10:37.589,1619,1619,1331,1476,1177,1747,1542,1811,1275,1753
2025-05-20 22:10:37.789,1661,1699,1242,1477,1489,1492,1395,1846,1254,1660
2025-05-20 22:10:37.989,1653,1653,1293,1462,1753,1367,1532,1907,1433,1597
2025-05-20 22:10:38.189,1718,1710,1392,1439,1909,1251,1479,1927,1751,1533
2025-05-20 22:10:38.389,1659,1657,1567,1443,2030,1224,1496,1873,1849,1543
2025-05-20 22:10:38.589,1561,1630,1805,1456,1959,1174,1609,1844,1769,1525
2025-05-20 22:10:38.789,1490,1575,1703,1479,1952,1011,1571,1748,1791,1571
2025-05-20 22:10:38.989,1481,1501,1598,1491,1983,925,1511,1709,1917,1589
2025-05-20 22:10:39.189,1508,1503,1563,1491,1869,1051,1449,1695,2065,1595
2025-05-20 22:10:39.389,1524,1541,1577,1497,1717,1161,1523,1583,2168,1619
2025-05-20 22:10:39.589,1541,1587,1628,1507,1453,921,1499,1433,2119,1767
2025-05-20 22:10:39.789,1555,1532,1627,1502,1129,554,1509,1191,1967,1785
2025-05-20 22:10:39.989,1560,1578,1581,1496,890,415,1491,1165,1675,1704
2025-05-20 22:10:40.189,1551,1607,1625,1500,851,847,1617,1293,1484,1509
2025-05-20 22:10:40.389,1497,1591,1640,1485,959,1492,1523,1423,1235,1125
2025-05-20 22:10:40.589,1366,1605,1700,1483,885,1960,1576,1460,1069,744
2025-05-20 22:10:40.789,1363,1583,1609,1493,1257,2469,1443,1357,997,676
2025-05-20 22:10:40.989,1292,1545,1637,1488,1605,2635,1557,1175,873,1004
2025-05-20 22:10:41.189,1355,1513,1435,1496,1811,2671,1629,953,360,1581
2025-05-20 22:10:41.389,1515,1543,1307,1479,2013,2473,1468,995,0,1819
2025-05-20 22:10:41.589,1621,1545,1245,1481,2055,2185,1467,1223,0,1855
2025-05-20 22:10:41.789,1647,1527,1261,1449,1983,1959,1500,1518,271,1896
2025-05-20 22:10:41.989,1643,1554,1389,1443,1963,1711,1453,1689,1327,1769
2025-05-20 22:10:42.189,1711,1531,1541,1451,1952,1467,1520,1814,2127,1657
2025-05-20 22:10:42.389,1655,1523,1759,1479,1815,1291,1573,1892,2649,1617
2025-05-20 22:10:42.589,1562,1483,1710,1495,1763,1194,1621,1879,3021,1564
2025-05-20 22:10:42.789,1497,1483,1639,1500,1381,1207,1481,1871,3750,1563
2025-05-20 22:10:42.989,1472,1563,1594,1501,1085,1189,1505,1801,3639,1567
2025-05-20 22:10:43.189,1500,1533,1564,1517,953,1049,1487,1725,2620,1573
2025-05-20 22:10:43.389,1517,1526,1653,1507,781,979,1653,1710,1958,1579
2025-05-20 22:10:43.589,1530,1571,1607,1501,892,1107,1690,1661,1592,1595
2025-05-20 22:10:43.789,1553,1555,1573,1500,861,1119,1647,1619,1395,1625
2025-05-20 22:10:43.989,1546,1515,1657,1487,1205,845,1483,1481,1323,1767
2025-05-20 22:10:44.189,1553,1591,1618,1493,1631,569,1415,1304,1319,1782
2025-05-20 22:10:44.389,1471,1571,1663,1497,1977,688,1401,1273,1385,1691
2025-05-20 22:10:44.589,1335,1559,1678,1499,2099,1117,1573,1327,1515,1515
2025-05-20 22:10:44.789,1319,1563,1571,1492,2127,1706,1590,1391,1597,1159
2025-05-20 22:10:44.989,1271,1527,1509,1487,2057,2133,1469,1483,1519,775
2025-05-20 22:10:45.189,1400,1546,1337,1486,1871,2419,1549,1651,1404,679
2025-05-20 22:10:45.389,1565,1563,1272,1445,1827,2555,1517,1659,1465,960
2025-05-20 22:10:45.589,1661,1549,1277,1437,1781,2507,1591,1625,1553,1527
2025-05-20 22:10:45.789,1660,1579,1342,1447,1753,2387,1623,1495,1577,1833
2025-05-20 22:10:45.989,1659,1505,1494,1477,1495,2165,1405,1276,1451,1881
2025-05-20 22:10:46.189,1720,1544,1799,1493,1131,1964,1587,1145,1045,1931
2025-05-20 22:10:46.389,1640,1541,1740,1506,851,1811,1657,1116,469,1752
2025-05-20 22:10:46.589,1553,1528,1645,1499,716,1595,1525,1189,61,1657
2025-05-20 22:10:46.789,1497,1599,1623,1517,860,1406,1512,1353,63,1611
2025-05-20 22:10:46.989,1497,1583,1624,1511,1011,1321,1465,1541,607,1575
2025-05-20 22:10:47.191,1510,1486,1628,1509,1391,1247,1513,1655,1405,1556
2025-05-20 22:10:47.391,1515,1567,1643,1495,1734,1307,1532,1753,2175,1563
2025-05-20 22:10:47.591,1531,1556,1640,1492,1977,1149,1451,1753,2637,1609
2025-05-20 22:10:47.791,1534,1548,1621,1495,2165,1002,1525,1753,2764,1607
2025-05-20 22:10:47.991,1530,1557,1625,1496,2156,1108,1532,1741,3052,1589
2025-05-20 22:10:48.191,1533,1519,1613,1492,1991,1113,1519,1692,2621,1639
2025-05-20 22:10:48.391,1444,1449,1675,1481,1854,798,1592,1663,2091,1787
2025-05-20 22:10:48.591,1310,1517,1605,1486,1839,595,1503,1503,1709,1805
2025-05-20 22:10:48.791,1277,1561,1545,1486,1817,636,1710,1388,1451,1683
2025-05-20 22:10:48.991,1255,1564,1438,1460,1711,985,1395,1389,1359,1524
2025-05-20 22:10:49.191,1415,1591,1303,1438,1260,1559,1556,1402,1327,1157
2025-05-20 22:10:49.391,1588,1581,1237,1443,986,2012,1519,1482,1349,759
2025-05-20 22:10:49.591,1671,1498,1295,1465,704,2277,1653,1523,1420,671
2025-05-20 22:10:49.791,1677,1543,1477,1487,735,2404,1528,1598,1615,943
2025-05-20 22:10:49.991,1685,1589,1707,1496,923,2471,1519,1619,1709,1529
2025-05-20 22:10:50.191,1709,1605,1746,1497,1125,2351,1635,1635,1544,1831
2025-05-20 22:10:50.391,1624,1568,1687,1511,1477,2135,1593,1581,1385,1885
2025-05-20 22:10:50.591,1555,1609,1609,1512,1769,1983,1547,1472,1263,1955
2025-05-20 22:10:50.791,1515,1511,1595,1508,2040,1823,1495,1471,1241,1781
2025-05-20 22:10:50.991,1501,1545,1554,1497,2063,1599,1449,1325,1252,1676
2025-05-20 22:10:51.191,1517,1561,1636,1497,2027,1437,1541,1293,997,1595
2025-05-20 22:10:51.391,1528,1544,1631,1487,1889,1337,1469,1293,507,1562
2025-05-20 22:10:51.592,1548,1403,1629,1494,1851,1263,1589,1307,213,1527
2025-05-20 22:10:51.792,1561,1359,1643,1493,1875,1287,1623,1385,373,1557
2025-05-20 22:10:51.992,1561,1357,1655,1490,1869,1236,1563,1454,967,1577
2025-05-20 22:10:52.192,1548,1449,1658,1492,1685,1086,1625,1551,1723,1611
2025-05-20 22:10:52.392,1414,1519,1567,1496,1173,1049,1559,1661,2446,1599
2025-05-20 22:10:52.592,1307,1513,1559,1487,799,1055,1519,1737,2771,1637
2025-05-20 22:10:52.792,1209,1567,1440,1451,637,831,1501,1691,2604,1816
2025-05-20 22:10:52.992,1240,1557,1327,1438,791,619,1487,1509,2789,1815
2025-05-20 22:10:53.192,1433,1621,1243,1455,1033,728,1484,1403,2781,1715
2025-05-20 22:10:53.392,1613,1660,1327,1481,1351,1019,1592,1414,2265,1543
2025-05-20 22:10:53.592,1681,1673,1386,1501,1721,1512,1547,1573,1764,1109
2025-05-20 22:10:53.790,1684,1576,1639,1501,1907,1955,1485,1701,1464,723
2025-05-20 22:10:53.990,1751,1675,1742,1508,2037,2259,1548,1709,1319,680
2025-05-20 22:10:54.190,1688,1691,1719,1525,2067,2375,1625,1765,1269,985
2025-05-20 22:10:54.390,1595,1691,1640,1524,1959,2407,1577,1757,1279,1605
2025-05-20 22:10:54.590,1530,1721,1594,1500,1915,2351,1638,1747,1343,1847
2025-05-20 22:10:54.790,1509,1685,1637,1497,1715,2165,1403,1659,1463,1881
2025-05-20 22:10:54.990,1513,1581,1619,1507,1815,2036,1580,1565,1683,1941
2025-05-20 22:10:55.190,1529,1499,1687,1495,1907,1807,1629,1517,1640,1773
2025-05-20 22:10:55.390,1541,1515,1642,1497,1565,1638,1635,1399,1405,1670
2025-05-20 22:10:55.590,1533,1541,1635,1493,1096,1439,1507,1323,1268,1588
2025-05-20 22:10:55.790,1543,1565,1598,1491,788,1336,1300,1270,1193,1555
2025-05-20 22:10:55.990,1547,1638,1701,1495,605,1275,1469,1272,1225,1563
2025-05-20 22:10:56.191,1501,1619,1637,1495,798,1322,1526,1285,1188,1564
2025-05-20 22:10:56.391,1365,1638,1607,1476,1119,1353,1627,1341,851,1565
2025-05-20 22:10:56.591,1285,1609,1542,1445,1480,1192,1604,1465,333,1573
2025-05-20 22:10:56.791,1197,1613,1337,1439,1800,1101,1598,1549,75,1621
2025-05-20 22:10:56.991,1323,1611,1249,1466,2103,1064,1683,1589,303,1685
2025-05-20 22:10:57.191,1517,1509,1238,1495,2107,847,1543,1655,1053,1832
2025-05-20 22:10:57.391,1651,1562,1431,1503,1996,661,1455,1603,2104,1821
2025-05-20 22:10:57.591,1688,1543,1527,1507,1930,655,1555,1471,3048,1705
2025-05-20 22:10:57.791,1693,1589,1766,1515,1739,927,1556,1361,3211,1515
2025-05-20 22:10:57.991,1738,1480,1687,1531,1691,1421,1517,1363,2807,1053
2025-05-20 22:10:58.191,1643,1575,1663,1519,1756,1889,1605,1370,2453,699
2025-05-20 22:10:58.391,1572,1576,1628,1515,1807,2200,1597,1461,2359,701
2025-05-20 22:10:58.591,1519,1557,1559,1501,1548,2292,1567,1540,2327,1083
2025-05-20 22:10:58.791,1511,1525,1653,1501,1096,2380,1501,1567,1948,1639
2025-05-20 22:10:58.991,1525,1575,1643,1500,666,2344,1587,1673,1605,1875
2025-05-20 22:10:59.192,1546,1646,1611,1499,659,2213,1652,1696,1370,1915
2025-05-20 22:10:59.392,1548,1583,1707,1502,985,2055,1592,1673,1259,1931
2025-05-20 22:10:59.592,1549,1527,1687,1497,1386,1882,1622,1644,1243,1747
2025-05-20 22:10:59.792,1547,1547,1701,1493,1662,1703,1471,1541,1259,1651
2025-05-20 22:10:59.992,1558,1515,1691,1491,1955,1517,1576,1452,1332,1607
2025-05-20 22:11:00.191,1500,1593,1625,1453,2028,1403,1614,1131,1465,1562
2025-05-20 22:11:00.394,1352,1611,1527,1437,2013,1299,1573,936,1699,1530
2025-05-20 22:11:00.591,1222,1583,1490,1455,1947,1305,1567,917,1693,1575
2025-05-20 22:11:00.791,1187,1517,1337,1479,1817,1367,1496,1031,1485,1579
2025-05-20 22:11:00.991,1364,1605,1239,1502,1745,1285,1528,1271,1301,1594
2025-05-20 22:11:01.191,1558,1561,1299,1507,1709,1097,1626,1647,1209,1629
2025-05-20 22:11:01.391,1656,1578,1400,1513,1821,1099,1596,1947,1161,1656
2025-05-20 22:11:01.591,1691,1557,1621,1517,1763,851,1494,2095,875,1829
2025-05-20 22:11:01.791,1743,1527,1719,1526,1427,669,1354,2175,407,1781
2025-05-20 22:11:01.991,1721,1559,1671,1513,953,693,1530,2045,41,1663
2025-05-20 22:11:02.191,1609,1563,1631,1510,616,903,1587,1719,77,1461
2025-05-20 22:11:02.391,1547,1561,1652,1495,685,1362,1399,1528,677,967
2025-05-20 22:11:02.591,1513,1579,1635,1499,1227,1787,1450,1509,1555,671
2025-05-20 22:11:02.791,1513,1563,1643,1502,1573,2183,1535,1485,2567,723
2025-05-20 22:11:02.991,1529,1573,1700,1507,1751,2231,1588,1498,3286,1177
2025-05-20 22:11:03.191,1526,1624,1609,1499,1879,2260,1639,1531,3109,1743
2025-05-20 22:11:03.391,1529,1579,1678,1496,1939,2283,1491,1529,2787,1906
2025-05-20 22:11:03.591,1548,1559,1651,1498,1928,2231,1621,1541,2431,1918
2025-05-20 22:11:03.791,1559,1575,1675,1465,1913,2099,1583,1571,2247,1869
2025-05-20 22:11:03.991,1577,1549,1676,1444,1799,1971,1565,1580,2345,1721
2025-05-20 22:11:04.191,1471,1592,1623,1444,1655,1801,1503,1594,2005,1598
2025-05-20 22:11:04.391,1343,1519,1598,1465,1683,1591,1597,1518,1613,1571
2025-05-20 22:11:04.591,1184,1593,1462,1493,1775,1420,1543,1421,1341,1557
2025-05-20 22:11:04.791,1215,1597,1287,1512,1748,1371,1508,1322,1213,1556
2025-05-20 22:11:04.991,1402,1581,1251,1514,1369,1303,1511,1293,1191,1562
2025-05-20 22:11:05.191,1572,1555,1291,1511,905,1351,1612,1257,1226,1599
2025-05-20 22:11:05.391,1654,1545,1439,1528,586,1321,1661,1213,1339,1623
2025-05-20 22:11:05.591,1679,1541,1592,1517,649,1207,1691,1199,1432,1615
2025-05-20 22:11:05.791,1766,1568,1673,1507,1319,1099,1546,1243,1657,1682
2025-05-20 22:11:05.991,1691,1640,1753,1507,1435,933,1483,1419,1695,1839
2025-05-20 22:11:06.191,1597,1607,1676,1507,1641,788,1547,1487,1453,1805
2025-05-20 22:11:06.391,1543,1565,1657,1509,1879,735,1595,1593,1289,1655
2025-05-20 22:11:06.591,1515,1547,1661,1507,1975,841,1517,1586,1159,1368
2025-05-20 22:11:06.791,1523,1577,1671,1500,1955,1145,1610,1595,983,883
2025-05-20 22:11:06.991,1541,1577,1635,1500,1877,1611,1735,1678,587,667
2025-05-20 22:11:07.191,1531,1568,1671,1495,1881,2027,1563,1801,123,803
2025-05-20 22:11:07.391,1533,1531,1635,1495,1801,2223,1545,1831,23,1331
2025-05-20 22:11:07.591,1544,1583,1659,1453,1787,2220,1523,1781,285,1790
2025-05-20 22:11:07.791,1562,1556,1688,1439,1822,2220,1607,1715,1145,1897
2025-05-20 22:11:07.991,1553,1592,1625,1458,1737,2207,1592,1691,2139,1973
2025-05-20 22:11:08.191,1437,1553,1607,1483,1307,2133,1502,1655,2907,1843
2025-05-20 22:11:08.391,1308,1613,1589,1501,861,2017,1599,1637,3103,1663
2025-05-20 22:11:08.591,1179,1553,1401,1511,591,1853,1445,1533,2918,1604
2025-05-20 22:11:08.791,1276,1523,1307,1507,815,1684,1622,1485,2701,1561
2025-05-20 22:11:08.991,1463,1543,1278,1525,1436,1485,1516,1428,2427,1527
2025-05-20 22:11:09.191,1607,1437,1352,1534,1581,1373,1480,1388,2412,1547
2025-05-20 22:11:09.391,1663,1381,1560,1525,1690,1365,1435,1395,2421,1567
2025-05-20 22:11:09.591,1695,1383,1621,1509,1673,1333,1609,1421,1967,1597
2025-05-20 22:11:09.791,1733,1465,1671,1508,1415,1381,1653,1517,1482,1627
2025-05-20 22:11:09.991,1635,1507,1717,1501,1128,1384,1707,1573,1199,1643
2025-05-20 22:11:10.191,1572,1545,1716,1505,1241,1209,1511,1614,1113,1682
2025-05-20 22:11:10.391,1528,1563,1661,1509,1593,1075,1479,1657,1127,1843
2025-05-20 22:11:10.591,1516,1659,1637,1500,1899,851,1661,1657,1229,1817
2025-05-20 22:11:10.791,1527,1643,1659,1506,2163,665,1490,1523,1331,1653
2025-05-20 22:11:10.991,1533,1660,1668,1502,2231,715,1596,1363,1463,1271
2025-05-20 22:11:11.191,1543,1637,1645,1487,2194,925,1492,1215,1752,819
2025-05-20 22:11:11.391,1547,1685,1645,1445,1725,1337,1461,941,1691,635
2025-05-20 22:11:11.591,1547,1691,1734,1448,1173,1789,1695,767,1439,883
2025-05-20 22:11:11.791,1562,1694,1674,1464,792,2181,1609,928,1195,1503
2025-05-20 22:11:11.991,1491,1695,1609,1491,871,2283,1589,1229,871,1870
2025-05-20 22:11:12.191,1391,1647,1599,1508,1417,2185,1544,1507,357,1917
2025-05-20 22:11:12.391,1230,1689,1577,1508,1647,2218,1568,1725,10,1971
2025-05-20 22:11:12.591,1203,1655,1323,1515,1759,2154,1543,1948,24,1788
2025-05-20 22:11:12.791,1357,1571,1310,1528,1927,2055,1639,2003,479,1625
2025-05-20 22:11:12.991,1531,1541,1307,1531,1951,1951,1583,1939,1507,1577
2025-05-20 22:11:13.191,1635,1571,1420,1517,1919,1811,1595,1866,2437,1545
2025-05-20 22:11:13.391,1675,1549,1533,1519,1849,1628,1596,1816,3027,1544
2025-05-20 22:11:13.591,1755,1591,1717,1511,1848,1449,1523,1765,2919,1548
2025-05-20 22:11:13.791,1690,1581,1628,1505,1811,1351,1426,1737,2775,1605
2025-05-20 22:11:13.991,1598,1611,1702,1511,1835,1353,1561,1676,2629,1593
2025-05-20 22:11:14.191,1544,1624,1625,1507,1799,1355,1431,1653,2379,1621
2025-05-20 22:11:14.391,1527,1607,1645,1506,1738,1383,1724,1674,2291,1609
2025-05-20 22:11:14.591,1534,1519,1704,1503,1243,1377,1748,1723,2407,1671
2025-05-20 22:11:14.791,1547,1559,1627,1503,841,1237,1512,1785,1951,1785
2025-05-20 22:11:14.991,1541,1557,1629,1452,675,987,1597,1655,1471,1815
2025-05-20 22:11:15.191,1545,1581,1630,1439,841,776,1478,1365,1197,1655
2025-05-20 22:11:15.391,1546,1581,1692,1453,1319,675,1495,1203,1123,1229
2025-05-20 22:11:15.591,1561,1581,1708,1481,1637,777,1565,1205,1141,787
2025-05-20 22:11:15.791,1545,1563,1683,1501,1814,1041,1505,1227,1240,709
2025-05-20 22:11:15.991,1447,1561,1593,1508,1919,1405,1568,1369,1355,957
2025-05-20 22:11:16.191,1335,1559,1571,1514,1947,1903,1549,1453,1453,1581
2025-05-20 22:11:16.391,1179,1570,1494,1523,1837,2227,1446,1432,1741,1899
2025-05-20 22:11:16.591,1251,1551,1338,1543,1823,2265,1572,1257,1721,1947
2025-05-20 22:11:16.791,1437,1525,1256,1523,1765,2195,1659,1019,1434,1993
2025-05-20 22:11:16.991,1593,1563,1317,1513,1769,2191,1607,973,969,1767
2025-05-20 22:11:17.191,1655,1546,1439,1507,1789,2139,1593,1172,249,1608
2025-05-20 22:11:17.391,1700,1566,1595,1509,1803,1979,1655,1259,0,1559
2025-05-20 22:11:17.591,1746,1595,1727,1513,1583,1876,1470,1501,13,1533
2025-05-20 22:11:17.791,1635,1583,1687,1507,1097,1727,1439,1734,548,1523
2025-05-20 22:11:17.991,1575,1559,1712,1508,741,1547,1599,1915,1619,1575
2025-05-20 22:11:18.192,1548,1628,1703,1512,589,1403,1480,1977,2551,1595
2025-05-20 22:11:18.392,1532,1563,1663,1510,1021,1398,1645,2023,3055,1617
2025-05-20 22:11:18.592,1550,1609,1745,1485,1483,1388,1561,1930,2919,1629
2025-05-20 22:11:18.792,1546,1583,1631,1449,1717,1387,1513,1863,2805,1611
2025-05-20 22:11:18.992,1545,1621,1561,1449,1893,1386,1619,1757,2547,1641
2025-05-20 22:11:19.192,1551,1581,1597,1461,1997,1383,1555,1628,2170,1769
2025-05-20 22:11:19.392,1558,1561,1619,1490,2038,1159,1461,1398,2212,1784
2025-05-20 22:11:19.592,1577,1543,1691,1515,1896,923,1550,1257,2152,1650
2025-05-20 22:11:19.792,1511,1591,1687,1507,1801,695,1609,1303,1705,1197
2025-05-20 22:11:19.992,1407,1557,1629,1518,1761,637,1619,1389,1401,775
2025-05-20 22:11:20.192,1213,1579,1619,1528,1773,852,1571,1483,1261,699
2025-05-20 22:11:20.392,1175,1605,1445,1531,1845,1189,1687,1581,1208,981
2025-05-20 22:11:20.592,1317,1593,1304,1525,1811,1635,1588,1571,1208,1599
2025-05-20 22:11:20.792,1513,1599,1335,1512,1429,2036,1565,1518,1337,1915
2025-05-20 22:11:20.992,1625,1591,1371,1513,949,2191,1610,1497,1417,1955
2025-05-20 22:11:21.192,1677,1623,1548,1518,680,2187,1492,1433,1497,1963
2025-05-20 22:11:21.392,1764,1575,1723,1513,683,2201,1567,1320,1767,1737
2025-05-20 22:11:21.592,1699,1543,1773,1514,1173,2201,1683,1243,1650,1615
2025-05-20 22:11:21.792,1604,1611,1704,1516,1495,2133,1688,1245,1171,1577
2025-05-20 22:11:21.992,1557,1597,1689,1508,1854,2020,1449,1366,339,1525
2025-05-20 22:11:22.192,1544,1555,1618,1507,1931,1882,1525,1485,0,1531
2025-05-20 22:11:22.392,1545,1581,1595,1477,2027,1693,1593,1640,0,1578
2025-05-20 22:11:22.592,1557,1583,1588,1439,2043,1565,1699,1736,541,1619
2025-05-20 22:11:22.792,1553,1533,1663,1447,1895,1428,1551,1772,1739,1615
2025-05-20 22:11:22.992,1554,1599,1636,1465,1719,1337,1545,1736,2719,1619
2025-05-20 22:11:23.192,1545,1623,1645,1492,1643,1367,1444,1741,3183,1647
2025-05-20 22:11:23.392,1573,1670,1656,1507,1711,1381,1455,1749,2936,1659
2025-05-20 22:11:23.592,1563,1605,1663,1509,1747,1407,1461,1734,2675,1735
2025-05-20 22:11:23.792,1463,1499,1642,1525,1788,1367,1671,1631,2331,1775
2025-05-20 22:11:23.992,1316,1563,1617,1543,1354,1172,1579,1451,2044,1659
2025-05-20 22:11:24.192,1149,1599,1482,1520,943,879,1623,1322,2215,1258
2025-05-20 22:11:24.392,1228,1587,1403,1524,711,697,1571,1337,1910,805
2025-05-20 22:11:24.592,1419,1619,1293,1516,767,741,1549,1451,1512,686
2025-05-20 22:11:24.792,1593,1595,1301,1513,1321,889,1545,1543,1343,925
2025-05-20 22:11:24.992,1653,1617,1403,1511,1561,1240,1566,1625,1267,1493
2025-05-20 22:11:25.192,1686,1603,1568,1511,1817,1643,1525,1657,1290,1893
2025-05-20 22:11:25.392,1757,1642,1848,1512,2086,2057,1625,1691,1315,1973
2025-05-20 22:11:25.592,1659,1581,1781,1507,2105,2189,1472,1721,1395,1963
2025-05-20 22:11:25.792,1579,1528,1652,1502,1976,2165,1579,1639,1481,1771
2025-05-20 22:11:25.992,1545,1571,1577,1500,1842,2193,1638,1557,1637,1635
2025-05-20 22:11:26.192,1525,1554,1621,1459,1772,2123,1637,1431,1773,1589
2025-05-20 22:11:26.392,1541,1545,1676,1455,1735,2083,1564,1335,1450,1562
2025-05-20 22:11:26.592,1544,1448,1683,1453,1815,2025,1517,1365,681,1541
2025-05-20 22:11:26.792,1555,1353,1693,1481,1871,1846,1581,1343,0,1558
2025-05-20 22:11:26.992,1549,1429,1663,1495,1736,1671,1621,1323,0,1576
2025-05-20 22:11:27.192,1560,1469,1687,1506,1287,1553,1557,1379,222,1605
2025-05-20 22:11:27.392,1580,1553,1653,1510,773,1407,1541,1439,1577,1635
2025-05-20 22:11:27.592,1555,1566,1656,1528,582,1379,1573,1511,2681,1655
2025-05-20 22:11:27.792,1433,1663,1579,1529,927,1343,1517,1595,3379,1707
2025-05-20 22:11:27.992,1242,1641,1543,1527,1371,1383,1717,1688,3109,1781
2025-05-20 22:11:28.192,1141,1661,1487,1519,1597,1374,1679,1701,2713,1748
2025-05-20 22:11:28.392,1272,1633,1383,1524,1845,1247,1491,1619,2270,1595
2025-05-20 22:11:28.592,1481,1671,1254,1517,2023,1065,1401,1439,1964,1309
2025-05-20 22:11:28.792,1621,1679,1323,1508,1967,791,1571,1400,2163,871
2025-05-20 22:11:28.992,1671,1691,1509,1516,1915,693,1567,1425,1928,675
2025-05-20 22:11:29.192,1719,1671,1727,1508,1875,723,1557,1502,1573,819
2025-05-20 22:11:29.392,1743,1721,1848,1509,1836,993,1597,1508,1428,1340
2025-05-20 22:11:29.592,1640,1693,1696,1501,1789,1379,1605,1547,1355,1847
2025-05-20 22:11:29.792,1563,1716,1655,1481,1879,1829,1508,1571,1319,1975
2025-05-20 22:11:29.992,1543,1611,1591,1447,1870,2181,1566,1557,1329,2004
2025-05-20 22:11:30.192,1528,1583,1624,1436,1589,2219,1583,1523,1399,1805
2025-05-20 22:11:30.392,1543,1579,1583,1455,1123,2168,1459,1564,1451,1677
2025-05-20 22:11:30.592,1546,1591,1643,1487,723,2187,1542,1548,1509,1619
2025-05-20 22:11:30.792,1549,1543,1614,1508,603,2155,1491,1397,1651,1583
2025-05-20 22:11:30.992,1554,1579,1631,1507,991,2077,1589,1391,1397,1574
2025-05-20 22:11:31.192,1553,1639,1705,1514,1437,1890,1699,1399,594,1594
2025-05-20 22:11:31.392,1582,1588,1669,1525,1700,1779,1491,1401,0,1609
2025-05-20 22:11:31.592,1525,1589,1652,1527,1893,1657,1621,1448,0,1651
2025-05-20 22:11:31.792,1383,1587,1633,1520,2035,1479,1660,1499,437,1693
2025-05-20 22:11:31.992,1188,1623,1595,1511,1902,1369,1588,1549,1871,1753
2025-05-20 22:11:32.192,1163,1604,1487,1507,1829,1349,1591,1577,2856,1784
2025-05-20 22:11:32.392,1334,1581,1395,1516,1880,1399,1467,1651,3383,1689
2025-05-20 22:11:32.592,1529,1604,1262,1513,1803,1395,1547,1629,3069,1583
2025-05-20 22:11:32.792,1639,1580,1271,1509,1839,1403,1501,1623,2596,1433
2025-05-20 22:11:32.992,1676,1592,1493,1510,1941,1287,1629,1483,2157,1223
2025-05-20 22:11:33.192,1756,1555,1642,1511,1943,1102,1554,1413,2019,843
2025-05-20 22:11:33.392,1710,1561,1785,1502,1467,853,1584,1387,2133,680
2025-05-20 22:11:33.592,1619,1605,1682,1469,943,717,1559,1472,1763,839
2025-05-20 22:11:33.792,1559,1553,1718,1445,553,755,1355,1523,1487,1422
2025-05-20 22:11:33.992,1531,1631,1659,1445,439,973,1542,1589,1371,1864
2025-05-20 22:11:34.192,1541,1589,1669,1462,971,1391,1508,1668,1356,1960
2025-05-20 22:11:34.392,1541,1522,1692,1493,1368,1781,1628,1671,1395,1995
2025-05-20 22:11:34.592,1544,1583,1668,1511,1653,2091,1685,1605,1449,1821
2025-05-20 22:11:34.792,1548,1575,1675,1506,2009,2165,1599,1547,1493,1661
2025-05-20 22:11:34.992,1541,1573,1663,1519,2135,2197,1445,1439,1544,1589
2025-05-20 22:11:35.192,1564,1517,1651,1528,2139,2168,1437,1331,1579,1587
2025-05-20 22:11:35.392,1571,1565,1695,1529,1967,2171,1549,1181,1517,1625
2025-05-20 22:11:35.592,1470,1621,1627,1517,1956,2043,1605,1017,1077,1661
2025-05-20 22:11:35.792,1327,1629,1657,1512,1929,1907,1703,1060,115,1707
2025-05-20 22:11:35.992,1168,1613,1556,1516,1948,1775,1590,1277,0,1749
2025-05-20 22:11:36.192,1212,1579,1565,1514,1977,1589,1652,1513,12,1773
2025-05-20 22:11:36.392,1401,1595,1384,1511,1891,1493,1517,1771,1117,1753
2025-05-20 22:11:36.592,1575,1605,1267,1512,1437,1395,1612,1959,2385,1699
2025-05-20 22:11:36.792,1647,1546,1292,1511,885,1351,1614,2120,3245,1589
2025-05-20 22:11:36.992,1688,1625,1433,1505,551,1351,1531,2137,3245,1469
2025-05-20 22:11:37.192,1767,1591,1690,1496,713,1373,1657,2040,2797,1247
2025-05-20 22:11:37.392,1679,1531,1891,1461,1243,1384,1543,1782,2360,883
2025-05-20 22:11:37.592,1587,1587,1673,1446,1567,1191,1481,1469,2005,665
2025-05-20 22:11:37.792,1561,1573,1600,1449,1780,967,1563,1355,2219,762
2025-05-20 22:11:37.992,1542,1583,1695,1466,1949,743,1557,1331,1866,1388
2025-05-20 22:11:38.192,1534,1591,1576,1496,1977,627,1518,1422,1532,1845
2025-05-20 22:11:38.392,1533,1493,1702,1509,2013,776,1573,1476,1435,1927
2025-05-20 22:11:38.592,1555,1581,1673,1511,1883,1177,1529,1496,1439,1973
2025-05-20 22:11:38.792,1543,1618,1651,1514,1807,1635,1653,1532,1433,1949
2025-05-20 22:11:38.992,1545,1619,1671,1528,1750,2022,1403,1514,1461,1724
2025-05-20 22:11:39.192,1562,1577,1607,1515,1862,2185,1545,1516,1501,1567
2025-05-20 22:11:39.392,1532,1563,1719,1515,1973,2219,1531,1494,1549,1493
2025-05-20 22:11:39.592,1403,1587,1593,1509,1747,2135,1656,1445,1511,1497
2025-05-20 22:11:39.792,1255,1627,1547,1501,1143,2167,1595,1395,1463,1607
2025-05-20 22:11:39.992,1173,1631,1591,1499,724,2150,1644,1357,1215,1715
2025-05-20 22:11:40.193,1300,1566,1515,1497,511,2029,1561,1331,431,1773
2025-05-20 22:11:40.393,1487,1529,1391,1499,927,1819,1443,1333,0,1774
2025-05-20 22:11:40.593,1625,1593,1316,1500,1373,1640,1451,1289,0,1767
2025-05-20 22:11:40.793,1669,1560,1390,1495,1609,1507,1544,1224,699,1675
2025-05-20 22:11:40.993,1705,1623,1606,1491,1847,1433,1528,1326,2045,1596
2025-05-20 22:11:41.193,1727,1579,1695,1448,2025,1379,1597,1493,2901,1390
2025-05-20 22:11:41.393,1623,1574,1787,1437,2023,1319,1425,1579,3257,1053
2025-05-20 22:11:41.593,1567,1594,1643,1451,1901,1381,1510,1643,2823,715
2025-05-20 22:11:41.793,1544,1619,1549,1467,1899,1357,1593,1549,2407,691
2025-05-20 22:11:41.993,1541,1591,1543,1496,1775,1365,1653,1513,2131,1215
2025-05-20 22:11:42.193,1547,1577,1579,1497,1836,1224,1513,1685,2322,1705
2025-05-20 22:11:42.393,1557,1541,1588,1501,1957,969,1449,1875,1893,1821
2025-05-20 22:11:42.593,1555,1559,1640,1514,1913,804,1543,1912,1553,1913
2025-05-20 22:11:42.793,1529,1567,1672,1517,1517,665,1464,1853,1433,1881
2025-05-20 22:11:42.993,1541,1595,1677,1513,959,809,1613,1757,1400,1779
2025-05-20 22:11:43.193,1549,1563,1684,1508,627,1115,1541,1683,1403,1695
2025-05-20 22:11:43.393,1507,1546,1675,1493,560,1497,1573,1573,1487,1501
2025-05-20 22:11:43.593,1387,1557,1627,1493,1081,1919,1499,1455,1516,1423
2025-05-20 22:11:43.793,1207,1545,1599,1497,1501,2135,1496,1231,1527,1531
2025-05-20 22:11:43.993,1179,1523,1560,1495,1661,2147,1447,1307,1517,1643
2025-05-20 22:11:44.193,1327,1431,1497,1500,1919,2198,1575,1436,1418,1702
2025-05-20 22:11:44.393,1527,1384,1338,1496,2008,2196,1435,1421,1163,1717
2025-05-20 22:11:44.593,1669,1427,1310,1496,1999,2105,1517,1413,424,1702
2025-05-20 22:11:44.793,1685,1456,1367,1481,1917,1971,1637,1467,0,1652
2025-05-20 22:11:44.993,1742,1513,1523,1447,1838,1833,1557,1523,0,1527
2025-05-20 22:11:45.193,1710,1561,1721,1445,1671,1623,1491,1596,695,1349
2025-05-20 22:11:45.393,1605,1592,1822,1451,1663,1466,1469,1673,1963,997
2025-05-20 22:11:45.593,1545,1581,1647,1468,1802,1397,1679,1701,2809,731
2025-05-20 22:11:45.793,1533,1637,1609,1490,1919,1375,1483,1623,3149,921
2025-05-20 22:11:45.993,1546,1682,1589,1496,1496,1351,1593,1487,2759,1482
2025-05-20 22:11:46.193,1547,1626,1581,1498,993,1343,1583,1349,2345,1791
2025-05-20 22:11:46.393,1556,1699,1588,1513,671,1337,1477,1319,2269,1893
2025-05-20 22:11:46.593,1541,1711,1629,1515,675,1221,1492,1395,2258,1891
2025-05-20 22:11:46.793,1542,1721,1639,1500,1191,1055,1436,1447,1785,1815
2025-05-20 22:11:46.993,1556,1651,1623,1507,1519,867,1561,1455,1519,1659
2025-05-20 22:11:47.193,1561,1663,1621,1496,1833,651,1508,1605,1439,1669
2025-05-20 22:11:47.395,1471,1655,1686,1495,1992,683,1501,1608,1464,1687
2025-05-20 22:11:47.595,1325,1635,1646,1499,2039,904,1399,1319,1467,1673
2025-05-20 22:11:47.795,1183,1587,1582,1508,1967,1275,1625,951,1503,1529
2025-05-20 22:11:47.995,1209,1507,1557,1503,1853,1726,1484,925,1557,1545
2025-05-20 22:11:48.195,1385,1543,1555,1491,1735,2083,1647,1197,1522,1577
2025-05-20 22:11:48.395,1573,1491,1327,1479,1696,2191,1562,1463,1491,1609
2025-05-20 22:11:48.595,1655,1597,1257,1471,1799,2173,1543,1624,1415,1553
2025-05-20 22:11:48.795,1663,1557,1321,1449,1897,2217,1386,1865,1115,1387
2025-05-20 22:11:48.995,1757,1599,1491,1443,1702,2211,1454,2015,271,1177
2025-05-20 22:11:49.195,1686,1581,1670,1446,1166,2089,1560,1997,0,917
2025-05-20 22:11:49.395,1581,1589,1915,1469,661,1885,1523,1823,0,793
2025-05-20 22:11:49.595,1554,1565,1704,1485,347,1779,1443,1747,919,1013
2025-05-20 22:11:49.795,1556,1612,1553,1492,739,1555,1485,1691,2013,1396
2025-05-20 22:11:49.995,1557,1560,1547,1497,1372,1452,1519,1691,2809,1829
2025-05-20 22:11:50.195,1546,1525,1587,1499,1695,1367,1561,1655,2985,2119
2025-05-20 22:11:50.395,1549,1547,1592,1508,1965,1333,1516,1559,2597,2107
2025-05-20 22:11:50.595,1544,1513,1574,1501,2023,1316,1507,1342,2261,1877
2025-05-20 22:11:50.795,1532,1587,1645,1501,1836,1319,1451,1239,2508,1677
2025-05-20 22:11:50.995,1561,1581,1593,1487,1769,1389,1635,1303,2079,1609
2025-05-20 22:11:51.195,1531,1508,1675,1485,1768,1241,1555,1335,1623,1609
2025-05-20 22:11:51.395,1439,1555,1573,1493,1867,1043,1418,1462,1468,1599
2025-05-20 22:11:51.595,1285,1483,1637,1481,1819,831,1575,1542,1447,1579
2025-05-20 22:11:51.795,1164,1547,1557,1487,1835,681,1579,1455,1467,1533
2025-05-20 22:11:51.995,1235,1505,1529,1485,1979,699,1453,1351,1478,1528
2025-05-20 22:11:52.195,1414,1509,1511,1479,1897,871,1531,1181,1549,1507
2025-05-20 22:11:52.395,1591,1615,1331,1467,1391,1252,1527,1041,1593,1123
2025-05-20 22:11:52.595,1670,1587,1289,1443,925,1695,1490,1127,1513,863
2025-05-20 22:11:52.795,1691,1561,1350,1433,711,2077,1497,1421,1467,777
2025-05-20 22:11:52.995,1755,1572,1545,1446,829,2120,1507,1557,1374,923
2025-05-20 22:11:53.195,1657,1534,1700,1464,1139,2183,1472,1745,920,1331
2025-05-20 22:11:53.395,1581,1568,1799,1481,1408,2283,1501,1918,0,2053
2025-05-20 22:11:53.595,1549,1519,1679,1491,1736,2201,1653,1957,0,2503
2025-05-20 22:11:53.795,1554,1497,1531,1492,1785,2037,1484,1901,104,2227
2025-05-20 22:11:53.993,1555,1551,1533,1503,1628,1868,1357,1836,1259,1865
2025-05-20 22:11:54.193,1543,1589,1548,1499,1655,1721,1468,1753,2117,1561
2025-05-20 22:11:54.393,1544,1557,1599,1492,1821,1509,1427,1692,2827,1404
2025-05-20 22:11:54.593,1543,1507,1615,1493,1885,1405,1542,1663,2739,1361
2025-05-20 22:11:54.793,1554,1529,1609,1486,2037,1301,1556,1583,2389,1429
2025-05-20 22:11:54.993,1573,1525,1604,1487,2029,1333,1471,1381,2541,1543
2025-05-20 22:11:55.193,1519,1559,1662,1479,1994,1303,1449,1193,2313,1595
2025-05-20 22:11:55.393,1405,1573,1625,1481,1944,1333,1551,1197,1805,1549
2025-05-20 22:11:55.593,1245,1527,1642,1493,1531,1302,1531,1249,1559,1263
2025-05-20 22:11:55.793,1162,1544,1548,1479,954,1075,1614,1416,1496,765
2025-05-20 22:11:55.993,1259,1541,1543,1480,645,909,1509,1525,1499,661
2025-05-20 22:11:56.194,1463,1510,1455,1461,748,703,1560,1471,1515,996
2025-05-20 22:11:56.394,1599,1557,1279,1445,928,567,1513,1370,1557,1547
2025-05-20 22:11:56.594,1661,1525,1319,1435,1401,686,1497,1199,1553,2214
2025-05-20 22:11:56.794,1725,1575,1363,1437,1683,1017,1573,938,1507,2637
2025-05-20 22:11:56.994,1769,1577,1564,1464,1971,1493,1325,905,1470,2453
2025-05-20 22:11:57.194,1640,1555,1683,1481,1971,1879,1503,1149,1381,1817
2025-05-20 22:11:57.394,1578,1523,1769,1487,2057,2151,1551,1261,1149,1351
2025-05-20 22:11:57.594,1553,1526,1628,1487,2035,2131,1435,1486,383,1157
2025-05-20 22:11:57.794,1553,1561,1532,1493,1955,2123,1576,1717,0,1129
2025-05-20 22:11:57.994,1549,1527,1530,1505,1783,2147,1528,1902,0,1210
2025-05-20 22:11:58.194,1543,1492,1549,1492,1775,2066,1591,2013,757,1324
2025-05-20 22:11:58.394,1543,1516,1565,1471,1719,1925,1443,2023,1705,1483
2025-05-20 22:11:58.594,1525,1549,1597,1471,1779,1763,1517,1919,2504,1629
2025-05-20 22:11:58.794,1547,1494,1639,1485,1461,1624,1609,1829,2771,1657
2025-05-20 22:11:58.994,1576,1503,1643,1471,1163,1435,1527,1588,2473,1276
2025-05-20 22:11:59.195,1529,1517,1583,1455,867,1341,1497,1448,2581,889
2025-05-20 22:11:59.395,1405,1547,1620,1464,805,1319,1460,1286,2359,757
2025-05-20 22:11:59.595,1247,1553,1527,1468,717,1277,1494,1319,1829,995
2025-05-20 22:11:59.795,1162,1503,1557,1461,1131,1335,1459,1341,1577,1735
2025-05-20 22:11:59.995,1261,1549,1575,1462,1611,1307,1449,1443,1563,2264
2025-05-20 22:12:00.194,1459,1503,1509,1447,1877,1289,1568,1491,1547,2453
2025-05-20 22:12:00.397,1598,1510,1315,1437,2027,1173,1455,1544,1567,2227
2025-05-20 22:12:00.594,1663,1547,1251,1448,2073,922,1445,1645,1618,1911
2025-05-20 22:12:00.794,1737,1564,1315,1459,2075,667,1547,1743,1599,1597
2025-05-20 22:12:00.994,1728,1498,1485,1478,1891,611,1416,1757,1545,1343
2025-05-20 22:12:01.194,1639,1608,1696,1485,1779,791,1383,1637,1467,1139
2025-05-20 22:12:01.394,1583,1515,1787,1491,1742,1099,1493,1385,1359,1141
2025-05-20 22:12:01.594,1557,1469,1687,1496,1747,1553,1464,1180,1231,1213
2025-05-20 22:12:01.794,1557,1387,1526,1491,1587,1963,1545,1071,597,1323
2025-05-20 22:12:01.994,1551,1403,1531,1487,1290,2138,1456,1023,0,1419
2025-05-20 22:12:02.194,1545,1391,1509,1483,1077,2183,1430,1139,0,1497
2025-05-20 22:12:02.394,1533,1385,1579,1481,1003,2199,1468,1293,549,1545
2025-05-20 22:12:02.594,1520,1451,1549,1477,703,2233,1531,1465,1431,1572
2025-05-20 22:12:02.794,1545,1481,1608,1471,631,2065,1469,1577,2255,1657
2025-05-20 22:12:02.994,1524,1524,1605,1469,971,1909,1417,1765,2661,1787
2025-05-20 22:12:03.194,1471,1501,1567,1467,1621,1789,1531,1833,2456,1784
2025-05-20 22:12:03.394,1365,1571,1640,1459,2037,1591,1455,1917,2713,1351
2025-05-20 22:12:03.594,1189,1575,1545,1467,2169,1443,1464,1873,2347,797
2025-05-20 22:12:03.794,1161,1621,1496,1468,2296,1339,1477,1645,1869,605
2025-05-20 22:12:03.994,1319,1609,1491,1448,2123,1324,1520,1466,1615,855
2025-05-20 22:12:04.193,1516,1607,1518,1436,1940,1275,1583,1449,1531,1673
2025-05-20 22:12:04.393,1645,1592,1372,1437,1784,1289,1427,1467,1571,2203
2025-05-20 22:12:04.593,1687,1639,1272,1455,1745,1269,1511,1469,1575,2253
2025-05-20 22:12:04.793,1775,1673,1299,1466,1559,1111,1589,1449,1623,2014
2025-05-20 22:12:04.993,1687,1655,1467,1481,1379,949,1382,1405,1591,1757
2025-05-20 22:12:05.193,1581,1560,1622,1479,1117,796,1449,1499,1513,1546
2025-05-20 22:12:05.393,1525,1511,1721,1480,1160,579,1515,1555,1447,1351
2025-05-20 22:12:05.593,1492,1469,1701,1485,937,573,1461,1623,1386,1309
2025-05-20 22:12:05.793,1492,1467,1568,1491,723,813,1487,1636,1263,1323
2025-05-20 22:12:05.993,1495,1511,1511,1483,701,1235,1487,1597,627,1371
2025-05-20 22:12:06.193,1504,1547,1519,1477,1042,1723,1497,1420,0,1429
2025-05-20 22:12:06.393,1508,1555,1558,1478,1559,2135,1292,1336,0,1485
2025-05-20 22:12:06.593,1509,1613,1557,1479,2068,2223,1389,1310,520,1525
2025-05-20 22:12:06.793,1519,1579,1619,1467,2291,2252,1651,1363,1389,1572
2025-05-20 22:12:06.993,1527,1573,1587,1465,2239,2269,1579,1373,2163,1661
2025-05-20 22:12:07.193,1437,1553,1617,1464,2136,2231,1593,1494,2579,1783
2025-05-20 22:12:07.393,1316,1549,1573,1463,2012,2035,1519,1604,2439,1831
2025-05-20 22:12:07.593,1211,1499,1579,1455,1780,1867,1494,1619,2857,1735
2025-05-20 22:12:07.793,1255,1531,1548,1449,1661,1670,1401,1637,2292,1637
2025-05-20 22:12:07.993,1445,1549,1583,1446,1447,1507,1445,1595,1865,1335
2025-05-20 22:12:08.193,1619,1503,1528,1452,1227,1394,1445,1449,1685,856
2025-05-20 22:12:08.393,1707,1491,1391,1468,1045,1311,1447,1379,1641,649
2025-05-20 22:12:08.593,1715,1490,1215,1481,745,1327,1493,1373,1645,762
2025-05-20 22:12:08.793,1705,1549,1255,1487,999,1287,1561,1355,1651,1320
2025-05-20 22:12:08.993,1699,1571,1375,1487,1147,1343,1432,1368,1659,1829
2025-05-20 22:12:09.193,1611,1548,1633,1497,1197,1375,1577,1367,1619,1911
2025-05-20 22:12:09.393,1567,1517,1753,1493,1193,1163,1547,1287,1573,1951
2025-05-20 22:12:09.593,1548,1567,1743,1497,1611,1018,1498,1235,1479,1885
2025-05-20 22:12:09.793,1533,1517,1567,1491,1904,877,1420,1145,1420,1703
2025-05-20 22:12:09.993,1549,1549,1511,1492,2067,654,1571,1173,1260,1548
2025-05-20 22:12:10.193,1541,1543,1577,1484,2151,732,1500,1287,574,1467
2025-05-20 22:12:10.393,1545,1499,1573,1482,2085,981,1497,1565,0,1443
2025-05-20 22:12:10.593,1553,1509,1579,1484,1955,1400,1515,1787,0,1461
2025-05-20 22:12:10.793,1608,1561,1583,1482,1703,1863,1494,1927,553,1517
2025-05-20 22:12:10.993,1591,1577,1581,1481,1381,2247,1435,1959,1455,1560
2025-05-20 22:12:11.193,1469,1549,1609,1480,1350,2227,1506,1929,2231,1595
2025-05-20 22:12:11.393,1357,1560,1631,1471,919,2386,1547,1873,2601,1629
2025-05-20 22:12:11.593,1193,1563,1597,1480,985,2380,1577,1721,2536,1706
2025-05-20 22:12:11.793,1159,1541,1561,1461,1079,2204,1515,1637,2933,1839
2025-05-20 22:12:11.993,1311,1517,1618,1455,1403,2031,1533,1627,2283,1799
2025-05-20 22:12:12.193,1498,1514,1551,1467,1685,1854,1491,1625,1871,1705
2025-05-20 22:12:12.393,1608,1594,1507,1480,1557,1703,1483,1599,1695,1515
2025-05-20 22:12:12.593,1646,1597,1335,1487,1331,1545,1627,1415,1650,1093
2025-05-20 22:12:12.793,1643,1509,1248,1491,1187,1380,1559,1253,1651,741
2025-05-20 22:12:12.993,1663,1594,1308,1497,1499,1324,1400,1215,1630,681
2025-05-20 22:12:13.193,1645,1549,1450,1501,1689,1309,1487,1257,1661,979
2025-05-20 22:12:13.393,1563,1559,1652,1499,1865,1337,1591,1352,1637,1555
2025-05-20 22:12:13.593,1555,1515,1799,1496,1831,1324,1592,1439,1528,1845
2025-05-20 22:12:13.793,1567,1575,1677,1496,1838,1167,1492,1540,1495,1945
2025-05-20 22:12:13.993,1574,1619,1643,1499,1897,982,1547,1630,1448,1961
2025-05-20 22:12:14.193,1546,1559,1581,1491,1453,932,1688,1673,1165,1786
2025-05-20 22:12:14.393,1553,1555,1610,1497,1298,745,1650,1583,403,1637
2025-05-20 22:12:14.593,1571,1594,1670,1495,1309,665,1428,1429,0,1587
2025-05-20 22:12:14.793,1640,1546,1704,1496,1375,857,1419,1260,35,1530
2025-05-20 22:12:14.993,1584,1593,1647,1493,1508,1267,1523,999,781,1505
2025-05-20 22:12:15.193,1483,1581,1694,1487,1587,1735,1615,1005,1657,1523
2025-05-20 22:12:15.393,1431,1565,1685,1492,1707,2189,1605,1132,2413,1553
2025-05-20 22:12:15.593,1391,1574,1611,1468,1877,2334,1634,1405,2583,1599
2025-05-20 22:12:15.793,1367,1595,1530,1463,1775,2438,1637,1687,2887,1633
2025-05-20 22:12:15.993,1300,1575,1559,1465,1704,2427,1405,1875,2630,1639
2025-05-20 22:12:16.193,1321,1530,1610,1482,1679,2339,1557,2067,2133,1684
2025-05-20 22:12:16.393,1437,1582,1577,1493,1294,2141,1533,2125,1861,1800
2025-05-20 22:12:16.593,1577,1639,1423,1493,477,1851,1513,2131,1787,1805
2025-05-20 22:12:16.793,1639,1575,1274,1501,245,1701,1683,1879,1709,1661
2025-05-20 22:12:16.993,1674,1577,1293,1501,743,1503,1606,1515,1685,1416
2025-05-20 22:12:17.193,1720,1573,1379,1507,1331,1427,1505,1275,1717,939
2025-05-20 22:12:17.393,1605,1563,1556,1506,1829,1295,1520,1257,1672,703
2025-05-20 22:12:17.593,1563,1581,1735,1502,2221,1323,1587,1385,1594,813
2025-05-20 22:12:17.793,1549,1588,1663,1499,2281,1341,1502,1509,1519,1277
2025-05-20 22:12:17.993,1557,1599,1655,1499,2149,1395,1567,1533,1443,1739
2025-05-20 22:12:18.194,1580,1557,1675,1501,2075,1391,1679,1459,1379,1916
2025-05-20 22:12:18.394,1573,1573,1691,1499,1972,1203,1593,1362,911,1963
2025-05-20 22:12:18.594,1583,1621,1672,1500,1915,1101,1642,1165,93,1827
2025-05-20 22:12:18.794,1598,1551,1685,1496,1980,877,1501,1003,0,1683
2025-05-20 22:12:18.994,1517,1557,1625,1487,1885,613,1525,958,250,1593
2025-05-20 22:12:19.194,1438,1575,1659,1491,1838,732,1607,1095,1131,1567
2025-05-20 22:12:19.394,1395,1575,1671,1466,1651,1035,1583,1363,1983,1527
2025-05-20 22:12:19.594,1391,1470,1587,1461,1183,1418,1620,1595,2587,1555
2025-05-20 22:12:19.794,1415,1465,1595,1462,858,1846,1534,1717,2603,1577
2025-05-20 22:12:19.994,1418,1414,1597,1471,623,2207,1579,1914,3061,1604
2025-05-20 22:12:20.194,1405,1417,1655,1486,567,2279,1505,2021,2361,1613
2025-05-20 22:12:20.394,1432,1497,1615,1494,791,2329,1611,1979,1951,1636
2025-05-20 22:12:20.594,1491,1630,1469,1493,1307,2351,1509,1932,1776,1635
2025-05-20 22:12:20.794,1550,1611,1295,1499,1785,2222,1614,1870,1755,1674
2025-05-20 22:12:20.994,1696,1630,1295,1507,2023,2028,1613,1771,1703,1754
2025-05-20 22:12:21.194,1708,1645,1262,1500,2239,1949,1529,1599,1725,1725
2025-05-20 22:12:21.394,1631,1628,1541,1503,2231,1703,1735,1331,1751,1621
2025-05-20 22:12:21.594,1592,1641,1709,1497,2028,1507,1530,1237,1675,1332
2025-05-20 22:12:21.794,1571,1695,1715,1496,2181,1401,1531,1379,1577,885
2025-05-20 22:12:21.994,1568,1685,1685,1497,2067,1315,1655,1453,1501,729
2025-05-20 22:12:22.194,1566,1702,1647,1491,1961,1299,1544,1373,1399,920
2025-05-20 22:12:22.394,1575,1643,1737,1497,1723,1378,1593,1337,1182,1415
2025-05-20 22:12:22.594,1531,1683,1717,1495,1275,1392,1578,1207,435,1771
2025-05-20 22:12:22.794,1469,1703,1655,1491,893,1221,1661,915,0,1907
2025-05-20 22:12:22.994,1438,1635,1637,1480,687,1035,1544,971,31,1957
2025-05-20 22:12:23.194,1421,1605,1593,1467,605,861,1530,1079,719,1737
2025-05-20 22:12:23.394,1437,1591,1615,1463,853,665,1397,1413,1571,1614
2025-05-20 22:12:23.594,1464,1589,1625,1462,1149,593,1495,1735,2333,1575
2025-05-20 22:12:23.794,1491,1511,1705,1469,1706,793,1481,1853,2577,1551
2025-05-20 22:12:23.994,1506,1607,1525,1483,2010,1199,1527,1961,3115,1554
2025-05-20 22:12:24.194,1524,1581,1627,1494,2103,1717,1563,1939,2597,1575
2025-05-20 22:12:24.394,1525,1557,1605,1496,2207,2123,1599,1901,2089,1613
2025-05-20 22:12:24.594,1577,1533,1507,1507,2140,2340,1620,1751,1847,1625
2025-05-20 22:12:24.794,1613,1635,1293,1501,1948,2331,1597,1709,1763,1623
2025-05-20 22:12:24.994,1556,1647,1215,1499,2098,2292,1583,1745,1720,1637
2025-05-20 22:12:25.194,1525,1644,1372,1500,1991,2283,1543,1658,1741,1627
2025-05-20 22:12:25.394,1531,1624,1463,1495,1945,2123,1587,1541,1751,1721
2025-05-20 22:12:25.594,1547,1547,1577,1493,1513,1947,1628,1417,1691,1717
2025-05-20 22:12:25.794,1565,1583,1707,1492,1006,1781,1395,1363,1576,1629
2025-05-20 22:12:25.994,1543,1528,1740,1481,604,1653,1559,1369,1479,1517
2025-05-20 22:12:26.194,1480,1579,1747,1487,501,1484,1483,1359,1327,1261
2025-05-20 22:12:26.394,1444,1553,1715,1481,763,1373,1567,1245,1261,872
2025-05-20 22:12:26.594,1399,1577,1662,1479,1105,1304,1599,1077,751,757
2025-05-20 22:12:26.794,1383,1526,1597,1477,1655,1305,1527,879,0,983
2025-05-20 22:12:26.994,1405,1527,1679,1460,1951,1312,1439,1018,0,1443
2025-05-20 22:12:27.194,1461,1589,1671,1455,2105,1326,1421,1271,379,1767
2025-05-20 22:12:27.394,1506,1542,1642,1461,2141,1293,1530,1467,1279,1940
2025-05-20 22:12:27.594,1563,1547,1663,1470,2075,1065,1527,1677,2071,1847
2025-05-20 22:12:27.794,1582,1527,1548,1485,1919,883,1659,1869,2540,1675
2025-05-20 22:12:27.994,1619,1559,1575,1489,1975,691,1413,1952,2814,1597
2025-05-20 22:12:28.194,1669,1555,1575,1497,2072,671,1509,1901,2860,1559
2025-05-20 22:12:28.394,1613,1621,1591,1500,2031,895,1510,1800,2211,1561
2025-05-20 22:12:28.594,1563,1621,1492,1498,1703,1199,1578,1685,1884,1587
2025-05-20 22:12:28.794,1544,1547,1371,1500,1106,1675,1531,1645,1766,1619
2025-05-20 22:12:28.994,1528,1597,1295,1496,686,2043,1660,1570,1755,1620
2025-05-20 22:12:29.194,1547,1553,1301,1492,427,2227,1577,1607,1687,1635
2025-05-20 22:12:29.394,1565,1532,1480,1491,534,2195,1466,1289,1691,1619
2025-05-20 22:12:29.594,1542,1591,1651,1485,1107,2165,1512,1149,1637,1624
2025-05-20 22:12:29.794,1495,1589,1695,1490,1637,2147,1487,1628,1559,1609
2025-05-20 22:12:29.994,1469,1565,1704,1483,1989,2111,1589,1653,1433,1689
2025-05-20 22:12:30.194,1447,1595,1705,1485,2118,1989,1529,1663,1365,1685
2025-05-20 22:12:30.394,1440,1528,1687,1480,2085,1752,1461,1675,1317,1594
2025-05-20 22:12:30.594,1460,1553,1619,1469,1943,1649,1532,1453,989,1483
2025-05-20 22:12:30.794,1483,1563,1720,1452,1895,1455,1564,1275,185,1237
2025-05-20 22:12:30.994,1499,1565,1645,1451,1911,1341,1549,967,0,863
2025-05-20 22:12:31.194,1507,1525,1616,1465,1971,1332,1471,939,151,760
2025-05-20 22:12:31.394,1523,1533,1623,1471,1961,1305,1611,1117,1005,995
2025-05-20 22:12:31.594,1609,1595,1626,1483,1951,1287,1560,1403,1845,1467
2025-05-20 22:12:31.794,1583,1555,1593,1491,1428,1353,1513,1637,2451,1775
2025-05-20 22:12:31.994,1543,1577,1503,1493,840,1216,1479,1683,2506,1961
2025-05-20 22:12:32.194,1519,1605,1515,1505,437,997,1381,1839,3052,1775
2025-05-20 22:12:32.394,1513,1581,1571,1500,407,790,1450,1896,2351,1640
2025-05-20 22:12:32.594,1530,1597,1471,1492,967,615,1571,1943,1978,1580
2025-05-20 22:12:32.794,1549,1567,1289,1493,1613,654,1637,1881,1819,1559
2025-05-20 22:12:32.994,1484,1545,1247,1484,1959,855,1575,1749,1759,1574
2025-05-20 22:12:33.194,1404,1543,1362,1484,2079,1324,1455,1469,1682,1591
2025-05-20 22:12:33.394,1228,1551,1544,1485,2010,1819,1448,1491,1677,1612
2025-05-20 22:12:33.594,1213,1517,1694,1487,1941,2174,1498,1554,1659,1609
2025-05-20 22:12:33.794,1375,1482,1776,1486,1893,2299,1580,1631,1592,1613
2025-05-20 22:12:33.994,1564,1566,1596,1490,1757,2201,1587,1590,1524,1609
2025-05-20 22:12:34.194,1643,1547,1548,1479,1867,2095,1576,1485,1430,1594
2025-05-20 22:12:34.394,1683,1613,1635,1468,2037,2137,1357,1237,1301,1596
2025-05-20 22:12:34.594,1653,1586,1624,1461,2045,2013,1511,1181,1099,1705
2025-05-20 22:12:34.794,1641,1512,1611,1451,1575,1926,1420,1323,393,1687
2025-05-20 22:12:34.994,1643,1565,1567,1462,983,1749,1509,1407,0,1563
2025-05-20 22:12:35.194,1565,1555,1583,1469,469,1588,1435,1321,18,1469
2025-05-20 22:12:35.394,1555,1580,1635,1487,265,1463,1599,1135,789,1189
2025-05-20 22:12:35.594,1571,1587,1631,1485,684,1327,1658,1055,1621,831
2025-05-20 22:12:35.794,1567,1495,1594,1487,1500,1311,1478,1165,2323,751
2025-05-20 22:12:35.994,1573,1573,1542,1491,1937,1287,1507,1417,2445,1021
2025-05-20 22:12:36.194,1583,1515,1523,1495,2107,1307,1513,1685,3007,1511
2025-05-20 22:12:36.394,1597,1545,1561,1491,2126,1351,1562,1791,2501,1811
2025-05-20 22:12:36.594,1543,1507,1445,1489,1959,1340,1395,1951,2035,1934
2025-05-20 22:12:36.794,1493,1561,1243,1483,1818,1103,1388,1995,1799,1757
2025-05-20 22:12:36.994,1451,1527,1301,1482,1746,809,1407,1967,1755,1610
2025-05-20 22:12:37.194,1431,1525,1378,1479,1775,647,1603,1803,1676,1549
2025-05-20 22:12:37.394,1436,1543,1578,1468,1965,685,1363,1688,1679,1549
2025-05-20 22:12:37.594,1453,1420,1687,1471,1969,847,1551,1629,1661,1581
2025-05-20 22:12:37.794,1444,1367,1752,1471,1835,1205,1463,1573,1605,1597
2025-05-20 22:12:37.994,1323,1351,1748,1477,1180,1651,1556,1560,1506,1595
2025-05-20 22:12:38.194,1307,1385,1541,1453,529,2039,1311,1607,1443,1613
2025-05-20 22:12:38.394,1455,1499,1513,1447,147,2207,1263,1571,1317,1613
2025-05-20 22:12:38.594,1711,1519,1479,1454,535,2141,1069,1487,1119,1595
2025-05-20 22:12:38.794,1671,1595,1529,1467,1299,2071,1045,1316,493,1573
2025-05-20 22:12:38.994,1599,1626,1621,1490,1803,2073,927,1273,0,1565
2025-05-20 22:12:39.194,1567,1612,1615,1491,2067,2011,1143,1315,0,1685
2025-05-20 22:12:39.394,1559,1560,1596,1486,2088,1853,1773,1395,636,1641
2025-05-20 22:12:39.594,1553,1571,1643,1491,1973,1752,2457,1496,1499,1563
2025-05-20 22:12:39.794,1561,1592,1577,1492,1881,1631,2482,1421,2248,1470
2025-05-20 22:12:39.994,1598,1605,1510,1495,1763,1469,2168,1255,2519,1189
2025-05-20 22:12:40.194,1567,1635,1507,1483,1719,1419,1971,1065,2911,878
2025-05-20 22:12:40.395,1495,1646,1505,1479,1850,1352,1675,1079,2604,773
2025-05-20 22:12:40.595,1453,1625,1451,1468,1971,1277,1445,1252,2099,1053
2025-05-20 22:12:40.795,1437,1689,1311,1469,1950,1325,1497,1438,1830,1492
2025-05-20 22:12:40.995,1456,1599,1308,1469,1331,1402,1417,1605,1726,1775
2025-05-20 22:12:41.195,1509,1554,1364,1466,587,1355,1305,1774,1643,1903
2025-05-20 22:12:41.395,1531,1513,1551,1466,152,1051,1261,1863,1635,1767
2025-05-20 22:12:41.595,1559,1431,1749,1469,415,701,1275,1850,1639,1611
2025-05-20 22:12:41.795,1553,1445,1707,1479,1213,445,1423,1785,1587,1543
2025-05-20 22:12:41.995,1508,1573,1711,1456,1839,507,1209,1673,1493,1533
2025-05-20 22:12:42.195,1509,1522,1607,1447,2137,849,1503,1639,1423,1554
2025-05-20 22:12:42.395,1557,1561,1463,1452,2070,1239,1463,1627,1329,1581
2025-05-20 22:12:42.595,1509,1559,1447,1467,1917,1755,1603,1625,1127,1595
2025-05-20 22:12:42.795,1478,1562,1451,1487,1838,2183,1493,1575,563,1611
2025-05-20 22:12:42.995,1455,1607,1554,1489,1770,2313,1551,1479,0,1611
2025-05-20 22:12:43.195,1449,1525,1631,1493,1775,2183,1557,1272,0,1531
2025-05-20 22:12:43.395,1467,1519,1581,1489,1819,2055,1452,1238,593,1448
2025-05-20 22:12:43.595,1507,1559,1593,1486,1991,2021,1374,1293,1447,1545
2025-05-20 22:12:43.795,1581,1583,1687,1486,1965,1994,1383,1366,2165,1688
2025-05-20 22:12:43.995,1561,1515,1589,1490,1429,1907,1367,1449,2495,1674
2025-05-20 22:12:44.195,1483,1555,1555,1482,660,1748,1355,1530,2840,1595
2025-05-20 22:12:44.395,1370,1499,1531,1479,139,1623,1361,1582,2702,1512
2025-05-20 22:12:44.595,1379,1493,1511,1481,423,1459,1351,1477,2159,1299
2025-05-20 22:12:44.795,1467,1519,1363,1477,1127,1405,1379,1323,1876,930
2025-05-20 22:12:44.995,1561,1515,1223,1477,1867,1319,1543,1125,1768,811
2025-05-20 22:12:45.195,1605,1517,1321,1480,2123,1247,1414,1132,1753,1051
2025-05-20 22:12:45.395,1615,1557,1525,1481,2107,1287,1451,1207,1717,1491
2025-05-20 22:12:45.595,1605,1499,1723,1471,1967,1565,1479,1387,1692,1804
2025-05-20 22:12:45.795,1592,1545,1774,1455,1811,1595,1560,1607,1635,1941
2025-05-20 22:12:45.995,1613,1533,1701,1452,1689,1239,1567,1726,1544,1781
2025-05-20 22:12:46.195,1647,1589,1657,1461,1703,824,1511,1787,1490,1607
2025-05-20 22:12:46.395,1625,1515,1655,1477,1804,521,1607,1865,1325,1545
2025-05-20 22:12:46.595,1580,1497,1423,1489,1993,503,1527,1839,1129,1526
2025-05-20 22:12:46.795,1547,1525,1391,1495,2035,748,1423,1769,615,1573
2025-05-20 22:12:46.995,1541,1563,1496,1500,1633,1113,1291,1711,0,1613
2025-05-20 22:12:47.195,1518,1579,1588,1507,725,1589,1109,1627,0,1619
2025-05-20 22:12:47.395,1526,1559,1555,1507,83,1963,847,1478,523,1627
2025-05-20 22:12:47.597,1554,1579,1565,1501,355,2203,931,1363,1369,1637
2025-05-20 22:12:47.797,1487,1611,1619,1497,997,2190,1231,1276,2133,1640
2025-05-20 22:12:47.997,1419,1621,1671,1501,1836,2027,1763,1335,2501,1605
2025-05-20 22:12:48.197,1267,1485,1657,1491,2107,1933,2221,1467,2751,1638
2025-05-20 22:12:48.397,1110,1567,1559,1497,2183,1974,2539,1523,2829,1719
2025-05-20 22:12:48.597,1071,1564,1592,1497,2023,1902,2620,1553,2269,1661
2025-05-20 22:12:48.797,1209,1558,1579,1487,1829,1789,2265,1514,1951,1588
2025-05-20 22:12:48.997,1477,1500,1435,1491,1647,1711,1928,1497,1829,1509
2025-05-20 22:12:49.197,1704,1556,1257,1491,1696,1619,1571,1449,1763,1317
2025-05-20 22:12:49.397,1800,1590,1223,1468,1747,1506,1512,1403,1725,937
2025-05-20 22:12:49.597,1769,1592,1388,1453,1959,1509,1225,1301,1701,825
2025-05-20 22:12:49.797,1764,1589,1699,1455,2103,1455,1172,1275,1643,1013
2025-05-20 22:12:49.997,1691,1577,1819,1477,1742,1493,1159,1309,1579,1479
2025-05-20 22:12:50.197,1629,1559,1853,1493,748,1548,1277,1391,1508,1779
2025-05-20 22:12:50.397,1595,1603,1769,1503,38,1571,1428,1529,1385,1976
2025-05-20 22:12:50.597,1575,1520,1669,1503,198,1485,1498,1645,1263,1838
2025-05-20 22:12:50.797,1572,1575,1533,1508,893,1141,1492,1671,759,1661
2025-05-20 22:12:50.997,1571,1588,1452,1508,1812,785,1582,1756,13,1563
2025-05-20 22:12:51.197,1580,1619,1581,1511,2234,535,1712,1868,17,1545
2025-05-20 22:12:51.397,1578,1635,1551,1514,2360,685,1675,1764,441,1578
2025-05-20 22:12:51.597,1575,1563,1623,1509,2085,1017,1575,1528,1332,1611
2025-05-20 22:12:51.797,1555,1559,1644,1501,1861,1479,1466,1389,2065,1624
2025-05-20 22:12:51.998,1511,1589,1646,1499,1725,1880,1620,1401,2505,1635
2025-05-20 22:12:52.198,1492,1541,1653,1499,1737,2245,1687,1394,2727,1625
2025-05-20 22:12:52.398,1470,1571,1645,1500,1801,2268,1596,1419,2925,1639
2025-05-20 22:12:52.598,1443,1612,1582,1491,2029,2159,1612,1432,2345,1615
2025-05-20 22:12:52.798,1292,1575,1562,1493,2093,2003,1673,1481,1995,1689
2025-05-20 22:12:52.998,1288,1581,1563,1480,1756,1989,1633,1559,1839,1716
2025-05-20 22:12:53.198,1365,1658,1563,1463,780,1909,1497,1557,1787,1683
2025-05-20 22:12:53.398,1467,1593,1445,1453,90,1775,1695,1396,1717,1579
2025-05-20 22:12:53.598,1572,1532,1255,1469,284,1707,1420,1524,1727,1501
2025-05-20 22:12:53.798,1626,1587,1321,1480,939,1614,1215,1589,1669,1306
2025-05-20 22:12:53.998,1635,1568,1591,1495,1849,1526,1423,1606,1579,931
2025-05-20 22:12:54.196,1623,1576,1821,1501,2203,1481,1509,1627,1516,813
2025-05-20 22:12:54.396,1607,1581,1865,1507,2334,1455,1567,1591,1383,1015
2025-05-20 22:12:54.596,1587,1639,1801,1508,2171,1429,1624,1645,1251,1479
2025-05-20 22:12:54.796,1581,1605,1767,1512,1907,1502,1443,1653,819,1800
2025-05-20 22:12:54.996,1517,1557,1595,1509,1801,1455,1427,1651,91,2027
2025-05-20 22:12:55.196,1455,1571,1528,1499,1755,1499,1136,1693,0,1884
2025-05-20 22:12:55.396,1358,1561,1452,1499,1843,1295,999,1598,391,1669
2025-05-20 22:12:55.596,1318,1610,1509,1495,2063,909,1103,1452,1258,1526
2025-05-20 22:12:55.796,1341,1523,1557,1499,2123,651,1037,1351,1999,1531
2025-05-20 22:12:55.996,1392,1507,1594,1495,1595,655,1429,1389,2460,1555
2025-05-20 22:12:56.196,1490,1452,1631,1493,667,915,1822,1496,2669,1595
2025-05-20 22:12:56.396,1583,1445,1661,1500,9,1211,2031,1478,2989,1595
2025-05-20 22:12:56.596,1627,1432,1677,1485,267,1623,2293,1383,2351,1607
2025-05-20 22:12:56.796,1660,1511,1639,1458,1127,2009,2323,1081,2001,1623
2025-05-20 22:12:56.996,1743,1525,1613,1448,1967,2245,2333,837,1819,1627
2025-05-20 22:12:57.196,1775,1577,1595,1452,2275,2165,2148,955,1763,1605
2025-05-20 22:12:57.396,1662,1595,1511,1471,2419,2037,1846,1157,1693,1645
2025-05-20 22:12:57.596,1554,1589,1413,1492,2181,2011,1572,1467,1683,1709
2025-05-20 22:12:57.796,1443,1631,1292,1496,1915,1934,1481,1736,1655,1683
2025-05-20 22:12:57.996,1378,1676,1383,1499,1746,1875,1510,1886,1583,1583
2025-05-20 22:12:58.196,1343,1709,1499,1511,1767,1724,1235,1949,1497,1507
2025-05-20 22:12:58.396,1349,1669,1814,1509,1903,1599,1193,1999,1385,1298
2025-05-20 22:12:58.596,1387,1653,1912,1508,2012,1516,1291,1944,1254,921
2025-05-20 22:12:58.796,1455,1659,1752,1508,1994,1439,1271,1823,869,800
2025-05-20 22:12:58.996,1560,1701,1657,1497,1295,1423,1497,1700,78,1013
2025-05-20 22:12:59.197,1555,1653,1654,1493,429,1403,1413,1635,0,1461
2025-05-20 22:12:59.397,1440,1658,1581,1491,25,1480,1415,1675,328,1801
2025-05-20 22:12:59.597,1375,1676,1499,1481,345,1423,1331,1653,1203,2015
2025-05-20 22:12:59.797,1519,1563,1464,1480,1254,1331,1576,1512,1939,1913
2025-05-20 22:12:59.997,1691,1530,1555,1483,2133,1052,1611,1322,2438,1687
2025-05-20 22:13:00.196,1749,1500,1598,1487,2429,843,1445,1171,2575,1543
2025-05-20 22:13:00.399,1720,1575,1654,1466,2419,567,1573,1020,2968,1480
2025-05-20 22:13:00.596,1683,1631,1627,1449,2111,603,1849,840,2357,1541
2025-05-20 22:13:00.796,1629,1615,1637,1447,1879,895,1855,794,1973,1563
2025-05-20 22:13:00.996,1635,1629,1596,1465,1831,1331,1821,1061,1783,1589
2025-05-20 22:13:01.196,1628,1515,1511,1484,1723,1829,1639,1368,1721,1605
2025-05-20 22:13:01.396,1519,1561,1661,1495,1946,2181,1492,1627,1716,1622
2025-05-20 22:13:01.596,1460,1583,1577,1493,2008,2313,1508,1839,1735,1608
2025-05-20 22:13:01.796,1437,1593,1595,1497,1727,2213,1705,2019,1657,1615
2025-05-20 22:13:01.996,1436,1561,1404,1501,995,2151,1551,2091,1541,1613
2025-05-20 22:13:02.196,1445,1579,1287,1491,187,2095,1517,2029,1466,1695
2025-05-20 22:13:02.396,1461,1527,1292,1493,109,1950,1433,1851,1387,1678
2025-05-20 22:13:02.596,1471,1591,1502,1491,613,1846,1599,1741,1253,1587
2025-05-20 22:13:02.796,1439,1557,1595,1486,1557,1689,1446,1589,932,1499
2025-05-20 22:13:02.996,1351,1531,1779,1494,2054,1605,1461,1543,185,1293
2025-05-20 22:13:03.196,1225,1553,1735,1490,2133,1493,1397,1551,0,885
2025-05-20 22:13:03.396,1011,1543,1758,1490,2043,1395,1518,1575,211,751
2025-05-20 22:13:03.596,1096,1515,1691,1491,1977,1369,1486,1599,1059,955
2025-05-20 22:13:03.796,1469,1549,1531,1485,1839,1391,1373,1579,1817,1459
2025-05-20 22:13:03.996,1763,1571,1525,1484,1899,1382,1256,1481,2361,1815
2025-05-20 22:13:04.196,1835,1575,1517,1459,2104,1477,894,1336,2489,2021
2025-05-20 22:13:04.396,1817,1532,1591,1448,2297,1395,812,1196,3048,1959
2025-05-20 22:13:04.596,1803,1577,1661,1455,2131,1147,917,939,2430,1687
2025-05-20 22:13:04.796,1743,1547,1678,1469,1653,863,1197,717,2023,1507
2025-05-20 22:13:04.996,1646,1468,1615,1485,746,677,1519,915,1811,1471
2025-05-20 22:13:05.196,1562,1553,1613,1490,57,669,1897,1182,1747,1507
2025-05-20 22:13:05.396,1511,1599,1571,1491,98,856,2056,1447,1696,1560
2025-05-20 22:13:05.596,1501,1571,1527,1496,715,1208,2231,1687,1689,1583
2025-05-20 22:13:05.796,1495,1555,1575,1499,1641,1587,2157,1877,1663,1619
2025-05-20 22:13:05.996,1506,1543,1582,1499,2287,1944,1965,1979,1566,1615
2025-05-20 22:13:06.196,1512,1547,1455,1485,2367,2123,1910,2019,1459,1607
2025-05-20 22:13:06.396,1529,1499,1335,1481,2279,2207,1788,1926,1383,1593
2025-05-20 22:13:06.596,1549,1567,1289,1483,2039,2236,1619,1789,1271,1567
2025-05-20 22:13:06.796,1573,1541,1366,1486,1915,2109,1371,1672,1007,1675
2025-05-20 22:13:06.996,1604,1549,1544,1480,1962,1951,1355,1570,307,1689
2025-05-20 22:13:07.196,1523,1517,1767,1481,1935,1773,1293,1549,0,1589
2025-05-20 22:13:07.396,1293,1579,1711,1481,1943,1675,1302,1558,111,1493
2025-05-20 22:13:07.596,1062,1579,1689,1482,1955,1531,1321,1571,921,1287
2025-05-20 22:13:07.796,1164,1567,1709,1466,1398,1439,1343,1609,1671,879
2025-05-20 22:13:07.996,1463,1559,1577,1455,473,1353,1263,1541,2265,745
2025-05-20 22:13:08.196,1737,1529,1507,1449,0,1343,1294,1407,2419,947
2025-05-20 22:13:08.396,1807,1560,1495,1462,201,1363,1448,1268,3065,1443
2025-05-20 22:13:08.596,1726,1583,1529,1471,990,1485,1544,969,2443,1823
2025-05-20 22:13:08.796,1654,1577,1576,1483,1919,1327,1453,653,2043,1992
2025-05-20 22:13:08.996,1631,1597,1612,1487,2261,1055,1483,759,1832,1979
2025-05-20 22:13:09.196,1553,1497,1603,1490,2279,941,1577,1107,1804,1711
2025-05-20 22:13:09.396,1506,1503,1659,1496,2283,729,1608,1412,1717,1515
2025-05-20 22:13:09.596,1482,1553,1646,1493,2124,589,1563,1705,1691,1469
2025-05-20 22:13:09.796,1483,1565,1557,1491,2045,714,1459,1883,1641,1492
2025-05-20 22:13:09.996,1496,1571,1507,1486,1897,1105,1517,1996,1554,1530
2025-05-20 22:13:10.196,1510,1495,1575,1480,1786,1577,1553,2045,1429,1547
2025-05-20 22:13:10.396,1532,1484,1533,1479,1784,1982,1571,1979,1342,1565
2025-05-20 22:13:10.596,1549,1496,1453,1483,1523,2233,1456,1889,1261,1599
2025-05-20 22:13:10.796,1567,1577,1385,1483,859,2291,1483,1739,1087,1608
2025-05-20 22:13:10.996,1608,1551,1364,1476,167,2319,1554,1596,390,1583
2025-05-20 22:13:11.196,1555,1525,1419,1478,103,2187,1656,1524,0,1543
2025-05-20 22:13:11.396,1319,1563,1463,1481,607,2005,1627,1495,29,1645
2025-05-20 22:13:11.596,1142,1593,1605,1455,1455,1862,1663,1495,793,1711
2025-05-20 22:13:11.796,1211,1589,1618,1455,2303,1671,1708,1541,1559,1627
2025-05-20 22:13:11.996,1471,1545,1701,1459,2426,1576,1565,1577,2182,1509
2025-05-20 22:13:12.196,1695,1523,1695,1466,2332,1384,1624,1563,2364,1335
2025-05-20 22:13:12.396,1764,1467,1571,1480,2063,1369,1557,1463,3101,939
2025-05-20 22:13:12.596,1711,1577,1549,1490,1880,1361,1517,1245,2523,743
2025-05-20 22:13:12.796,1671,1532,1559,1485,1703,1323,1528,941,2076,895
2025-05-20 22:13:12.996,1645,1501,1582,1485,1789,1447,1448,637,1878,1365
2025-05-20 22:13:13.196,1567,1565,1579,1496,1891,1397,1422,747,1738,1767
2025-05-20 22:13:13.396,1487,1587,1624,1492,1815,1180,1467,1119,1711,1949
2025-05-20 22:13:13.596,1445,1509,1637,1487,1422,1061,1477,1431,1705,1994
2025-05-20 22:13:13.796,1448,1515,1625,1484,661,913,1438,1651,1671,1705
2025-05-20 22:13:13.996,1467,1493,1609,1481,135,687,1307,1821,1564,1545
2025-05-20 22:13:14.196,1505,1531,1561,1481,330,615,1459,1933,1448,1467
2025-05-20 22:13:14.396,1531,1497,1471,1480,911,782,1356,1959,1331,1491
2025-05-20 22:13:14.596,1551,1500,1519,1471,1821,1171,1165,1963,1241,1543
2025-05-20 22:13:14.796,1561,1451,1480,1483,2367,1637,1166,1845,1103,1554
2025-05-20 22:13:14.996,1564,1369,1433,1483,2341,1979,918,1750,535,1560
2025-05-20 22:13:15.196,1509,1371,1262,1466,2175,2203,985,1612,0,1572
2025-05-20 22:13:15.396,1326,1385,1285,1459,2005,2297,1289,1531,0,1592
2025-05-20 22:13:15.596,1197,1451,1407,1459,1820,2265,1546,1501,598,1593
2025-05-20 22:13:15.796,1253,1559,1653,1463,1709,2127,1749,1500,1388,1553
2025-05-20 22:13:15.996,1460,1563,1711,1479,1721,2039,2101,1545,2017,1571
2025-05-20 22:13:16.196,1652,1543,1724,1482,1583,1787,2099,1577,2335,1699
2025-05-20 22:13:16.396,1727,1567,1675,1485,1741,1669,2056,1573,3100,1653
2025-05-20 22:13:16.596,1712,1581,1505,1487,1434,1571,1932,1459,2604,1551
2025-05-20 22:13:16.796,1663,1581,1471,1486,553,1349,1655,1268,2151,1435
2025-05-20 22:13:16.996,1643,1629,1469,1490,221,1351,1615,895,1915,1033
2025-05-20 22:13:17.196,1597,1656,1549,1492,541,1363,1401,599,1805,776
2025-05-20 22:13:17.396,1519,1669,1571,1493,1323,1363,1303,725,1722,814
2025-05-20 22:13:17.596,1471,1598,1621,1485,2068,1337,1335,1129,1691,1225
2025-05-20 22:13:17.796,1464,1633,1635,1482,2222,1127,1147,1429,1635,1693
2025-05-20 22:13:17.996,1465,1629,1643,1479,2183,1013,1239,1641,1541,1883
2025-05-20 22:13:18.196,1493,1592,1577,1477,2073,861,1308,1809,1431,1997
2025-05-20 22:13:18.396,1513,1557,1519,1471,1837,695,1373,1933,1371,1780
2025-05-20 22:13:18.596,1527,1532,1499,1476,1638,611,1385,1979,1245,1561
2025-05-20 22:13:18.796,1547,1460,1543,1465,1637,744,1519,1965,1156,1477
2025-05-20 22:13:18.996,1558,1491,1511,1465,1565,1092,1437,1865,680,1484
2025-05-20 22:13:19.196,1531,1477,1499,1453,1707,1640,1395,1745,0,1495
2025-05-20 22:13:19.396,1363,1555,1357,1459,1514,2055,1493,1595,0,1547
2025-05-20 22:13:19.596,1229,1581,1256,1465,1055,2200,1589,1523,447,1583
2025-05-20 22:13:19.796,1227,1527,1322,1477,477,2296,1439,1525,1269,1583
2025-05-20 22:13:19.996,1403,1565,1445,1485,423,2296,1559,1553,1911,1593
2025-05-20 22:13:20.196,1598,1565,1623,1483,935,2231,1335,1551,2281,1607
2025-05-20 22:13:20.396,1702,1499,1767,1489,1643,2011,1336,1532,3013,1567
2025-05-20 22:13:20.596,1719,1541,1768,1487,2228,1848,1453,1499,2681,1527
2025-05-20 22:13:20.796,1689,1517,1700,1494,2317,1671,1490,1382,2207,1662
2025-05-20 22:13:20.996,1648,1513,1514,1491,2153,1573,1640,1222,1949,1675
2025-05-20 22:13:21.196,1615,1516,1421,1485,1943,1428,1463,855,1862,1561
2025-05-20 22:13:21.396,1528,1527,1509,1487,1728,1363,1445,605,1769,1455
2025-05-20 22:13:21.596,1496,1507,1571,1481,1611,1341,1607,857,1693,1171
2025-05-20 22:13:21.796,1479,1542,1567,1481,1635,1375,1522,1243,1627,838
2025-05-20 22:13:21.996,1492,1544,1529,1478,1591,1361,1547,1531,1567,795
2025-05-20 22:13:22.196,1518,1525,1567,1479,1845,1375,1549,1802,1465,1071
2025-05-20 22:13:22.396,1525,1479,1643,1476,1605,1048,1499,1971,1421,1544
2025-05-20 22:13:22.596,1543,1492,1528,1479,808,1031,1495,2063,1275,1844
2025-05-20 22:13:22.796,1555,1495,1550,1467,214,927,1543,2073,1213,2008
2025-05-20 22:13:22.996,1567,1486,1573,1460,189,701,1635,2005,811,1847
2025-05-20 22:13:23.196,1531,1541,1543,1463,697,655,1628,1853,102,1627
2025-05-20 22:13:23.396,1383,1498,1584,1467,1507,803,1593,1688,0,1517
2025-05-20 22:13:23.596,1207,1519,1508,1483,2263,1151,1625,1563,331,1499
2025-05-20 22:13:23.796,1188,1519,1431,1485,2405,1657,1505,1468,1118,1513
2025-05-20 22:13:23.996,1371,1525,1311,1485,2261,1989,1558,1467,1772,1573
2025-05-20 22:13:24.196,1575,1555,1298,1483,2029,2205,1634,1501,2206,1579
2025-05-20 22:13:24.396,1687,1515,1385,1493,1837,2282,1396,1533,2853,1591
2025-05-20 22:13:24.596,1723,1519,1549,1494,1773,2295,1439,1561,2807,1612
2025-05-20 22:13:24.796,1703,1559,1613,1491,1735,2157,1421,1525,2335,1615
2025-05-20 22:13:24.996,1687,1567,1628,1485,1785,1991,1371,1285,2043,1581
2025-05-20 22:13:25.196,1633,1553,1711,1495,1911,1789,1335,680,1903,1559
2025-05-20 22:13:25.396,1549,1516,1615,1485,1661,1677,1456,335,1773,1639
2025-05-20 22:13:25.596,1507,1517,1561,1485,810,1553,1444,529,1727,1669
2025-05-20 22:13:25.796,1493,1553,1527,1483,111,1389,1480,1015,1673,1611
2025-05-20 22:13:25.996,1495,1565,1615,1483,10,1401,1354,1467,1599,1531
2025-05-20 22:13:26.196,1507,1507,1580,1482,473,1323,1243,1771,1502,1352
2025-05-20 22:13:26.396,1518,1525,1623,1484,1369,1384,1276,1879,1383,943
2025-05-20 22:13:26.596,1532,1557,1599,1470,2220,1435,1526,2015,1289,773
2025-05-20 22:13:26.796,1558,1527,1614,1461,2456,1229,1429,2077,1207,937
2025-05-20 22:13:26.996,1589,1530,1583,1463,2408,979,1455,2041,991,1367
2025-05-20 22:13:27.196,1531,1570,1565,1471,2167,950,1305,1897,261,1751
2025-05-20 22:13:27.396,1368,1549,1571,1483,1915,843,1206,1752,0,1927
2025-05-20 22:13:27.596,1171,1497,1517,1491,1762,713,1339,1605,185,1903
2025-05-20 22:13:27.796,1183,1553,1533,1491,1899,759,1511,1553,967,1693
2025-05-20 22:13:27.996,1381,1520,1532,1490,1957,1043,1577,1544,1676,1575
2025-05-20 22:13:28.196,1565,1465,1431,1497,2109,1484,1833,1507,2207,1541
2025-05-20 22:13:28.396,1683,1597,1311,1496,1620,1829,1880,1523,2587,1554
2025-05-20 22:13:28.596,1722,1547,1279,1495,601,2149,1877,1491,3035,1560
2025-05-20 22:13:28.796,1700,1501,1429,1494,0,2181,1883,1507,2467,1593
2025-05-20 22:13:28.996,1711,1483,1534,1494,0,2260,1756,1433,2130,1605
2025-05-20 22:13:29.196,1637,1495,1693,1496,558,2227,1589,955,1931,1625
2025-05-20 22:13:29.396,1565,1605,1703,1495,1629,2123,1580,469,1801,1606
2025-05-20 22:13:29.596,1514,1483,1719,1494,2197,1963,1487,549,1724,1604
2025-05-20 22:13:29.796,1507,1517,1629,1493,2376,1819,1405,935,1689,1560
2025-05-20 22:13:29.996,1493,1617,1525,1487,2303,1694,1401,1304,1623,1617
2025-05-20 22:13:30.196,1496,1581,1546,1487,2089,1525,1418,1622,1525,1707
2025-05-20 22:13:30.396,1517,1631,1559,1480,1915,1404,1459,1807,1453,1651
2025-05-20 22:13:30.596,1533,1517,1589,1464,1869,1351,1478,1833,1349,1565
2025-05-20 22:13:30.796,1556,1463,1532,1461,1871,1326,1431,1991,1277,1461
2025-05-20 22:13:30.996,1587,1555,1640,1471,1947,1378,1592,2037,1128,1115
2025-05-20 22:13:31.196,1512,1531,1682,1483,1917,1383,1470,1977,427,822
2025-05-20 22:13:31.396,1327,1555,1575,1497,1245,1234,1505,1869,6,845
2025-05-20 22:13:31.596,1150,1591,1567,1494,351,1102,1531,1714,86,1199
2025-05-20 22:13:31.796,1205,1577,1671,1497,0,1067,1653,1659,841,1646
2025-05-20 22:13:31.996,1404,1553,1572,1499,115,823,1467,1645,1581,1879
2025-05-20 22:13:32.196,1583,1577,1532,1506,1015,713,1527,1673,2127,1980
2025-05-20 22:13:32.396,1677,1575,1591,1501,1959,829,1479,1656,2376,1781
2025-05-20 22:13:32.596,1705,1575,1503,1495,2363,1103,1607,1605,3219,1635
2025-05-20 22:13:32.796,1696,1598,1451,1496,2453,1508,1573,1546,2637,1589
2025-05-20 22:13:32.996,1737,1555,1328,1498,2259,1897,1647,1419,2214,1565
2025-05-20 22:13:33.196,1635,1653,1366,1496,2009,2182,1462,904,1999,1579
2025-05-20 22:13:33.396,1564,1490,1427,1495,1917,2207,1531,377,1896,1593
2025-05-20 22:13:33.596,1525,1515,1621,1499,1956,2189,1493,331,1787,1611
2025-05-20 22:13:33.796,1510,1469,1641,1495,2099,2165,1589,803,1740,1629
2025-05-20 22:13:33.996,1513,1499,1687,1493,2031,2072,1557,1251,1671,1621
2025-05-20 22:13:34.196,1515,1469,1747,1490,1639,1895,1737,1567,1575,1613
2025-05-20 22:13:34.396,1519,1445,1631,1465,782,1775,1428,1639,1497,1587
2025-05-20 22:13:34.596,1525,1447,1607,1461,0,1652,1549,1637,1373,1623
2025-05-20 22:13:34.796,1556,1507,1620,1467,3,1532,1619,1907,1277,1687
2025-05-20 22:13:34.996,1577,1581,1635,1483,473,1491,1636,2141,1204,1645
2025-05-20 22:13:35.196,1491,1507,1635,1495,1383,1395,1657,2147,700,1576
2025-05-20 22:13:35.396,1300,1595,1653,1491,2217,1403,1790,2063,30,1495
2025-05-20 22:13:35.596,1141,1685,1630,1493,2483,1399,1691,1961,41,1229
2025-05-20 22:13:35.796,1231,1659,1671,1507,2491,1404,1547,1817,583,903
2025-05-20 22:13:35.996,1429,1672,1647,1507,2219,1213,1657,1750,1364,841
2025-05-20 22:13:36.196,1583,1723,1571,1500,2039,1047,1490,1739,1989,1092
2025-05-20 22:13:36.396,1679,1738,1553,1496,2043,983,1499,1703,2367,1545
2025-05-20 22:13:36.596,1709,1711,1583,1497,2023,751,1404,1743,2974,1835
2025-05-20 22:13:36.796,1705,1736,1549,1503,2009,751,1564,1755,2906,1983
2025-05-20 22:13:36.996,1723,1735,1567,1503,1851,920,1567,1683,2365,1829
2025-05-20 22:13:37.196,1629,1711,1557,1499,1117,1287,1526,1359,2027,1685
2025-05-20 22:13:37.396,1551,1681,1468,1495,279,1699,1436,734,1885,1592
2025-05-20 22:13:37.596,1527,1634,1431,1497,0,2053,1560,367,1788,1583
2025-05-20 22:13:37.796,1513,1583,1419,1491,72,2233,1523,628,1727,1597
2025-05-20 22:13:37.996,1509,1583,1483,1479,1017,2163,1464,1083,1695,1613
2025-05-20 22:13:38.196,1519,1612,1608,1454,1976,2140,1428,1467,1635,1635
2025-05-20 22:13:38.396,1523,1582,1663,1459,2541,2137,1495,1750,1563,1647
2025-05-20 22:13:38.596,1541,1555,1724,1469,2637,2070,1580,1780,1471,1644
2025-05-20 22:13:38.796,1567,1643,1711,1486,2553,1853,1470,1797,1357,1629
2025-05-20 22:13:38.996,1575,1645,1607,1493,2359,1801,1499,1991,1285,1581
2025-05-20 22:13:39.196,1468,1599,1560,1493,2171,1685,1564,2019,1013,1588
2025-05-20 22:13:39.396,1288,1627,1590,1497,1919,1501,1531,2005,298,1693
2025-05-20 22:13:39.596,1145,1573,1619,1501,1768,1447,1607,1951,20,1677
2025-05-20 22:13:39.796,1237,1594,1615,1501,1652,1337,1543,1895,253,1595
2025-05-20 22:13:39.996,1429,1575,1640,1501,1170,1371,1549,1797,1048,1500
2025-05-20 22:13:40.196,1593,1561,1679,1500,483,1421,1533,1742,1724,1307
2025-05-20 22:13:40.396,1683,1597,1687,1499,0,1448,1657,1675,2231,965
2025-05-20 22:13:40.596,1719,1631,1642,1496,99,1371,1517,1623,2470,799
2025-05-20 22:13:40.796,1705,1555,1591,1493,933,1002,1416,1580,3211,1015
2025-05-20 22:13:40.996,1726,1541,1627,1490,1973,813,1435,1587,2605,1462
2025-05-20 22:13:41.196,1625,1589,1639,1495,2719,639,1425,1465,2165,1783
2025-05-20 22:13:41.396,1556,1599,1594,1487,2779,713,1590,1091,1891,1971
2025-05-20 22:13:41.596,1527,1615,1595,1491,2477,923,1439,573,1772,1867
2025-05-20 22:13:41.796,1513,1594,1610,1462,1981,1326,1741,459,1707,1703
2025-05-20 22:13:41.996,1519,1575,1493,1456,1823,1688,1799,827,1704,1609
2025-05-20 22:13:42.196,1519,1531,1396,1460,1799,2100,1685,1243,1651,1589
2025-05-20 22:13:42.396,1541,1615,1407,1471,1899,2261,1738,1597,1573,1596
2025-05-20 22:13:42.596,1549,1580,1419,1487,1891,2141,1659,1863,1469,1607
2025-05-20 22:13:42.796,1584,1607,1446,1491,1577,2065,1491,1855,1387,1637
2025-05-20 22:13:42.996,1573,1574,1575,1491,915,2071,1565,1960,1279,1617
2025-05-20 22:13:43.196,1465,1567,1599,1495,47,2009,1506,2037,1197,1628
2025-05-20 22:13:43.396,1276,1555,1711,1506,91,1869,1492,1999,595,1615
2025-05-20 22:13:43.596,1135,1562,1756,1503,709,1753,1532,1855,11,1591
2025-05-20 22:13:43.796,1213,1587,1647,1501,1713,1622,1712,1717,61,1591
2025-05-20 22:13:43.996,1413,1547,1622,1495,2333,1524,1565,1623,712,1689
2025-05-20 22:13:44.196,1573,1508,1604,1495,2495,1483,1487,1605,1447,1689
2025-05-20 22:13:44.396,1684,1611,1670,1495,2293,1464,1497,1614,2041,1597
2025-05-20 22:13:44.596,1723,1563,1682,1493,2053,1449,1637,1651,2379,1531
2025-05-20 22:13:44.796,1719,1574,1681,1496,1886,1493,1628,1672,3050,1333
2025-05-20 22:13:44.997,1723,1578,1663,1493,1749,1493,1579,1620,2872,943
2025-05-20 22:13:45.197,1629,1606,1614,1486,1684,1491,1650,1615,2287,787
2025-05-20 22:13:45.397,1561,1603,1579,1469,1815,1255,1529,1469,1915,987
2025-05-20 22:13:45.597,1524,1595,1567,1451,1901,893,1519,1195,1756,1445
2025-05-20 22:13:45.797,1517,1561,1595,1451,1231,589,1528,739,1662,1767
2025-05-20 22:13:45.997,1515,1595,1593,1466,441,607,1496,477,1685,1952
2025-05-20 22:13:46.197,1519,1573,1587,1481,266,889,1493,745,1675,1853
2025-05-20 22:13:46.397,1531,1577,1625,1493,800,1191,1491,1129,1603,1688
2025-05-20 22:13:46.597,1545,1559,1517,1487,1593,1605,1497,1427,1489,1596
2025-05-20 22:13:46.797,1591,1591,1467,1491,2187,1998,1656,1641,1445,1560
2025-05-20 22:13:46.997,1573,1583,1358,1497,2317,2222,1519,1779,1304,1573
2025-05-20 22:13:47.197,1468,1531,1367,1503,2123,2147,1519,1845,1253,1591
2025-05-20 22:13:47.397,1291,1555,1403,1493,1977,1967,1613,2016,931,1605
2025-05-20 22:13:47.597,1146,1547,1544,1491,1819,1879,1492,2045,187,1593
2025-05-20 22:13:47.799,1195,1561,1593,1493,1663,1852,1464,1991,0,1623
2025-05-20 22:13:47.999,1375,1593,1647,1489,1641,1831,1460,1893,406,1597
2025-05-20 22:13:48.199,1553,1522,1710,1492,1645,1743,1565,1789,1127,1577
2025-05-20 22:13:48.399,1675,1590,1668,1485,1830,1677,1682,1719,1739,1572
2025-05-20 22:13:48.599,1735,1568,1609,1484,1605,1589,1561,1673,2235,1671
2025-05-20 22:13:48.799,1727,1607,1599,1487,869,1433,1724,1695,2537,1675
2025-05-20 22:13:48.999,1743,1577,1639,1482,299,1447,1703,1691,3091,1611
2025-05-20 22:13:49.199,1639,1542,1657,1459,531,1382,1597,1596,2495,1491
2025-05-20 22:13:49.399,1561,1514,1589,1447,1299,1487,1510,1495,2013,1325
2025-05-20 22:13:49.599,1525,1551,1637,1461,2031,1529,1525,1363,1773,953
2025-05-20 22:13:49.799,1525,1565,1695,1479,2331,1547,1571,1176,1693,781
2025-05-20 22:13:49.999,1515,1563,1629,1493,2207,1555,1467,891,1639,967
2025-05-20 22:13:50.199,1520,1563,1526,1493,2029,1325,1419,534,1662,1427
2025-05-20 22:13:50.399,1523,1563,1567,1489,1824,877,1507,629,1640,1757
2025-05-20 22:13:50.599,1549,1573,1593,1496,1763,621,1415,1063,1567,1911
2025-05-20 22:13:50.799,1604,1597,1623,1502,1645,697,1471,1455,1459,1863
2025-05-20 22:13:50.999,1595,1557,1571,1499,1635,959,1466,1743,1351,1671
2025-05-20 22:13:51.199,1495,1592,1573,1494,1674,1237,1431,1881,1258,1591
2025-05-20 22:13:51.399,1328,1592,1468,1485,1955,1629,1455,1903,1136,1565
2025-05-20 22:13:51.599,1147,1561,1351,1490,1512,1964,1523,1960,511,1547
2025-05-20 22:13:51.799,1170,1533,1333,1483,681,2184,1435,1973,0,1587
2025-05-20 22:13:51.999,1325,1529,1423,1486,255,2076,1480,1914,72,1595
2025-05-20 22:13:52.199,1502,1525,1494,1491,520,1944,1403,1799,762,1599
2025-05-20 22:13:52.399,1636,1529,1572,1485,1231,1752,1420,1705,1453,1613
2025-05-20 22:13:52.599,1717,1561,1655,1479,2031,1789,1415,1617,2024,1610
2025-05-20 22:13:52.799,1739,1541,1753,1453,2311,1805,1466,1615,2316,1603
2025-05-20 22:13:52.999,1747,1567,1609,1439,2240,1709,1492,1493,3055,1588
2025-05-20 22:13:53.199,1675,1607,1557,1450,2099,1643,1615,1415,2773,1694
2025-05-20 22:13:53.399,1581,1495,1591,1469,1856,1591,1551,1407,2203,1676
2025-05-20 22:13:53.599,1529,1589,1587,1485,1677,1461,1543,1481,1853,1579
2025-05-20 22:13:53.799,1507,1571,1619,1495,1646,1427,1503,1431,1749,1462
2025-05-20 22:13:53.999,1503,1514,1617,1491,1647,1391,1445,1271,1668,1343
2025-05-20 22:13:54.199,1504,1499,1643,1493,1772,1367,1497,1095,1677,939
2025-05-20 22:13:54.397,1518,1518,1659,1502,2019,1456,1547,743,1671,779
2025-05-20 22:13:54.597,1531,1449,1587,1500,1663,1485,1470,628,1555,923
2025-05-20 22:13:54.797,1589,1401,1543,1492,650,1567,1502,925,1480,1391
2025-05-20 22:13:54.997,1594,1367,1560,1491,152,1499,1415,1380,1397,1739
2025-05-20 22:13:55.197,1512,1401,1561,1485,389,1075,1500,1671,1287,1912
2025-05-20 22:13:55.397,1371,1459,1567,1484,1063,671,1515,1866,1249,1885
2025-05-20 22:13:55.597,1188,1541,1559,1482,1973,519,1563,1947,919,1691
2025-05-20 22:13:55.797,1160,1589,1549,1483,2331,749,1547,2021,174,1598
2025-05-20 22:13:55.997,1304,1580,1467,1483,2275,1157,1455,2003,0,1555
2025-05-20 22:13:56.197,1485,1588,1451,1478,2139,1595,1421,1927,349,1554
2025-05-20 22:13:56.397,1621,1639,1318,1455,1901,1912,1671,1799,1065,1555
2025-05-20 22:13:56.597,1687,1619,1388,1437,1769,2136,1624,1651,1703,1591
2025-05-20 22:13:56.797,1710,1647,1405,1447,1677,2191,1416,1579,2159,1589
2025-05-20 22:13:56.997,1709,1642,1598,1466,1703,2007,1579,1553,2547,1575
2025-05-20 22:13:57.197,1691,1624,1641,1485,1835,1767,1491,1533,3119,1596
2025-05-20 22:13:57.397,1604,1669,1669,1498,2007,1687,1483,1531,2484,1589
2025-05-20 22:13:57.597,1553,1699,1704,1492,1605,1739,1553,1547,2043,1635
2025-05-20 22:13:57.797,1530,1637,1609,1493,587,1737,1515,1525,1806,1707
2025-05-20 22:13:57.997,1519,1685,1530,1499,91,1629,1607,1461,1750,1677
2025-05-20 22:13:58.197,1515,1630,1497,1507,290,1573,1541,1287,1685,1591
2025-05-20 22:13:58.397,1515,1571,1555,1499,1049,1573,1497,1179,1672,1461
2025-05-20 22:13:58.597,1541,1557,1618,1485,1901,1567,1527,935,1603,1265
2025-05-20 22:13:58.797,1577,1496,1656,1486,2323,1479,1468,601,1491,892
2025-05-20 22:13:58.997,1592,1571,1644,1482,2341,1388,1480,721,1420,759
2025-05-20 22:13:59.198,1510,1549,1623,1483,2091,1420,1557,1129,1272,935
2025-05-20 22:13:59.398,1421,1577,1631,1482,1913,1445,1401,1528,1223,1401
2025-05-20 22:13:59.598,1259,1577,1575,1483,1798,1415,1512,1752,1113,1747
2025-05-20 22:13:59.798,1179,1609,1581,1478,1753,1553,1433,1917,557,1927
2025-05-20 22:13:59.998,1257,1571,1557,1452,1727,1417,1479,2053,24,1919
2025-05-20 22:14:00.197,1419,1543,1588,1434,1919,1131,1549,2125,88,1705
2025-05-20 22:14:00.400,1567,1563,1593,1438,2019,570,1498,2027,717,1575
2025-05-20 22:14:00.597,1653,1547,1554,1464,1493,477,1503,1909,1367,1563
2025-05-20 22:14:00.797,1674,1541,1479,1485,351,612,1545,1743,1918,1547
2025-05-20 22:14:00.997,1691,1519,1405,1492,7,1077,1512,1550,2249,1532
2025-05-20 22:14:01.197,1711,1525,1365,1490,393,1485,1439,1375,3061,1557
2025-05-20 22:14:01.397,1625,1529,1400,1496,1143,1877,1418,1358,2827,1566
2025-05-20 22:14:01.597,1579,1523,1448,1498,2035,2153,1612,1429,2235,1599
2025-05-20 22:14:01.797,1563,1516,1595,1503,2311,2275,1555,1541,1903,1589
2025-05-20 22:14:01.997,1556,1549,1631,1498,2339,2063,1572,1589,1773,1596
2025-05-20 22:14:02.197,1541,1532,1671,1487,2111,1735,1549,1579,1687,1685
2025-05-20 22:14:02.397,1527,1515,1624,1483,1908,1623,1364,1458,1685,1725
2025-05-20 22:14:02.597,1547,1523,1615,1480,1763,1619,1421,1279,1624,1671
2025-05-20 22:14:02.797,1579,1531,1490,1481,1723,1670,1427,1099,1525,1524
2025-05-20 22:14:02.997,1531,1519,1495,1471,1723,1615,1501,724,1423,1407
2025-05-20 22:14:03.197,1530,1527,1527,1477,1971,1567,1545,632,1387,1135
2025-05-20 22:14:03.397,1500,1533,1565,1470,1981,1577,1542,983,1240,812
2025-05-20 22:14:03.597,1343,1563,1554,1447,1271,1485,1597,1371,1181,735
2025-05-20 22:14:03.797,1211,1500,1656,1432,227,1463,1571,1676,973,997
2025-05-20 22:14:03.997,1175,1543,1635,1435,1,1404,1467,1885,335,1511
2025-05-20 22:14:04.197,1279,1529,1639,1463,483,1463,1436,2080,0,1839
2025-05-20 22:14:04.397,1431,1541,1551,1481,1369,1448,1453,2187,287,1932
2025-05-20 22:14:04.597,1559,1503,1519,1491,2079,1453,1442,2109,975,1917
2025-05-20 22:14:04.797,1643,1541,1581,1487,2331,1607,1454,1966,1567,1703
2025-05-20 22:14:04.997,1775,1565,1563,1487,2267,1629,1433,1807,2065,1565
2025-05-20 22:14:05.197,1728,1512,1564,1511,2079,1515,1390,1652,2331,1567
2025-05-20 22:14:05.397,1655,1567,1576,1498,1912,1151,1501,1517,3196,1542
2025-05-20 22:14:05.597,1607,1519,1589,1487,1753,691,1452,1465,2635,1549
2025-05-20 22:14:05.797,1584,1533,1559,1482,1675,563,1581,1451,2091,1555
2025-05-20 22:14:05.997,1564,1513,1462,1481,1817,763,1395,1512,1801,1587
2025-05-20 22:14:06.197,1553,1520,1405,1471,1945,1157,1434,1493,1702,1574
2025-05-20 22:14:06.397,1558,1588,1433,1480,1955,1615,1453,1511,1657,1592
2025-05-20 22:14:06.597,1623,1527,1439,1469,1083,1943,1387,1493,1657,1637
2025-05-20 22:14:06.797,1596,1519,1455,1470,123,2213,1529,1261,1578,1715
2025-05-20 22:14:06.997,1497,1547,1436,1461,79,2235,1443,875,1519,1699
2025-05-20 22:14:07.197,1433,1557,1469,1443,635,2009,1577,440,1447,1609
2025-05-20 22:14:07.397,1415,1549,1516,1420,1481,1803,1307,553,1318,1497
2025-05-20 22:14:07.597,1420,1452,1659,1443,2164,1623,1331,947,1198,1326
2025-05-20 22:14:07.797,1387,1497,1711,1465,2377,1631,1575,1392,1141,937
2025-05-20 22:14:07.997,1325,1530,1590,1492,2207,1631,1605,1689,775,712
2025-05-20 22:14:08.197,1343,1587,1559,1487,2007,1639,1545,1915,137,804
2025-05-20 22:14:08.397,1419,1550,1555,1484,1800,1704,1519,2141,7,1245
2025-05-20 22:14:08.597,1511,1524,1595,1492,1765,1669,1449,2233,489,1735
2025-05-20 22:14:08.797,1605,1559,1573,1498,1687,1612,1443,2152,1191,1915
2025-05-20 22:14:08.997,1721,1515,1583,1499,1799,1511,1443,1951,1811,1980
2025-05-20 22:14:09.197,1671,1527,1575,1487,1989,1451,1483,1785,2166,1811
2025-05-20 22:14:09.397,1617,1572,1607,1478,1877,1468,1421,1619,2507,1626
2025-05-20 22:14:09.597,1567,1575,1571,1479,939,1481,1440,1511,3097,1547
2025-05-20 22:14:09.797,1541,1528,1565,1481,53,1543,1648,1447,2415,1525
2025-05-20 22:14:09.997,1518,1555,1558,1477,72,1673,1507,1432,1939,1531
2025-05-20 22:14:10.197,1523,1573,1525,1466,787,1589,1529,1464,1743,1513
2025-05-20 22:14:10.397,1531,1573,1549,1463,1605,1432,1514,1483,1681,1555
2025-05-20 22:14:10.597,1581,1466,1515,1447,2255,1043,1496,1507,1685,1579
2025-05-20 22:14:10.797,1593,1493,1574,1429,2316,602,1555,1491,1614,1580
2025-05-20 22:14:10.997,1507,1523,1496,1424,2216,584,1547,1087,1565,1577
2025-05-20 22:14:11.197,1451,1584,1507,1449,1993,797,1523,507,1481,1684
2025-05-20 22:14:11.397,1428,1563,1464,1471,1767,1208,1467,333,1405,1745
2025-05-20 22:14:11.597,1460,1467,1421,1491,1756,1647,1531,651,1259,1677
2025-05-20 22:14:11.797,1487,1563,1340,1481,1683,2029,1468,1135,1189,1559
2025-05-20 22:14:11.997,1493,1465,1379,1479,1766,2193,1509,1567,1110,1396
2025-05-20 22:14:12.197,1447,1571,1469,1495,1961,2155,1368,1847,582,1049
2025-05-20 22:14:12.397,1391,1559,1621,1495,1785,1959,1427,2123,43,735
2025-05-20 22:14:12.597,1357,1531,1641,1487,803,1655,1468,2221,91,728
2025-05-20 22:14:12.797,1387,1533,1653,1478,17,1573,1508,2249,668,1031
2025-05-20 22:14:12.997,1599,1461,1607,1476,139,1640,1422,2101,1339,1583
2025-05-20 22:14:13.197,1639,1559,1531,1469,919,1587,1557,1883,1899,1852
2025-05-20 22:14:13.397,1644,1518,1449,1464,1683,1572,1527,1741,2231,1965
2025-05-20 22:14:13.597,1627,1557,1545,1470,2189,1560,1450,1577,2719,1955
2025-05-20 22:14:13.797,1595,1512,1565,1463,2287,1479,1610,1487,2981,1700
2025-05-20 22:14:13.997,1573,1544,1560,1459,2151,1418,1463,1455,2316,1583
2025-05-20 22:14:14.197,1554,1513,1598,1439,1899,1387,1461,1502,1862,1544
2025-05-20 22:14:14.397,1560,1541,1631,1423,1757,1355,1464,1532,1709,1497
2025-05-20 22:14:14.597,1575,1531,1645,1435,1655,1329,1384,1545,1638,1531
2025-05-20 22:14:14.797,1519,1496,1567,1465,1716,1400,1523,1587,1661,1543
2025-05-20 22:14:14.997,1467,1549,1574,1485,1820,1463,1532,1205,1599,1557
2025-05-20 22:14:15.197,1401,1478,1547,1485,2023,1517,1487,586,1558,1581
2025-05-20 22:14:15.397,1399,1395,1511,1487,1693,1499,1405,301,1455,1573
2025-05-20 22:14:15.597,1455,1405,1571,1491,679,1307,1458,585,1371,1625
2025-05-20 22:14:15.797,1517,1352,1526,1503,10,885,1489,1069,1260,1755
2025-05-20 22:14:15.997,1553,1418,1509,1493,184,587,1543,1481,1203,1707
2025-05-20 22:14:16.197,1573,1471,1514,1485,957,598,1543,1835,1082,1629
2025-05-20 22:14:16.397,1573,1379,1526,1480,1785,957,1557,2117,483,1487
2025-05-20 22:14:16.597,1563,1523,1567,1484,2247,1391,1449,2263,61,1225
2025-05-20 22:14:16.797,1575,1556,1407,1469,2228,1773,1413,2251,211,839
2025-05-20 22:14:16.997,1577,1525,1379,1471,2110,2044,1451,2085,873,681
2025-05-20 22:14:17.197,1515,1607,1403,1479,1927,2263,1599,1867,1509,870
2025-05-20 22:14:17.397,1499,1628,1404,1476,1703,2147,1497,1719,2028,1397
2025-05-20 22:14:17.597,1490,1646,1485,1449,1613,1833,1416,1549,2268,1807
2025-05-20 22:14:17.797,1500,1637,1613,1433,1640,1670,1415,1463,2847,1939
2025-05-20 22:14:17.997,1519,1671,1656,1433,1813,1757,1637,1471,2904,1977
2025-05-20 22:14:18.197,1547,1641,1655,1459,2041,1685,1497,1449,2265,1803
2025-05-20 22:14:18.398,1581,1624,1692,1497,1611,1624,1623,1512,1849,1647
2025-05-20 22:14:18.598,1543,1675,1677,1509,663,1593,1645,1505,1699,1572
2025-05-20 22:14:18.798,1456,1643,1543,1501,77,1553,1607,1458,1679,1532
2025-05-20 22:14:18.998,1316,1627,1486,1501,253,1509,1471,1033,1684,1563
2025-05-20 22:14:19.198,1208,1621,1543,1515,1029,1483,1575,458,1675,1564
2025-05-20 22:14:19.398,1184,1583,1591,1523,1823,1479,1487,327,1621,1597
2025-05-20 22:14:19.598,1272,1565,1614,1508,2259,1443,1559,651,1512,1619
2025-05-20 22:14:19.798,1447,1561,1646,1495,2323,1464,1499,1194,1423,1608
2025-05-20 22:14:19.998,1634,1513,1612,1499,2137,1471,1391,1641,1357,1607
2025-05-20 22:14:20.198,1739,1562,1607,1509,1907,1549,1353,2010,1285,1739
2025-05-20 22:14:20.398,1725,1587,1593,1501,1791,1531,1591,2200,1116,1763
2025-05-20 22:14:20.598,1733,1589,1595,1492,1685,1289,1499,2311,503,1710
2025-05-20 22:14:20.798,1670,1563,1524,1493,1685,745,1603,2239,134,1561
2025-05-20 22:14:20.998,1621,1549,1582,1471,1701,537,1372,2091,347,1363
2025-05-20 22:14:21.198,1595,1517,1592,1448,1902,599,1491,1902,967,951
2025-05-20 22:14:21.398,1593,1573,1571,1435,1497,971,1546,1747,1607,711
2025-05-20 22:14:21.598,1579,1543,1561,1460,631,1464,1560,1634,2125,793
2025-05-20 22:14:21.798,1567,1573,1500,1487,43,1917,1557,1549,2383,1193
2025-05-20 22:14:21.998,1577,1613,1511,1510,360,2277,1455,1571,3172,1725
2025-05-20 22:14:22.198,1638,1547,1577,1506,1103,2425,1583,1531,2813,1932
2025-05-20 22:14:22.398,1599,1583,1493,1511,1869,2141,1407,1525,2146,1983
2025-05-20 22:14:22.598,1500,1545,1485,1527,2213,1925,1483,1557,1709,1881
2025-05-20 22:14:22.798,1443,1607,1400,1528,2319,1735,1701,1335,1595,1717
2025-05-20 22:14:22.998,1405,1547,1375,1517,2123,1749,1813,709,1561,1635
2025-05-20 22:14:23.198,1421,1587,1555,1515,1851,1763,1491,307,1629,1559
2025-05-20 22:14:23.398,1373,1523,1636,1507,1688,1703,1574,403,1664,1560
2025-05-20 22:14:23.598,1227,1533,1658,1509,1736,1656,1532,895,1650,1573
2025-05-20 22:14:23.798,1244,1591,1719,1514,1804,1619,1511,1407,1581,1567
2025-05-20 22:14:23.998,1429,1574,1704,1509,2019,1511,1460,1802,1533,1605
2025-05-20 22:14:24.198,1619,1579,1691,1497,2141,1423,1511,2089,1425,1624
2025-05-20 22:14:24.398,1707,1574,1545,1481,1567,1429,1451,2239,1315,1612
2025-05-20 22:14:24.598,1710,1556,1448,1453,725,1444,1581,2271,965,1711
2025-05-20 22:14:24.798,1629,1573,1517,1431,168,1506,1488,2105,235,1804
2025-05-20 22:14:24.998,1593,1565,1638,1451,408,1541,1531,1853,27,1739
2025-05-20 22:14:25.198,1576,1553,1577,1493,1101,1560,1751,1692,324,1604
2025-05-20 22:14:25.398,1574,1581,1643,1515,1906,1447,1688,1581,1017,1426
2025-05-20 22:14:25.598,1579,1611,1695,1509,2227,1223,1656,1513,1696,1045
2025-05-20 22:14:25.798,1581,1589,1659,1517,2293,671,1567,1573,2245,751
2025-05-20 22:14:25.998,1593,1573,1614,1546,2089,435,1594,1607,2523,760
2025-05-20 22:14:26.198,1642,1529,1599,1544,1943,623,1449,1606,3275,1105
2025-05-20 22:14:26.398,1572,1565,1606,1519,1749,995,1528,1623,2641,1663
2025-05-20 22:14:26.598,1491,1555,1594,1515,1768,1485,1509,1482,2059,1917
2025-05-20 22:14:26.798,1453,1608,1615,1513,1785,1947,1548,949,1767,1966
2025-05-20 22:14:26.998,1451,1596,1584,1517,1971,2239,1571,407,1647,1929
2025-05-20 22:14:27.198,1467,1617,1574,1507,2027,2333,1555,345,1640,1735
2025-05-20 22:14:27.398,1383,1651,1531,1511,1323,2107,1483,755,1711,1656
2025-05-20 22:14:27.598,1287,1593,1633,1513,505,1864,1563,1277,1725,1593
2025-05-20 22:14:27.798,1343,1593,1542,1479,56,1695,1738,1717,1657,1566
2025-05-20 22:14:27.998,1479,1577,1566,1455,399,1676,1720,2084,1573,1575
2025-05-20 22:14:28.198,1593,1579,1533,1432,1087,1705,1507,2200,1478,1605
2025-05-20 22:14:28.398,1705,1609,1588,1448,1864,1676,1490,2257,1381,1623
2025-05-20 22:14:28.598,1595,1597,1527,1487,2274,1693,1576,2149,1303,1613
2025-05-20 22:14:28.798,1541,1619,1545,1509,2283,1658,1663,2003,829,1594
2025-05-20 22:14:28.998,1543,1557,1497,1508,2189,1561,1692,1861,108,1662
2025-05-20 22:14:29.198,1554,1533,1599,1513,1995,1549,1490,1701,37,1781
2025-05-20 22:14:29.398,1563,1611,1661,1533,1824,1449,1503,1532,453,1767
2025-05-20 22:14:29.598,1559,1592,1626,1545,1802,1493,1525,1544,1139,1653
2025-05-20 22:14:29.798,1572,1611,1591,1549,1813,1501,1593,1571,1823,1451
2025-05-20 22:14:29.998,1607,1613,1576,1519,1873,1533,1549,1627,2269,1099
2025-05-20 22:14:30.198,1637,1605,1635,1519,1981,1548,1497,1629,2791,745
2025-05-20 22:14:30.398,1556,1515,1625,1505,1355,1547,1577,1575,3193,701
2025-05-20 22:14:30.598,1464,1581,1589,1515,463,1453,1496,1266,2527,1016
2025-05-20 22:14:30.798,1398,1625,1689,1512,55,871,1541,619,2013,1618
2025-05-20 22:14:30.998,1387,1596,1653,1509,411,563,1573,309,1773,1902
2025-05-20 22:14:31.198,1375,1573,1494,1486,1163,585,1645,507,1675,1971
2025-05-20 22:14:31.398,1354,1543,1483,1451,1835,919,1591,1011,1705,1961
2025-05-20 22:14:31.598,1391,1635,1513,1428,2141,1437,1525,1511,1722,1751
2025-05-20 22:14:31.798,1470,1619,1573,1444,2267,1867,1486,1949,1688,1639
2025-05-20 22:14:31.998,1572,1587,1587,1481,2169,2213,1684,2230,1627,1607
2025-05-20 22:14:32.198,1635,1576,1655,1513,1951,2375,1653,2311,1521,1553
2025-05-20 22:14:32.398,1707,1599,1701,1509,1863,2284,1483,2276,1431,1587
2025-05-20 22:14:32.598,1715,1608,1689,1510,1691,1983,1496,2147,1351,1605
2025-05-20 22:14:32.798,1623,1560,1653,1533,1785,1727,1593,1975,1208,1592
2025-05-20 22:14:32.998,1561,1619,1635,1547,1899,1567,1619,1756,523,1623
2025-05-20 22:14:33.198,1517,1591,1594,1531,1972,1619,1699,1581,19,1613
2025-05-20 22:14:33.398,1520,1593,1582,1516,1325,1673,1599,1541,91,1627
2025-05-20 22:14:33.598,1503,1629,1575,1509,461,1657,1605,1503,651,1768
2025-05-20 22:14:33.798,1517,1583,1605,1509,147,1685,1556,1511,1331,1775
2025-05-20 22:14:33.998,1545,1549,1577,1509,587,1597,1640,1497,1973,1663
2025-05-20 22:14:34.198,1615,1607,1613,1524,1359,1381,1468,1542,2351,1501
2025-05-20 22:14:34.398,1593,1573,1571,1516,1975,1277,1627,1460,3183,1145
2025-05-20 22:14:34.598,1493,1624,1627,1471,2205,1321,1595,889,3047,751
2025-05-20 22:14:34.798,1406,1543,1591,1435,2249,1379,1530,351,2381,691
2025-05-20 22:14:34.998,1366,1609,1593,1429,2087,1465,1557,371,1960,967
2025-05-20 22:14:35.198,1383,1529,1543,1447,1963,1541,1465,810,1747,1560
2025-05-20 22:14:35.398,1395,1523,1554,1482,1791,1641,1476,1311,1663,1911
2025-05-20 22:14:35.598,1404,1573,1586,1511,1893,1608,1635,1749,1711,1999
2025-05-20 22:14:35.798,1430,1565,1613,1511,1864,1337,1510,2135,1723,1969
2025-05-20 22:14:35.998,1468,1448,1631,1513,1720,786,1492,2260,1654,1788
2025-05-20 22:14:36.198,1523,1375,1624,1533,1811,567,1565,2261,1549,1647
2025-05-20 22:14:36.398,1575,1407,1589,1547,1190,743,1465,2191,1493,1580
2025-05-20 22:14:36.598,1737,1436,1579,1542,292,1133,1629,2022,1383,1556
2025-05-20 22:14:36.798,1751,1581,1547,1513,205,1593,1529,1827,1310,1524
2025-05-20 22:14:36.998,1683,1607,1578,1527,773,1949,1517,1635,1099,1561
2025-05-20 22:14:37.198,1607,1883,1555,1511,1464,2279,1634,1559,363,1583
2025-05-20 22:14:37.398,1546,1574,1589,1517,2069,2348,1631,1497,8,1619
2025-05-20 22:14:37.598,1510,1417,1647,1503,2310,2171,1407,1503,183,1611
2025-05-20 22:14:37.798,1508,1497,1640,1514,2283,1861,1493,1513,811,1609
2025-05-20 22:14:37.998,1509,1553,1592,1461,2120,1620,1576,1496,1567,1717
2025-05-20 22:14:38.198,1557,1597,1502,1432,1891,1631,1647,1511,2067,1785
2025-05-20 22:14:38.398,1573,1581,1555,1425,1791,1621,1576,1279,2365,1739
2025-05-20 22:14:38.598,1506,1645,1559,1447,1707,1631,1605,631,3421,1573
2025-05-20 22:14:38.798,1405,1671,1577,1491,1756,1703,1557,341,2863,1251
2025-05-20 22:14:38.998,1326,1679,1652,1512,1944,1627,1459,597,2216,821
2025-05-20 22:14:39.198,1335,1643,1651,1512,2028,1541,1635,1032,1875,653
2025-05-20 22:14:39.398,1389,1596,1656,1515,1068,1511,1503,1527,1703,871
2025-05-20 22:14:39.598,1461,1513,1644,1541,163,1479,1531,1919,1677,1420
2025-05-20 22:14:39.798,1515,1508,1593,1527,109,1447,1608,2247,1719,1861
2025-05-20 22:14:39.998,1573,1493,1588,1513,715,1464,1628,2303,1685,1961
2025-05-20 22:14:40.198,1611,1519,1560,1507,1447,1547,1605,2249,1593,2019
2025-05-20 22:14:40.398,1628,1503,1604,1511,2065,1614,1599,2025,1511,1822
2025-05-20 22:14:40.598,1675,1555,1631,1513,2291,1580,1641,1869,1435,1669
2025-05-20 22:14:40.798,1683,1515,1495,1508,2261,1479,1596,1719,1364,1583
2025-05-20 22:14:40.998,1608,1491,1587,1502,2103,1067,1567,1623,1286,1575
2025-05-20 22:14:41.198,1556,1463,1574,1508,1843,633,1568,1501,936,1556
2025-05-20 22:14:41.398,1513,1492,1575,1455,1727,569,1577,1527,233,1572
2025-05-20 22:14:41.598,1510,1530,1574,1429,1679,863,1497,1513,5,1571
2025-05-20 22:14:41.798,1518,1501,1606,1431,1613,1299,1493,1515,341,1589
2025-05-20 22:14:41.998,1533,1511,1631,1456,1945,1799,1608,1510,1043,1595
2025-05-20 22:14:42.198,1557,1459,1593,1495,2024,2125,1507,1459,1677,1597
2025-05-20 22:14:42.398,1498,1487,1608,1507,1385,2329,1433,1020,2199,1675
2025-05-20 22:14:42.598,1396,1511,1613,1506,368,2326,1660,447,2505,1765
2025-05-20 22:14:42.798,1181,1559,1544,1519,169,2031,1577,363,3388,1719
2025-05-20 22:14:42.998,1049,1605,1555,1528,700,1755,1421,779,2667,1577
2025-05-20 22:14:43.198,1107,1563,1543,1527,1531,1687,1493,1264,2075,1317
2025-05-20 22:14:43.398,1396,1597,1607,1515,2111,1645,1515,1696,1762,867
2025-05-20 22:14:43.598,1679,1587,1624,1501,2231,1723,1545,2024,1657,651
2025-05-20 22:14:43.798,1759,1575,1618,1499,2146,1702,1459,2261,1617,797
2025-05-20 22:14:43.998,1738,1607,1579,1499,1908,1605,1528,2261,1652,1302
2025-05-20 22:14:44.198,1710,1637,1553,1501,1821,1567,1613,2145,1637,1829
2025-05-20 22:14:44.398,1721,1615,1577,1497,1831,1511,1572,1979,1599,1979
2025-05-20 22:14:44.598,1635,1671,1636,1491,1751,1510,1623,1848,1524,2041
2025-05-20 22:14:44.798,1579,1612,1605,1449,1862,1495,1522,1693,1471,1817
2025-05-20 22:14:44.998,1581,1543,1507,1415,2073,1504,1450,1495,1343,1648
2025-05-20 22:14:45.198,1588,1593,1421,1429,2108,1555,1548,1461,1271,1581
2025-05-20 22:14:45.398,1593,1604,1371,1455,1443,1573,1341,1464,841,1567
2025-05-20 22:14:45.598,1595,1647,1499,1486,493,1606,1421,1519,159,1563
2025-05-20 22:14:45.798,1597,1598,1577,1497,136,1508,1625,1527,0,1589
2025-05-20 22:14:45.998,1608,1593,1531,1509,709,1131,1638,1531,414,1591
2025-05-20 22:14:46.198,1573,1625,1607,1515,1466,598,1673,1479,1109,1599
2025-05-20 22:14:46.398,1513,1689,1597,1530,1885,523,1500,907,1755,1603
2025-05-20 22:14:46.598,1471,1612,1645,1515,2211,823,1640,421,2247,1613
2025-05-20 22:14:46.798,1449,1613,1615,1512,2079,1235,1567,477,2711,1629
2025-05-20 22:14:46.998,1373,1612,1599,1495,2023,1631,1498,904,3355,1753
2025-05-20 22:14:47.198,1175,1557,1671,1499,1839,1914,1479,1385,2616,1735
2025-05-20 22:14:47.398,1147,1594,1709,1495,1779,2210,1461,1759,2015,1617
2025-05-20 22:14:47.598,1333,1615,1749,1503,1791,2269,1567,2077,1716,1407
2025-05-20 22:14:47.798,1555,1621,1675,1499,1900,2009,1577,2185,1567,933
2025-05-20 22:14:47.999,1686,1625,1645,1477,2072,1747,1558,2183,1555,667
2025-05-20 22:14:48.200,1767,1547,1593,1439,1908,1614,1671,2088,1629,757
2025-05-20 22:14:48.400,1699,1586,1565,1427,1117,1627,1575,1955,1639,1195
2025-05-20 22:14:48.600,1653,1600,1561,1434,396,1527,1676,1785,1559,1781
2025-05-20 22:14:48.800,1608,1611,1635,1469,261,1389,1549,1639,1493,1963
2025-05-20 22:14:48.999,1583,1595,1564,1491,892,1221,1559,1523,1408,2031
2025-05-20 22:14:49.200,1567,1639,1581,1503,1511,1179,1543,1485,1327,1849
2025-05-20 22:14:49.400,1549,1606,1615,1508,1947,1105,1532,1483,1287,1637
2025-05-20 22:14:49.600,1555,1663,1598,1524,2117,1147,1658,1507,781,1588
2025-05-20 22:14:49.800,1590,1605,1591,1517,2056,1211,1647,1510,139,1558
2025-05-20 22:14:49.999,1591,1567,1470,1515,1939,1309,1516,1517,10,1529
2025-05-20 22:14:50.200,1515,1557,1467,1507,1877,1343,1529,1340,469,1553
2025-05-20 22:14:50.400,1455,1595,1462,1507,1843,1449,1448,731,1189,1557
2025-05-20 22:14:50.600,1379,1597,1417,1508,1802,1501,1499,330,1834,1597
2025-05-20 22:14:50.800,1257,1593,1427,1497,1912,1039,1404,537,2266,1593
2025-05-20 22:14:50.999,1261,1577,1513,1496,1925,493,1529,1023,2893,1628
2025-05-20 22:14:51.200,1407,1574,1555,1497,1721,325,1480,1499,3293,1629
2025-05-20 22:14:51.400,1581,1578,1551,1477,1061,628,1407,1893,2525,1749
2025-05-20 22:14:51.600,1659,1607,1551,1438,366,1113,1464,2174,1960,1769
2025-05-20 22:14:51.800,1662,1593,1689,1421,407,1661,1413,2264,1671,1659
2025-05-20 22:14:51.999,1676,1612,1709,1439,1080,2055,1405,2200,1579,1454
2025-05-20 22:14:52.200,1655,1609,1721,1477,1642,2447,1543,2028,1583,1041
2025-05-20 22:14:52.401,1558,1574,1663,1498,1967,2535,1588,1881,1619,701
2025-05-20 22:14:52.601,1500,1572,1628,1499,2099,2221,1598,1696,1639,695
2025-05-20 22:14:52.801,1497,1549,1691,1499,2080,1947,1566,1607,1541,1087
2025-05-20 22:14:53.001,1509,1624,1674,1520,1995,1952,1529,1499,1483,1691
2025-05-20 22:14:53.201,1531,1579,1627,1519,1847,1968,1431,1446,1403,1944
2025-05-20 22:14:53.401,1546,1527,1596,1509,1783,1839,1566,1479,1333,2037
2025-05-20 22:14:53.601,1546,1626,1581,1508,1877,1683,1429,1517,1209,1855
2025-05-20 22:14:53.801,1555,1565,1525,1501,1959,1491,1622,1527,693,1679
2025-05-20 22:14:54.001,1612,1527,1499,1495,1911,1419,1605,1556,85,1567
2025-05-20 22:14:54.201,1580,1551,1471,1496,1581,1420,1576,1391,18,1530
2025-05-20 22:14:54.401,1455,1581,1452,1479,933,1352,1447,774,556,1529
2025-05-20 22:14:54.599,1291,1613,1444,1499,315,1326,1369,347,1256,1541
2025-05-20 22:14:54.799,1163,1575,1430,1455,419,1414,1490,541,1883,1579
2025-05-20 22:14:54.999,1213,1495,1495,1429,1176,1433,1509,991,2314,1575
2025-05-20 22:14:55.199,1385,1375,1492,1422,1614,1337,1527,1453,3123,1599
2025-05-20 22:14:55.399,1563,1461,1586,1449,1989,878,1547,1842,3211,1594
2025-05-20 22:14:55.599,1679,1433,1635,1479,2093,463,1619,2085,2412,1615
2025-05-20 22:14:55.799,1711,1493,1737,1494,2094,334,1627,2227,1787,1735
2025-05-20 22:14:55.999,1717,1577,1741,1500,1974,495,1655,2187,1577,1800
2025-05-20 22:14:56.200,1721,1607,1715,1509,1877,942,1483,2055,1495,1679
2025-05-20 22:14:56.400,1639,1611,1677,1517,1810,1509,1596,1886,1523,1493
2025-05-20 22:14:56.600,1557,1647,1561,1513,1948,2129,1490,1727,1605,1135
2025-05-20 22:14:56.800,1519,1631,1631,1505,1943,2581,1465,1641,1589,723
2025-05-20 22:14:56.999,1502,1675,1596,1500,1875,2653,1482,1499,1529,637
2025-05-20 22:14:57.200,1510,1685,1627,1495,1323,2315,1549,1453,1491,953
2025-05-20 22:14:57.400,1513,1645,1623,1487,670,2269,1400,1455,1395,1591
2025-05-20 22:14:57.600,1518,1691,1423,1484,327,2204,1507,1465,1311,1896
2025-05-20 22:14:57.800,1525,1669,1460,1483,583,2043,1611,1483,1151,1980
2025-05-20 22:14:57.999,1560,1631,1481,1470,1255,1819,1497,1543,543,1917
2025-05-20 22:14:58.200,1591,1642,1610,1445,1749,1645,1508,1389,7,1686
2025-05-20 22:14:58.400,1493,1639,1491,1427,2053,1369,1627,803,30,1577
2025-05-20 22:14:58.600,1307,1546,1543,1431,2059,1252,1566,375,665,1549
2025-05-20 22:14:58.800,1132,1468,1589,1452,2005,1271,1529,536,1383,1532
2025-05-20 22:14:58.999,1179,1499,1557,1483,1939,1257,1407,991,2027,1549
2025-05-20 22:14:59.201,1369,1518,1543,1496,1877,1255,1436,1439,2399,1593
2025-05-20 22:14:59.401,1572,1593,1432,1494,1860,1259,1451,1791,3143,1593
2025-05-20 22:14:59.601,1692,1531,1439,1510,1937,1197,1533,2067,3096,1597
2025-05-20 22:14:59.801,1727,1613,1524,1519,1925,828,1516,2197,2293,1591



